CodigoEstacion,NombreEstacion,Variable,Parametro,Fecha,Unidad,Valor,NivelAprobacion
24015120,ISLA DEL SANTUARIO [24015120],TEMPERATURA,Temperatura mínima media mensual,2000-03-01 00:00,degC,9.74408602150544,Preliminar
24015120,ISLA DEL SANTUARIO [24015120],TEMPERATURA,Temperatura mínima media mensual,2000-04-01 00:00,degC,10.1094444444445,Preliminar
24015120,ISLA DEL SANTUARIO [24015120],TEMPERATURA,Temperatura mínima media mensual,2000-05-01 00:00,degC,10.3583333333334,Preliminar
24015120,ISLA DEL SANTUARIO [24015120],TEMPERATURA,Temperatura mínima media mensual,2000-06-01 00:00,degC,9.92499999999996,Preliminar
24015120,ISLA DEL SANTUARIO [24015120],TEMPERATURA,Temperatura mínima media mensual,2000-07-01 00:00,degC,9.27500000000001,Preliminar
24015120,ISLA DEL SANTUARIO [24015120],TEMPERATURA,Temperatura mínima media mensual,2000-08-01 00:00,degC,9.0762096774193,Preliminar
24015120,ISLA DEL SANTUARIO [24015120],TEMPERATURA,Temperatura mínima media mensual,2000-09-01 00:00,degC,9.18721264367811,Preliminar
24015120,ISLA DEL SANTUARIO [24015120],TEMPERATURA,Temperatura mínima media mensual,2000-10-01 00:00,degC,9.70591397849458,Preliminar
24015120,ISLA DEL SANTUARIO [24015120],TEMPERATURA,Temperatura mínima media mensual,2000-11-01 00:00,degC,9.8256944444445,Preliminar
24015120,ISLA DEL SANTUARIO [24015120],TEMPERATURA,Temperatura mínima media mensual,2000-12-01 00:00,degC,8.70120967741933,Preliminar
24015120,ISLA DEL SANTUARIO [24015120],TEMPERATURA,Temperatura mínima media mensual,2001-01-01 00:00,degC,7.00138888888897,Preliminar
24015120,ISLA DEL SANTUARIO [24015120],TEMPERATURA,Temperatura mínima media mensual,2001-02-01 00:00,degC,8.61018518518517,Preliminar
24015120,ISLA DEL SANTUARIO [24015120],TEMPERATURA,Temperatura mínima media mensual,2001-03-01 00:00,degC,9.53360215053765,Preliminar
24015120,ISLA DEL SANTUARIO [24015120],TEMPERATURA,Temperatura mínima media mensual,2001-04-01 00:00,degC,9.66135057471262,Preliminar
24015120,ISLA DEL SANTUARIO [24015120],TEMPERATURA,Temperatura mínima media mensual,2001-05-01 00:00,degC,10.167876344086,Preliminar
24015120,ISLA DEL SANTUARIO [24015120],TEMPERATURA,Temperatura mínima media mensual,2001-06-01 00:00,degC,9.61972222222217,Preliminar
24015120,ISLA DEL SANTUARIO [24015120],TEMPERATURA,Temperatura mínima media mensual,2001-07-01 00:00,degC,8.79153225806449,Preliminar
24015120,ISLA DEL SANTUARIO [24015120],TEMPERATURA,Temperatura mínima media mensual,2001-08-01 00:00,degC,9.39958333333343,Preliminar
24015120,ISLA DEL SANTUARIO [24015120],TEMPERATURA,Temperatura mínima media mensual,2001-09-01 00:00,degC,9.10876436781607,Preliminar
24015120,ISLA DEL SANTUARIO [24015120],TEMPERATURA,Temperatura mínima media mensual,2001-10-01 00:00,degC,9.6569892473118,Preliminar
24015120,ISLA DEL SANTUARIO [24015120],TEMPERATURA,Temperatura mínima media mensual,2001-11-01 00:00,degC,9.22638888888888,Preliminar
24015120,ISLA DEL SANTUARIO [24015120],TEMPERATURA,Temperatura mínima media mensual,2001-12-01 00:00,degC,10.2849462365591,Preliminar
24015120,ISLA DEL SANTUARIO [24015120],TEMPERATURA,Temperatura mínima media mensual,2002-01-01 00:00,degC,8.79111111111105,Preliminar
24015120,ISLA DEL SANTUARIO [24015120],TEMPERATURA,Temperatura mínima media mensual,2002-02-01 00:00,degC,8.84567901234565,Preliminar
24015120,ISLA DEL SANTUARIO [24015120],TEMPERATURA,Temperatura mínima media mensual,2002-03-01 00:00,degC,9.61430555555556,Preliminar
24015120,ISLA DEL SANTUARIO [24015120],TEMPERATURA,Temperatura mínima media mensual,2002-04-01 00:00,degC,10.2373611111111,Preliminar
24015120,ISLA DEL SANTUARIO [24015120],TEMPERATURA,Temperatura mínima media mensual,2002-05-01 00:00,degC,10.7599462365592,Preliminar
24015120,ISLA DEL SANTUARIO [24015120],TEMPERATURA,Temperatura mínima media mensual,2002-06-01 00:00,degC,10.5802777777777,Preliminar
24015120,ISLA DEL SANTUARIO [24015120],TEMPERATURA,Temperatura mínima media mensual,2002-07-01 00:00,degC,9.93991935483871,Preliminar
24015120,ISLA DEL SANTUARIO [24015120],TEMPERATURA,Temperatura mínima media mensual,2002-08-01 00:00,degC,9.62338709677425,Preliminar
24015120,ISLA DEL SANTUARIO [24015120],TEMPERATURA,Temperatura mínima media mensual,2002-09-01 00:00,degC,9.17194444444449,Preliminar
24015120,ISLA DEL SANTUARIO [24015120],TEMPERATURA,Temperatura mínima media mensual,2002-10-01 00:00,degC,9.59220430107525,Preliminar
24015120,ISLA DEL SANTUARIO [24015120],TEMPERATURA,Temperatura mínima media mensual,2002-11-01 00:00,degC,9.26000000000006,Preliminar
24015120,ISLA DEL SANTUARIO [24015120],TEMPERATURA,Temperatura mínima media mensual,2002-12-01 00:00,degC,9.15645161290323,Preliminar
24015120,ISLA DEL SANTUARIO [24015120],TEMPERATURA,Temperatura mínima media mensual,2003-01-01 00:00,degC,7.72319444444446,Preliminar
24015120,ISLA DEL SANTUARIO [24015120],TEMPERATURA,Temperatura mínima media mensual,2003-02-01 00:00,degC,9.67946428571426,Preliminar
24015120,ISLA DEL SANTUARIO [24015120],TEMPERATURA,Temperatura mínima media mensual,2003-03-01 00:00,degC,9.30777777777777,Preliminar
24015120,ISLA DEL SANTUARIO [24015120],TEMPERATURA,Temperatura mínima media mensual,2003-04-01 00:00,degC,10.3495833333333,Preliminar
24015120,ISLA DEL SANTUARIO [24015120],TEMPERATURA,Temperatura mínima media mensual,2003-05-01 00:00,degC,10.488306451613,Preliminar
24015120,ISLA DEL SANTUARIO [24015120],TEMPERATURA,Temperatura mínima media mensual,2003-06-01 00:00,degC,9.49194444444452,Preliminar
24015120,ISLA DEL SANTUARIO [24015120],TEMPERATURA,Temperatura mínima media mensual,2003-07-01 00:00,degC,9.79879032258058,Preliminar
24015120,ISLA DEL SANTUARIO [24015120],TEMPERATURA,Temperatura mínima media mensual,2003-08-01 00:00,degC,9.54139784946237,Preliminar
24015120,ISLA DEL SANTUARIO [24015120],TEMPERATURA,Temperatura mínima media mensual,2003-09-01 00:00,degC,9.142816091954,Preliminar
24015120,ISLA DEL SANTUARIO [24015120],TEMPERATURA,Temperatura mínima media mensual,2003-10-01 00:00,degC,9.96720430107527,Preliminar
24015120,ISLA DEL SANTUARIO [24015120],TEMPERATURA,Temperatura mínima media mensual,2003-11-01 00:00,degC,10.067816091954,Preliminar
24015120,ISLA DEL SANTUARIO [24015120],TEMPERATURA,Temperatura mínima media mensual,2003-12-01 00:00,degC,9.60013888888896,Preliminar
24015120,ISLA DEL SANTUARIO [24015120],TEMPERATURA,Temperatura mínima media mensual,2004-01-01 00:00,degC,8.71639784946254,Preliminar
24015120,ISLA DEL SANTUARIO [24015120],TEMPERATURA,Temperatura mínima media mensual,2004-02-01 00:00,degC,8.20654761904748,Preliminar
24015120,ISLA DEL SANTUARIO [24015120],TEMPERATURA,Temperatura mínima media mensual,2004-03-01 00:00,degC,9.63972222222219,Preliminar
24015120,ISLA DEL SANTUARIO [24015120],TEMPERATURA,Temperatura mínima media mensual,2004-04-01 00:00,degC,10.2787499999999,Preliminar
24015120,ISLA DEL SANTUARIO [24015120],TEMPERATURA,Temperatura mínima media mensual,2004-05-01 00:00,degC,11.1088709677419,Preliminar
24015120,ISLA DEL SANTUARIO [24015120],TEMPERATURA,Temperatura mínima media mensual,2004-06-01 00:00,degC,10.162638888889,Preliminar
24015120,ISLA DEL SANTUARIO [24015120],TEMPERATURA,Temperatura mínima media mensual,2004-07-01 00:00,degC,9.24704301075266,Preliminar
24015120,ISLA DEL SANTUARIO [24015120],TEMPERATURA,Temperatura mínima media mensual,2005-01-01 00:00,degC,8.91750339213031,Preliminar
24015120,ISLA DEL SANTUARIO [24015120],TEMPERATURA,Temperatura mínima media mensual,2005-02-01 00:00,degC,9.57544642857131,Preliminar
24015120,ISLA DEL SANTUARIO [24015120],TEMPERATURA,Temperatura mínima media mensual,2005-03-01 00:00,degC,9.81680107526885,Preliminar
24015120,ISLA DEL SANTUARIO [24015120],TEMPERATURA,Temperatura mínima media mensual,2005-04-01 00:00,degC,10.9381944444445,Preliminar
24015120,ISLA DEL SANTUARIO [24015120],TEMPERATURA,Temperatura mínima media mensual,2005-05-01 00:00,degC,10.6829022988505,Preliminar
24015120,ISLA DEL SANTUARIO [24015120],TEMPERATURA,Temperatura mínima media mensual,2005-06-01 00:00,degC,10.2626436781609,Preliminar
24015120,ISLA DEL SANTUARIO [24015120],TEMPERATURA,Temperatura mínima media mensual,2005-07-01 00:00,degC,9.53766666666664,Preliminar
24015120,ISLA DEL SANTUARIO [24015120],TEMPERATURA,Temperatura mínima media mensual,2005-08-01 00:00,degC,8.99455128205146,Preliminar
24015120,ISLA DEL SANTUARIO [24015120],TEMPERATURA,Temperatura mínima media mensual,2005-09-01 00:00,degC,7.88902777777779,Preliminar
24015120,ISLA DEL SANTUARIO [24015120],TEMPERATURA,Temperatura mínima media mensual,2005-10-01 00:00,degC,7.94874999999996,Preliminar
24015120,ISLA DEL SANTUARIO [24015120],TEMPERATURA,Temperatura mínima media mensual,2005-11-01 00:00,degC,9.01982758620692,Preliminar
24015120,ISLA DEL SANTUARIO [24015120],TEMPERATURA,Temperatura mínima media mensual,2005-12-01 00:00,degC,8.4184523809524,Preliminar
24015120,ISLA DEL SANTUARIO [24015120],TEMPERATURA,Temperatura mínima media mensual,2006-01-01 00:00,degC,9.189484126984,Preliminar
24015120,ISLA DEL SANTUARIO [24015120],TEMPERATURA,Temperatura mínima media mensual,2006-02-01 00:00,degC,8.76826923076924,Preliminar
24015120,ISLA DEL SANTUARIO [24015120],TEMPERATURA,Temperatura mínima media mensual,2006-03-01 00:00,degC,8.09722222222213,Preliminar
24015120,ISLA DEL SANTUARIO [24015120],TEMPERATURA,Temperatura mínima media mensual,2006-04-01 00:00,degC,10.3569444444444,Preliminar
24015120,ISLA DEL SANTUARIO [24015120],TEMPERATURA,Temperatura mínima media mensual,2006-05-01 00:00,degC,11.1389784946236,Preliminar
24015120,ISLA DEL SANTUARIO [24015120],TEMPERATURA,Temperatura mínima media mensual,2006-06-01 00:00,degC,11.1655172413793,Preliminar
24015120,ISLA DEL SANTUARIO [24015120],TEMPERATURA,Temperatura mínima media mensual,2006-07-01 00:00,degC,9.89194444444454,Preliminar
24015120,ISLA DEL SANTUARIO [24015120],TEMPERATURA,Temperatura mínima media mensual,2006-08-01 00:00,degC,9.34690860215059,Preliminar
24015120,ISLA DEL SANTUARIO [24015120],TEMPERATURA,Temperatura mínima media mensual,2006-09-01 00:00,degC,8.18017241379299,Preliminar
24015120,ISLA DEL SANTUARIO [24015120],TEMPERATURA,Temperatura mínima media mensual,2006-10-01 00:00,degC,9.66666666666659,Preliminar
24015120,ISLA DEL SANTUARIO [24015120],TEMPERATURA,Temperatura mínima media mensual,2006-11-01 00:00,degC,9.82341269841269,Preliminar
24015120,ISLA DEL SANTUARIO [24015120],TEMPERATURA,Temperatura mínima media mensual,2007-01-01 00:00,degC,8.67354138398924,Preliminar
24015120,ISLA DEL SANTUARIO [24015120],TEMPERATURA,Temperatura mínima media mensual,2007-02-01 00:00,degC,6.82336309523811,Preliminar
24015120,ISLA DEL SANTUARIO [24015120],TEMPERATURA,Temperatura mínima media mensual,2007-03-01 00:00,degC,9.55777777777774,Preliminar
24015120,ISLA DEL SANTUARIO [24015120],TEMPERATURA,Temperatura mínima media mensual,2007-04-01 00:00,degC,10.2027777777778,Preliminar
24015120,ISLA DEL SANTUARIO [24015120],TEMPERATURA,Temperatura mínima media mensual,2007-05-01 00:00,degC,10.259811827957,Preliminar
24015120,ISLA DEL SANTUARIO [24015120],TEMPERATURA,Temperatura mínima media mensual,2007-06-01 00:00,degC,9.81388888888884,Preliminar
24015120,ISLA DEL SANTUARIO [24015120],TEMPERATURA,Temperatura mínima media mensual,2007-07-01 00:00,degC,9.29569892473127,Preliminar
24015120,ISLA DEL SANTUARIO [24015120],TEMPERATURA,Temperatura mínima media mensual,2007-08-01 00:00,degC,8.99731182795699,Preliminar
24015120,ISLA DEL SANTUARIO [24015120],TEMPERATURA,Temperatura mínima media mensual,2007-09-01 00:00,degC,9.16666666666667,Preliminar
24015120,ISLA DEL SANTUARIO [24015120],TEMPERATURA,Temperatura mínima media mensual,2007-10-01 00:00,degC,9.88911290322578,Preliminar
24015120,ISLA DEL SANTUARIO [24015120],TEMPERATURA,Temperatura mínima media mensual,2007-11-01 00:00,degC,9.1958333333334,Preliminar
24015120,ISLA DEL SANTUARIO [24015120],TEMPERATURA,Temperatura mínima media mensual,2007-12-01 00:00,degC,8.97150537634406,Preliminar
24015120,ISLA DEL SANTUARIO [24015120],TEMPERATURA,Temperatura mínima media mensual,2008-01-01 00:00,degC,7.80443548387096,Preliminar
24015120,ISLA DEL SANTUARIO [24015120],TEMPERATURA,Temperatura mínima media mensual,2008-02-01 00:00,degC,8.38649425287354,Preliminar
24015120,ISLA DEL SANTUARIO [24015120],TEMPERATURA,Temperatura mínima media mensual,2008-03-01 00:00,degC,8.44422043010741,Preliminar
24015120,ISLA DEL SANTUARIO [24015120],TEMPERATURA,Temperatura mínima media mensual,2008-04-01 00:00,degC,9.52708333333343,Preliminar
24015120,ISLA DEL SANTUARIO [24015120],TEMPERATURA,Temperatura mínima media mensual,2008-05-01 00:00,degC,10.1902777777779,Preliminar
24015120,ISLA DEL SANTUARIO [24015120],TEMPERATURA,Temperatura mínima media mensual,2008-06-01 00:00,degC,9.15208333333332,Preliminar
24015120,ISLA DEL SANTUARIO [24015120],TEMPERATURA,Temperatura mínima media mensual,2008-07-01 00:00,degC,8.71236559139789,Preliminar
24015120,ISLA DEL SANTUARIO [24015120],TEMPERATURA,Temperatura mínima media mensual,2008-08-01 00:00,degC,8.4666666666667,Preliminar
24015120,ISLA DEL SANTUARIO [24015120],TEMPERATURA,Temperatura mínima media mensual,2008-09-01 00:00,degC,8.09305555555562,Preliminar
24015120,ISLA DEL SANTUARIO [24015120],TEMPERATURA,Temperatura mínima media mensual,2008-10-01 00:00,degC,8.67638888888901,Preliminar
24015120,ISLA DEL SANTUARIO [24015120],TEMPERATURA,Temperatura mínima media mensual,2008-11-01 00:00,degC,9.95597222222226,Preliminar
24015120,ISLA DEL SANTUARIO [24015120],TEMPERATURA,Temperatura mínima media mensual,2008-12-01 00:00,degC,8.30174731182791,Preliminar
24015120,ISLA DEL SANTUARIO [24015120],TEMPERATURA,Temperatura mínima media mensual,2009-01-01 00:00,degC,8.13844086021504,Preliminar
24015120,ISLA DEL SANTUARIO [24015120],TEMPERATURA,Temperatura mínima media mensual,2009-02-01 00:00,degC,7.32738095238107,Preliminar
24015120,ISLA DEL SANTUARIO [24015120],TEMPERATURA,Temperatura mínima media mensual,2009-03-01 00:00,degC,8.10900537634409,Preliminar
24015120,ISLA DEL SANTUARIO [24015120],TEMPERATURA,Temperatura mínima media mensual,2009-04-01 00:00,degC,7.7138888888888,Preliminar
24015120,ISLA DEL SANTUARIO [24015120],TEMPERATURA,Temperatura mínima media mensual,2009-05-01 00:00,degC,7.47043010752686,Preliminar
24015120,ISLA DEL SANTUARIO [24015120],TEMPERATURA,Temperatura mínima media mensual,2009-06-01 00:00,degC,8.96513888888891,Preliminar
24015120,ISLA DEL SANTUARIO [24015120],TEMPERATURA,Temperatura mínima media mensual,2009-07-01 00:00,degC,9.06388888888883,Preliminar
24015120,ISLA DEL SANTUARIO [24015120],TEMPERATURA,Temperatura mínima media mensual,2009-08-01 00:00,degC,10.0610215053764,Preliminar
24015120,ISLA DEL SANTUARIO [24015120],TEMPERATURA,Temperatura mínima media mensual,2009-09-01 00:00,degC,8.60458333333336,Preliminar
24015120,ISLA DEL SANTUARIO [24015120],TEMPERATURA,Temperatura mínima media mensual,2010-01-01 00:00,degC,6.91921458625526,Preliminar
24015120,ISLA DEL SANTUARIO [24015120],TEMPERATURA,Temperatura mínima media mensual,2010-02-01 00:00,degC,9.53626543209872,Preliminar
24015120,ISLA DEL SANTUARIO [24015120],TEMPERATURA,Temperatura mínima media mensual,2010-03-01 00:00,degC,9.56451612903222,Preliminar
24015120,ISLA DEL SANTUARIO [24015120],TEMPERATURA,Temperatura mínima media mensual,2010-04-01 00:00,degC,10.9848611111111,Preliminar
24015120,ISLA DEL SANTUARIO [24015120],TEMPERATURA,Temperatura mínima media mensual,2010-05-01 00:00,degC,11.1278225806451,Preliminar
24015120,ISLA DEL SANTUARIO [24015120],TEMPERATURA,Temperatura mínima media mensual,2010-06-01 00:00,degC,10.0007183908047,Preliminar
24015120,ISLA DEL SANTUARIO [24015120],TEMPERATURA,Temperatura mínima media mensual,2010-07-01 00:00,degC,9.71370967741931,Preliminar
24015120,ISLA DEL SANTUARIO [24015120],TEMPERATURA,Temperatura mínima media mensual,2010-08-01 00:00,degC,9.1915322580645,Preliminar
24015120,ISLA DEL SANTUARIO [24015120],TEMPERATURA,Temperatura mínima media mensual,2010-09-01 00:00,degC,9.32152777777779,Preliminar
24015120,ISLA DEL SANTUARIO [24015120],TEMPERATURA,Temperatura mínima media mensual,2010-10-01 00:00,degC,9.52284946236557,Preliminar
24015120,ISLA DEL SANTUARIO [24015120],TEMPERATURA,Temperatura mínima media mensual,2010-11-01 00:00,degC,10.1884722222222,Preliminar
24015120,ISLA DEL SANTUARIO [24015120],TEMPERATURA,Temperatura mínima media mensual,2010-12-01 00:00,degC,9.18333333333336,Preliminar
24015120,ISLA DEL SANTUARIO [24015120],TEMPERATURA,Temperatura mínima media mensual,2011-01-01 00:00,degC,7.34166666666666,Preliminar
24015120,ISLA DEL SANTUARIO [24015120],TEMPERATURA,Temperatura mínima media mensual,2011-02-01 00:00,degC,8.636755952381,Preliminar
24015120,ISLA DEL SANTUARIO [24015120],TEMPERATURA,Temperatura mínima media mensual,2011-03-01 00:00,degC,9.29341397849458,Preliminar
24015120,ISLA DEL SANTUARIO [24015120],TEMPERATURA,Temperatura mínima media mensual,2011-04-01 00:00,degC,10.2433333333333,Preliminar
24015120,ISLA DEL SANTUARIO [24015120],TEMPERATURA,Temperatura mínima media mensual,2011-05-01 00:00,degC,11.0020161290322,Preliminar
24015120,ISLA DEL SANTUARIO [24015120],TEMPERATURA,Temperatura mínima media mensual,2011-06-01 00:00,degC,10.7163888888889,Preliminar
24015120,ISLA DEL SANTUARIO [24015120],TEMPERATURA,Temperatura mínima media mensual,2011-07-01 00:00,degC,9.46223118279574,Preliminar
24015120,ISLA DEL SANTUARIO [24015120],TEMPERATURA,Temperatura mínima media mensual,2011-08-01 00:00,degC,8.50431034482746,Preliminar
24015120,ISLA DEL SANTUARIO [24015120],TEMPERATURA,Temperatura mínima media mensual,2011-09-01 00:00,degC,8.20416666666668,Preliminar
24015120,ISLA DEL SANTUARIO [24015120],TEMPERATURA,Temperatura mínima media mensual,2011-10-01 00:00,degC,8.81384408602163,Preliminar
24015120,ISLA DEL SANTUARIO [24015120],TEMPERATURA,Temperatura mínima media mensual,2011-11-01 00:00,degC,9.72986111111106,Preliminar
24015120,ISLA DEL SANTUARIO [24015120],TEMPERATURA,Temperatura mínima media mensual,2011-12-01 00:00,degC,9.8413978494624,Preliminar
24015120,ISLA DEL SANTUARIO [24015120],TEMPERATURA,Temperatura mínima media mensual,2012-01-01 00:00,degC,8.88978494623663,Preliminar
24015120,ISLA DEL SANTUARIO [24015120],TEMPERATURA,Temperatura mínima media mensual,2012-02-01 00:00,degC,7.73347701149418,Preliminar
24015120,ISLA DEL SANTUARIO [24015120],TEMPERATURA,Temperatura mínima media mensual,2012-03-01 00:00,degC,9.63104838709672,Preliminar
24015120,ISLA DEL SANTUARIO [24015120],TEMPERATURA,Temperatura mínima media mensual,2012-04-01 00:00,degC,9.55972222222221,Preliminar
24015120,ISLA DEL SANTUARIO [24015120],TEMPERATURA,Temperatura mínima media mensual,2012-05-01 00:00,degC,10.2518817204301,Preliminar
24015120,ISLA DEL SANTUARIO [24015120],TEMPERATURA,Temperatura mínima media mensual,2012-06-01 00:00,degC,9.45763888888893,Preliminar
24015120,ISLA DEL SANTUARIO [24015120],TEMPERATURA,Temperatura mínima media mensual,2012-07-01 00:00,degC,9.58736559139785,Preliminar
24015120,ISLA DEL SANTUARIO [24015120],TEMPERATURA,Temperatura mínima media mensual,2012-08-01 00:00,degC,9.27069892473121,Preliminar
24015120,ISLA DEL SANTUARIO [24015120],TEMPERATURA,Temperatura mínima media mensual,2012-09-01 00:00,degC,8.34236111111101,Preliminar
24015120,ISLA DEL SANTUARIO [24015120],TEMPERATURA,Temperatura mínima media mensual,2012-10-01 00:00,degC,9.00833333333344,Preliminar
24015120,ISLA DEL SANTUARIO [24015120],TEMPERATURA,Temperatura mínima media mensual,2012-11-01 00:00,degC,8.8013888888888,Preliminar
24015120,ISLA DEL SANTUARIO [24015120],TEMPERATURA,Temperatura mínima media mensual,2012-12-01 00:00,degC,7.80309139784958,Preliminar
24015120,ISLA DEL SANTUARIO [24015120],TEMPERATURA,Temperatura mínima media mensual,2013-01-01 00:00,degC,6.81875000000003,Preliminar
24015120,ISLA DEL SANTUARIO [24015120],TEMPERATURA,Temperatura mínima media mensual,2013-02-01 00:00,degC,9.36904761904759,Preliminar
24015120,ISLA DEL SANTUARIO [24015120],TEMPERATURA,Temperatura mínima media mensual,2013-03-01 00:00,degC,9.58936781609198,Preliminar
24015120,ISLA DEL SANTUARIO [24015120],TEMPERATURA,Temperatura mínima media mensual,2013-04-01 00:00,degC,9.84008620689653,Preliminar
24015120,ISLA DEL SANTUARIO [24015120],TEMPERATURA,Temperatura mínima media mensual,2013-05-01 00:00,degC,10.6461021505376,Preliminar
24015120,ISLA DEL SANTUARIO [24015120],TEMPERATURA,Temperatura mínima media mensual,2013-06-01 00:00,degC,9.54527777777775,Preliminar
24015120,ISLA DEL SANTUARIO [24015120],TEMPERATURA,Temperatura mínima media mensual,2013-07-01 00:00,degC,8.7287634408602,Preliminar
24015120,ISLA DEL SANTUARIO [24015120],TEMPERATURA,Temperatura mínima media mensual,2013-08-01 00:00,degC,9.51774193548384,Preliminar
24015120,ISLA DEL SANTUARIO [24015120],TEMPERATURA,Temperatura mínima media mensual,2013-09-01 00:00,degC,9.38472222222218,Preliminar
24015120,ISLA DEL SANTUARIO [24015120],TEMPERATURA,Temperatura mínima media mensual,2014-01-01 00:00,degC,8.70407055630934,Preliminar
24015120,ISLA DEL SANTUARIO [24015120],TEMPERATURA,Temperatura mínima media mensual,2014-02-01 00:00,degC,9.26145833333328,Preliminar
24015120,ISLA DEL SANTUARIO [24015120],TEMPERATURA,Temperatura mínima media mensual,2014-03-01 00:00,degC,9.71908602150547,Preliminar
24015120,ISLA DEL SANTUARIO [24015120],TEMPERATURA,Temperatura mínima media mensual,2014-04-01 00:00,degC,9.56430555555556,Preliminar
24015120,ISLA DEL SANTUARIO [24015120],TEMPERATURA,Temperatura mínima media mensual,2014-05-01 00:00,degC,9.8637096774193,Preliminar
24015120,ISLA DEL SANTUARIO [24015120],TEMPERATURA,Temperatura mínima media mensual,2014-06-01 00:00,degC,9.78347222222228,Preliminar
24015120,ISLA DEL SANTUARIO [24015120],TEMPERATURA,Temperatura mínima media mensual,2014-07-01 00:00,degC,9.61814516129032,Preliminar
24015120,ISLA DEL SANTUARIO [24015120],TEMPERATURA,Temperatura mínima media mensual,2014-08-01 00:00,degC,8.8275537634409,Preliminar
24015120,ISLA DEL SANTUARIO [24015120],TEMPERATURA,Temperatura mínima media mensual,2014-09-01 00:00,degC,8.57500000000008,Preliminar
24015120,ISLA DEL SANTUARIO [24015120],TEMPERATURA,Temperatura mínima media mensual,2014-10-01 00:00,degC,9.84865591397849,Preliminar
24015120,ISLA DEL SANTUARIO [24015120],TEMPERATURA,Temperatura mínima media mensual,2014-11-01 00:00,degC,9.65499999999994,Preliminar
24015120,ISLA DEL SANTUARIO [24015120],TEMPERATURA,Temperatura mínima media mensual,2014-12-01 00:00,degC,9.04798387096785,Preliminar
24015120,ISLA DEL SANTUARIO [24015120],TEMPERATURA,Temperatura mínima media mensual,2015-01-01 00:00,degC,7.72325268817214,Preliminar
24015120,ISLA DEL SANTUARIO [24015120],TEMPERATURA,Temperatura mínima media mensual,2015-02-01 00:00,degC,8.90624999999999,Preliminar
24015120,ISLA DEL SANTUARIO [24015120],TEMPERATURA,Temperatura mínima media mensual,2015-03-01 00:00,degC,9.68279569892472,Preliminar
24015120,ISLA DEL SANTUARIO [24015120],TEMPERATURA,Temperatura mínima media mensual,2015-04-01 00:00,degC,10.3794444444445,Preliminar
24015120,ISLA DEL SANTUARIO [24015120],TEMPERATURA,Temperatura mínima media mensual,2015-05-01 00:00,degC,9.86854838709682,Preliminar
24015120,ISLA DEL SANTUARIO [24015120],TEMPERATURA,Temperatura mínima media mensual,2015-06-01 00:00,degC,10.1516666666669,Preliminar
24015120,ISLA DEL SANTUARIO [24015120],TEMPERATURA,Temperatura mínima media mensual,2015-07-01 00:00,degC,9.61451612903221,Preliminar
24015120,ISLA DEL SANTUARIO [24015120],TEMPERATURA,Temperatura mínima media mensual,2015-08-01 00:00,degC,10.0111559139785,Preliminar
24015120,ISLA DEL SANTUARIO [24015120],TEMPERATURA,Temperatura mínima media mensual,2015-09-01 00:00,degC,8.78291666666661,Preliminar
24015120,ISLA DEL SANTUARIO [24015120],TEMPERATURA,Temperatura mínima media mensual,2015-10-01 00:00,degC,9.33655913978503,Preliminar
24015120,ISLA DEL SANTUARIO [24015120],TEMPERATURA,Temperatura mínima media mensual,2015-11-01 00:00,degC,10.2695833333333,Preliminar
24015120,ISLA DEL SANTUARIO [24015120],TEMPERATURA,Temperatura mínima media mensual,2015-12-01 00:00,degC,7.74193548387083,Preliminar
24015120,ISLA DEL SANTUARIO [24015120],TEMPERATURA,Temperatura mínima media mensual,2016-01-01 00:00,degC,7.85486111111108,Preliminar
24015120,ISLA DEL SANTUARIO [24015120],TEMPERATURA,Temperatura mínima media mensual,2016-02-01 00:00,degC,9.39568965517247,Preliminar
24015120,ISLA DEL SANTUARIO [24015120],TEMPERATURA,Temperatura mínima media mensual,2016-03-01 00:00,degC,9.8767473118279,Preliminar
24015120,ISLA DEL SANTUARIO [24015120],TEMPERATURA,Temperatura mínima media mensual,2016-04-01 00:00,degC,10.9595833333333,Preliminar
24015120,ISLA DEL SANTUARIO [24015120],TEMPERATURA,Temperatura mínima media mensual,2016-05-01 00:00,degC,10.5997311827957,Preliminar
24015120,ISLA DEL SANTUARIO [24015120],TEMPERATURA,Temperatura mínima media mensual,2016-06-01 00:00,degC,9.43138888888885,Preliminar
24015120,ISLA DEL SANTUARIO [24015120],TEMPERATURA,Temperatura mínima media mensual,2016-07-01 00:00,degC,9.30026881720431,Preliminar
24015120,ISLA DEL SANTUARIO [24015120],TEMPERATURA,Temperatura mínima media mensual,2016-08-01 00:00,degC,8.96333333333333,Preliminar
24015120,ISLA DEL SANTUARIO [24015120],TEMPERATURA,Temperatura mínima media mensual,2016-09-01 00:00,degC,8.45972222222215,Preliminar
24015120,ISLA DEL SANTUARIO [24015120],TEMPERATURA,Temperatura mínima media mensual,2016-10-01 00:00,degC,9.30174731182808,Preliminar
24015120,ISLA DEL SANTUARIO [24015120],TEMPERATURA,Temperatura mínima media mensual,2016-11-01 00:00,degC,9.94347222222221,Preliminar
24015120,ISLA DEL SANTUARIO [24015120],TEMPERATURA,Temperatura mínima media mensual,2016-12-01 00:00,degC,9.22620967741931,Preliminar
24015120,ISLA DEL SANTUARIO [24015120],TEMPERATURA,Temperatura mínima media mensual,2017-03-01 00:00,degC,10.012211668928,Preliminar
24015120,ISLA DEL SANTUARIO [24015120],TEMPERATURA,Temperatura mínima media mensual,2017-04-01 00:00,degC,9.8729166666666,Preliminar
24015120,ISLA DEL SANTUARIO [24015120],TEMPERATURA,Temperatura mínima media mensual,2017-05-01 00:00,degC,10.1961021505376,Preliminar
24015120,ISLA DEL SANTUARIO [24015120],TEMPERATURA,Temperatura mínima media mensual,2017-06-01 00:00,degC,9.89666666666666,Preliminar
24015120,ISLA DEL SANTUARIO [24015120],TEMPERATURA,Temperatura mínima media mensual,2017-07-01 00:00,degC,9.47231182795696,Preliminar
24015120,ISLA DEL SANTUARIO [24015120],TEMPERATURA,Temperatura mínima media mensual,2017-08-01 00:00,degC,8.8061827956989,Preliminar
24015120,ISLA DEL SANTUARIO [24015120],TEMPERATURA,Temperatura mínima media mensual,2017-09-01 00:00,degC,8.20930555555547,Preliminar
24015120,ISLA DEL SANTUARIO [24015120],TEMPERATURA,Temperatura mínima media mensual,2017-10-01 00:00,degC,8.80236111111104,Preliminar
24015120,ISLA DEL SANTUARIO [24015120],TEMPERATURA,Temperatura mínima media mensual,2017-11-01 00:00,degC,9.26013888888896,Preliminar
24015120,ISLA DEL SANTUARIO [24015120],TEMPERATURA,Temperatura mínima media mensual,2017-12-01 00:00,degC,7.74958333333326,Preliminar
24015120,ISLA DEL SANTUARIO [24015120],TEMPERATURA,Temperatura mínima media mensual,2018-01-01 00:00,degC,7.50913978494623,Preliminar
24015120,ISLA DEL SANTUARIO [24015120],TEMPERATURA,Temperatura mínima media mensual,2018-02-01 00:00,degC,6.98303571428566,Preliminar
24015120,ISLA DEL SANTUARIO [24015120],TEMPERATURA,Temperatura mínima media mensual,2018-03-01 00:00,degC,7.97051282051274,Preliminar
24015120,ISLA DEL SANTUARIO [24015120],TEMPERATURA,Temperatura mínima media mensual,2018-04-01 00:00,degC,9.09666666666664,Preliminar
24015120,ISLA DEL SANTUARIO [24015120],TEMPERATURA,Temperatura mínima media mensual,2018-05-01 00:00,degC,8.65888888888881,Preliminar
24015120,ISLA DEL SANTUARIO [24015120],TEMPERATURA,Temperatura mínima media mensual,2018-06-01 00:00,degC,8.96250000000014,Preliminar
24015120,ISLA DEL SANTUARIO [24015120],TEMPERATURA,Temperatura mínima media mensual,2018-07-01 00:00,degC,8.5301075268817,Preliminar
24015120,ISLA DEL SANTUARIO [24015120],TEMPERATURA,Temperatura mínima media mensual,2018-08-01 00:00,degC,9.71727416798732,Preliminar
24015120,ISLA DEL SANTUARIO [24015120],TEMPERATURA,Temperatura mínima media mensual,2018-09-01 00:00,degC,10.0897615708276,Preliminar
24015120,ISLA DEL SANTUARIO [24015120],TEMPERATURA,Temperatura mínima media mensual,2018-10-01 00:00,degC,9.94354838709688,Preliminar
24015120,ISLA DEL SANTUARIO [24015120],TEMPERATURA,Temperatura mínima media mensual,2018-11-01 00:00,degC,10.3619444444444,Preliminar
24015120,ISLA DEL SANTUARIO [24015120],TEMPERATURA,Temperatura mínima media mensual,2018-12-01 00:00,degC,7.56989247311836,Preliminar
24015120,ISLA DEL SANTUARIO [24015120],TEMPERATURA,Temperatura mínima media mensual,2019-01-01 00:00,degC,7.90241935483865,Preliminar
24015120,ISLA DEL SANTUARIO [24015120],TEMPERATURA,Temperatura mínima media mensual,2019-02-01 00:00,degC,9.14077380952378,Preliminar
24015120,ISLA DEL SANTUARIO [24015120],TEMPERATURA,Temperatura mínima media mensual,2019-03-01 00:00,degC,10.5518817204301,Preliminar
24015120,ISLA DEL SANTUARIO [24015120],TEMPERATURA,Temperatura mínima media mensual,2019-04-01 00:00,degC,10.988888888889,Preliminar
24015120,ISLA DEL SANTUARIO [24015120],TEMPERATURA,Temperatura mínima media mensual,2019-05-01 00:00,degC,10.3822580645161,Preliminar
24015120,ISLA DEL SANTUARIO [24015120],TEMPERATURA,Temperatura mínima media mensual,2019-06-01 00:00,degC,10.6650000000001,Preliminar
24015120,ISLA DEL SANTUARIO [24015120],TEMPERATURA,Temperatura mínima media mensual,2019-07-01 00:00,degC,9.46344086021504,Preliminar
24015120,ISLA DEL SANTUARIO [24015120],TEMPERATURA,Temperatura mínima media mensual,2019-08-01 00:00,degC,9.36722222222231,Preliminar
24015120,ISLA DEL SANTUARIO [24015120],TEMPERATURA,Temperatura mínima media mensual,2019-09-01 00:00,degC,9.48527777777778,Preliminar
24015120,ISLA DEL SANTUARIO [24015120],TEMPERATURA,Temperatura mínima media mensual,2019-10-01 00:00,degC,8.81801075268825,Preliminar
24015120,ISLA DEL SANTUARIO [24015120],TEMPERATURA,Temperatura mínima media mensual,2019-11-01 00:00,degC,10.3447222222222,Preliminar
24015120,ISLA DEL SANTUARIO [24015120],TEMPERATURA,Temperatura mínima media mensual,2019-12-01 00:00,degC,9.45430107526872,Preliminar
24015120,ISLA DEL SANTUARIO [24015120],TEMPERATURA,Temperatura mínima media mensual,2020-01-01 00:00,degC,8.6698924731183,Preliminar
24015120,ISLA DEL SANTUARIO [24015120],TEMPERATURA,Temperatura mínima media mensual,2020-02-01 00:00,degC,7.86954022988506,Preliminar
24015120,ISLA DEL SANTUARIO [24015120],TEMPERATURA,Temperatura mínima media mensual,2020-03-01 00:00,degC,9.51559139784942,Preliminar
24015120,ISLA DEL SANTUARIO [24015120],TEMPERATURA,Temperatura mínima media mensual,2020-04-01 00:00,degC,10.1780555555555,Preliminar
24015120,ISLA DEL SANTUARIO [24015120],TEMPERATURA,Temperatura mínima media mensual,2020-05-01 00:00,degC,10.7650537634409,Preliminar
24015120,ISLA DEL SANTUARIO [24015120],TEMPERATURA,Temperatura mínima media mensual,2020-06-01 00:00,degC,10.1888888888889,Preliminar
24015120,ISLA DEL SANTUARIO [24015120],TEMPERATURA,Temperatura mínima media mensual,2020-07-01 00:00,degC,9.84569892473115,Preliminar
24015120,ISLA DEL SANTUARIO [24015120],TEMPERATURA,Temperatura mínima media mensual,2020-08-01 00:00,degC,10.0206989247312,Preliminar
24015120,ISLA DEL SANTUARIO [24015120],TEMPERATURA,Temperatura mínima media mensual,2020-09-01 00:00,degC,9.12959770114936,Preliminar
24015120,ISLA DEL SANTUARIO [24015120],TEMPERATURA,Temperatura mínima media mensual,2020-10-01 00:00,degC,9.27849462365589,Preliminar
24015120,ISLA DEL SANTUARIO [24015120],TEMPERATURA,Temperatura mínima media mensual,2020-11-01 00:00,degC,10.7375000000001,Preliminar
24015120,ISLA DEL SANTUARIO [24015120],TEMPERATURA,Temperatura mínima media mensual,2020-12-01 00:00,degC,9.01532258064512,Preliminar
24015120,ISLA DEL SANTUARIO [24015120],TEMPERATURA,Temperatura mínima media mensual,2021-01-01 00:00,degC,7.96075268817204,Preliminar
24015120,ISLA DEL SANTUARIO [24015120],TEMPERATURA,Temperatura mínima media mensual,2021-02-01 00:00,degC,9.45148809523805,Preliminar
24015120,ISLA DEL SANTUARIO [24015120],TEMPERATURA,Temperatura mínima media mensual,2021-03-01 00:00,degC,9.2916666666667,Preliminar
24015120,ISLA DEL SANTUARIO [24015120],TEMPERATURA,Temperatura mínima media mensual,2021-04-01 00:00,degC,9.9072222222222,Preliminar
24015120,ISLA DEL SANTUARIO [24015120],TEMPERATURA,Temperatura mínima media mensual,2021-05-01 00:00,degC,10.5397849462365,Preliminar
24015120,ISLA DEL SANTUARIO [24015120],TEMPERATURA,Temperatura mínima media mensual,2021-06-01 00:00,degC,10.425,Preliminar
24015120,ISLA DEL SANTUARIO [24015120],TEMPERATURA,Temperatura mínima media mensual,2021-07-01 00:00,degC,9.95618279569898,Preliminar
24015120,ISLA DEL SANTUARIO [24015120],TEMPERATURA,Temperatura mínima media mensual,2021-08-01 00:00,degC,9.60994623655914,Preliminar
24015120,ISLA DEL SANTUARIO [24015120],TEMPERATURA,Temperatura mínima media mensual,2021-09-01 00:00,degC,9.39027777777773,Preliminar
24015120,ISLA DEL SANTUARIO [24015120],TEMPERATURA,Temperatura mínima media mensual,2021-10-01 00:00,degC,10.2451612903226,Preliminar
24015120,ISLA DEL SANTUARIO [24015120],TEMPERATURA,Temperatura mínima media mensual,2021-11-01 00:00,degC,10.2833333333333,Preliminar
24015120,ISLA DEL SANTUARIO [24015120],TEMPERATURA,Temperatura mínima media mensual,2021-12-01 00:00,degC,9.95779569892474,Preliminar
24015120,ISLA DEL SANTUARIO [24015120],TEMPERATURA,Temperatura mínima media mensual,2022-01-01 00:00,degC,8.91935483870974,Preliminar
24015120,ISLA DEL SANTUARIO [24015120],TEMPERATURA,Temperatura mínima media mensual,2022-02-01 00:00,degC,9.62142857142847,Preliminar
24015120,ISLA DEL SANTUARIO [24015120],TEMPERATURA,Temperatura mínima media mensual,2022-03-01 00:00,degC,10.2362903225806,Preliminar
24015120,ISLA DEL SANTUARIO [24015120],TEMPERATURA,Temperatura mínima media mensual,2022-04-01 00:00,degC,9.79138888888886,Preliminar
24015120,ISLA DEL SANTUARIO [24015120],TEMPERATURA,Temperatura mínima media mensual,2022-05-01 00:00,degC,9.68064516129039,Preliminar
24015120,ISLA DEL SANTUARIO [24015120],TEMPERATURA,Temperatura mínima media mensual,2022-06-01 00:00,degC,9.36805555555551,Preliminar
24015120,ISLA DEL SANTUARIO [24015120],TEMPERATURA,Temperatura mínima media mensual,2022-07-01 00:00,degC,9.82123655913976,Preliminar
24015120,ISLA DEL SANTUARIO [24015120],TEMPERATURA,Temperatura mínima media mensual,2022-08-01 00:00,degC,9.07043010752691,Preliminar
24015120,ISLA DEL SANTUARIO [24015120],TEMPERATURA,Temperatura mínima media mensual,2022-09-01 00:00,degC,9.04166666666664,Preliminar
24015120,ISLA DEL SANTUARIO [24015120],TEMPERATURA,Temperatura mínima media mensual,2022-10-01 00:00,degC,9.92177419354842,Preliminar
24015120,ISLA DEL SANTUARIO [24015120],TEMPERATURA,Temperatura mínima media mensual,2022-11-01 00:00,degC,10.4491666666667,Preliminar
24015120,ISLA DEL SANTUARIO [24015120],TEMPERATURA,Temperatura mínima media mensual,2022-12-01 00:00,degC,8.51881720430098,Preliminar
24015120,ISLA DEL SANTUARIO [24015120],TEMPERATURA,Temperatura mínima media mensual,2023-01-01 00:00,degC,9.26075268817214,Preliminar
24015120,ISLA DEL SANTUARIO [24015120],TEMPERATURA,Temperatura mínima media mensual,2023-02-01 00:00,degC,8.76041666666659,Preliminar
24015120,ISLA DEL SANTUARIO [24015120],TEMPERATURA,Temperatura mínima media mensual,2023-03-01 00:00,degC,10.1255376344086,Preliminar
24015120,ISLA DEL SANTUARIO [24015120],TEMPERATURA,Temperatura mínima media mensual,2023-04-01 00:00,degC,10.1447222222222,Preliminar
24015120,ISLA DEL SANTUARIO [24015120],TEMPERATURA,Temperatura mínima media mensual,2023-05-01 00:00,degC,10.058064516129,Preliminar
24015120,ISLA DEL SANTUARIO [24015120],TEMPERATURA,Temperatura mínima media mensual,2023-06-01 00:00,degC,10.4974358974359,Preliminar
24015120,ISLA DEL SANTUARIO [24015120],TEMPERATURA,Temperatura mínima media mensual,2023-07-01 00:00,degC,10.6258064516129,Preliminar
24015120,ISLA DEL SANTUARIO [24015120],TEMPERATURA,Temperatura mínima media mensual,2023-08-01 00:00,degC,10.1733870967742,Preliminar
24015120,ISLA DEL SANTUARIO [24015120],TEMPERATURA,Temperatura mínima media mensual,2023-09-01 00:00,degC,9.19537037037043,Preliminar
24015120,ISLA DEL SANTUARIO [24015120],TEMPERATURA,Temperatura mínima media mensual,2023-10-01 00:00,degC,10.2524999999999,Preliminar
24015120,ISLA DEL SANTUARIO [24015120],TEMPERATURA,Temperatura mínima media mensual,2023-11-01 00:00,degC,10.9575,Preliminar
24015120,ISLA DEL SANTUARIO [24015120],TEMPERATURA,Temperatura mínima media mensual,2023-12-01 00:00,degC,10.2798387096774,Preliminar
24015120,ISLA DEL SANTUARIO [24015120],TEMPERATURA,Temperatura mínima media mensual,2024-01-01 00:00,degC,8.40000000000004,Preliminar
24015120,ISLA DEL SANTUARIO [24015120],TEMPERATURA,Temperatura mínima media mensual,2024-02-01 00:00,degC,10.0181034482759,Preliminar
24015120,ISLA DEL SANTUARIO [24015120],TEMPERATURA,Temperatura mínima media mensual,2024-03-01 00:00,degC,10.3932795698926,Preliminar
24015120,ISLA DEL SANTUARIO [24015120],TEMPERATURA,Temperatura mínima media mensual,2024-04-01 00:00,degC,9.92805555555558,Preliminar
24015120,ISLA DEL SANTUARIO [24015120],TEMPERATURA,Temperatura mínima media mensual,2024-05-01 00:00,degC,11.5322580645161,Preliminar
24015120,ISLA DEL SANTUARIO [24015120],TEMPERATURA,Temperatura mínima media mensual,2024-06-01 00:00,degC,10.8433333333334,Preliminar
24015120,ISLA DEL SANTUARIO [24015120],TEMPERATURA,Temperatura mínima media mensual,2024-07-01 00:00,degC,10.6567204301075,Preliminar
24015120,ISLA DEL SANTUARIO [24015120],TEMPERATURA,Temperatura mínima media mensual,2024-08-01 00:00,degC,9.57338709677432,Preliminar
24015120,ISLA DEL SANTUARIO [24015120],TEMPERATURA,Temperatura mínima media mensual,2024-09-01 00:00,degC,9.82388888888886,Preliminar
24015120,ISLA DEL SANTUARIO [24015120],TEMPERATURA,Temperatura mínima media mensual,2024-10-01 00:00,degC,10.0680107526881,Preliminar
24015120,ISLA DEL SANTUARIO [24015120],TEMPERATURA,Temperatura mínima media mensual,2024-11-01 00:00,degC,10.8866666666668,Preliminar
24015120,ISLA DEL SANTUARIO [24015120],TEMPERATURA,Temperatura mínima media mensual,2024-12-01 00:00,degC,9.61083333333332,Preliminar
24015120,ISLA DEL SANTUARIO [24015120],TEMPERATURA,Temperatura mínima media mensual,2025-01-01 00:00,degC,8.32764786795048,Preliminar
24015120,ISLA DEL SANTUARIO [24015120],TEMPERATURA,Temperatura mínima media mensual,2025-02-01 00:00,degC,10.4995488721804,Preliminar
24015120,ISLA DEL SANTUARIO [24015120],TEMPERATURA,Temperatura mínima media mensual,2025-03-01 00:00,degC,10.4301075268817,Preliminar
24015120,ISLA DEL SANTUARIO [24015120],TEMPERATURA,Temperatura mínima media mensual,2025-04-01 00:00,degC,11.2714285714285,Preliminar
24015120,ISLA DEL SANTUARIO [24015120],TEMPERATURA,Temperatura mínima media mensual,2025-05-01 00:00,degC,11.6897849462366,Preliminar
24015120,ISLA DEL SANTUARIO [24015120],TEMPERATURA,Temperatura mínima media mensual,2025-06-01 00:00,degC,10.9130555555555,Preliminar
24015120,ISLA DEL SANTUARIO [24015120],TEMPERATURA,Temperatura mínima media mensual,2025-07-01 00:00,degC,10.4118279569894,Preliminar
24015120,ISLA DEL SANTUARIO [24015120],TEMPERATURA,Temperatura mínima media mensual,2025-08-01 00:00,degC,9.6298387096774,Preliminar
24015120,ISLA DEL SANTUARIO [24015120],TEMPERATURA,Temperatura mínima media mensual,2025-09-01 00:00,degC,9.83247126436779,Preliminar
24015120,ISLA DEL SANTUARIO [24015120],TEMPERATURA,Temperatura mínima media mensual,2025-10-01 00:00,degC,9.76083333333329,Preliminar
24015120,ISLA DEL SANTUARIO [24015120],TEMPERATURA,Temperatura mínima media mensual,2025-11-01 00:00,degC,10.3063888888888,Preliminar
24015120,ISLA DEL SANTUARIO [24015120],TEMPERATURA,Temperatura mínima media mensual,2025-12-01 00:00,degC,9.85752688172041,Preliminar
24015120,ISLA DEL SANTUARIO [24015120],TEMPERATURA,Temperatura mínima media mensual,2026-01-01 00:00,degC,10.4040229885058,Preliminar
24015120,ISLA DEL SANTUARIO [24015120],PRECIPITACION,Precipitación total mensual,2000-03-01 00:00,mm,178.4,Preliminar
24015120,ISLA DEL SANTUARIO [24015120],PRECIPITACION,Precipitación total mensual,2000-04-01 00:00,mm,188.3,Preliminar
24015120,ISLA DEL SANTUARIO [24015120],PRECIPITACION,Precipitación total mensual,2000-05-01 00:00,mm,122.4,Preliminar
24015120,ISLA DEL SANTUARIO [24015120],PRECIPITACION,Precipitación total mensual,2000-06-01 00:00,mm,68,Preliminar
24015120,ISLA DEL SANTUARIO [24015120],PRECIPITACION,Precipitación total mensual,2000-07-01 00:00,mm,82.5,Preliminar
24015120,ISLA DEL SANTUARIO [24015120],PRECIPITACION,Precipitación total mensual,2000-08-01 00:00,mm,35.6,Preliminar
24015120,ISLA DEL SANTUARIO [24015120],PRECIPITACION,Precipitación total mensual,2000-09-01 00:00,mm,101.9,Preliminar
24015120,ISLA DEL SANTUARIO [24015120],PRECIPITACION,Precipitación total mensual,2000-10-01 00:00,mm,122.2,Preliminar
24015120,ISLA DEL SANTUARIO [24015120],PRECIPITACION,Precipitación total mensual,2000-11-01 00:00,mm,82.8,Preliminar
24015120,ISLA DEL SANTUARIO [24015120],PRECIPITACION,Precipitación total mensual,2000-12-01 00:00,mm,40.3,Preliminar
24015120,ISLA DEL SANTUARIO [24015120],PRECIPITACION,Precipitación total mensual,2001-01-01 00:00,mm,65,Preliminar
24015120,ISLA DEL SANTUARIO [24015120],PRECIPITACION,Precipitación total mensual,2001-02-01 00:00,mm,39.9,Preliminar
24015120,ISLA DEL SANTUARIO [24015120],PRECIPITACION,Precipitación total mensual,2001-03-01 00:00,mm,161.5,Preliminar
24015120,ISLA DEL SANTUARIO [24015120],PRECIPITACION,Precipitación total mensual,2001-04-01 00:00,mm,22.3,Preliminar
24015120,ISLA DEL SANTUARIO [24015120],PRECIPITACION,Precipitación total mensual,2001-05-01 00:00,mm,60.9,Preliminar
24015120,ISLA DEL SANTUARIO [24015120],PRECIPITACION,Precipitación total mensual,2001-06-01 00:00,mm,22.5,Preliminar
24015120,ISLA DEL SANTUARIO [24015120],PRECIPITACION,Precipitación total mensual,2001-07-01 00:00,mm,29.2,Preliminar
24015120,ISLA DEL SANTUARIO [24015120],PRECIPITACION,Precipitación total mensual,2001-08-01 00:00,mm,15,Preliminar
24015120,ISLA DEL SANTUARIO [24015120],PRECIPITACION,Precipitación total mensual,2001-09-01 00:00,mm,100.3,Preliminar
24015120,ISLA DEL SANTUARIO [24015120],PRECIPITACION,Precipitación total mensual,2001-10-01 00:00,mm,100.1,Preliminar
24015120,ISLA DEL SANTUARIO [24015120],PRECIPITACION,Precipitación total mensual,2001-11-01 00:00,mm,112.5,Preliminar
24015120,ISLA DEL SANTUARIO [24015120],PRECIPITACION,Precipitación total mensual,2001-12-01 00:00,mm,159.8,Preliminar
24015120,ISLA DEL SANTUARIO [24015120],PRECIPITACION,Precipitación total mensual,2002-01-01 00:00,mm,4.8,Preliminar
24015120,ISLA DEL SANTUARIO [24015120],PRECIPITACION,Precipitación total mensual,2002-02-01 00:00,mm,71.5,Preliminar
24015120,ISLA DEL SANTUARIO [24015120],PRECIPITACION,Precipitación total mensual,2002-03-01 00:00,mm,160.9,Preliminar
24015120,ISLA DEL SANTUARIO [24015120],PRECIPITACION,Precipitación total mensual,2002-04-01 00:00,mm,192.7,Preliminar
24015120,ISLA DEL SANTUARIO [24015120],PRECIPITACION,Precipitación total mensual,2002-05-01 00:00,mm,130.9,Preliminar
24015120,ISLA DEL SANTUARIO [24015120],PRECIPITACION,Precipitación total mensual,2002-06-01 00:00,mm,62,Preliminar
24015120,ISLA DEL SANTUARIO [24015120],PRECIPITACION,Precipitación total mensual,2002-07-01 00:00,mm,38.5,Preliminar
24015120,ISLA DEL SANTUARIO [24015120],PRECIPITACION,Precipitación total mensual,2002-08-01 00:00,mm,28.3,Preliminar
24015120,ISLA DEL SANTUARIO [24015120],PRECIPITACION,Precipitación total mensual,2002-09-01 00:00,mm,102.7,Preliminar
24015120,ISLA DEL SANTUARIO [24015120],PRECIPITACION,Precipitación total mensual,2002-10-01 00:00,mm,96.7,Preliminar
24015120,ISLA DEL SANTUARIO [24015120],PRECIPITACION,Precipitación total mensual,2002-11-01 00:00,mm,94.4,Preliminar
24015120,ISLA DEL SANTUARIO [24015120],PRECIPITACION,Precipitación total mensual,2002-12-01 00:00,mm,69.7,Preliminar
24015120,ISLA DEL SANTUARIO [24015120],PRECIPITACION,Precipitación total mensual,2003-01-01 00:00,mm,28.3,Preliminar
24015120,ISLA DEL SANTUARIO [24015120],PRECIPITACION,Precipitación total mensual,2003-02-01 00:00,mm,63.2,Preliminar
24015120,ISLA DEL SANTUARIO [24015120],PRECIPITACION,Precipitación total mensual,2003-03-01 00:00,mm,105.9,Preliminar
24015120,ISLA DEL SANTUARIO [24015120],PRECIPITACION,Precipitación total mensual,2003-04-01 00:00,mm,139.2,Preliminar
24015120,ISLA DEL SANTUARIO [24015120],PRECIPITACION,Precipitación total mensual,2003-05-01 00:00,mm,30.5,Preliminar
24015120,ISLA DEL SANTUARIO [24015120],PRECIPITACION,Precipitación total mensual,2003-06-01 00:00,mm,42.1,Preliminar
24015120,ISLA DEL SANTUARIO [24015120],PRECIPITACION,Precipitación total mensual,2003-07-01 00:00,mm,9.2,Preliminar
24015120,ISLA DEL SANTUARIO [24015120],PRECIPITACION,Precipitación total mensual,2003-08-01 00:00,mm,25.4,Preliminar
24015120,ISLA DEL SANTUARIO [24015120],PRECIPITACION,Precipitación total mensual,2003-09-01 00:00,mm,69,Preliminar
24015120,ISLA DEL SANTUARIO [24015120],PRECIPITACION,Precipitación total mensual,2003-10-01 00:00,mm,165,Preliminar
24015120,ISLA DEL SANTUARIO [24015120],PRECIPITACION,Precipitación total mensual,2003-11-01 00:00,mm,125.4,Preliminar
24015120,ISLA DEL SANTUARIO [24015120],PRECIPITACION,Precipitación total mensual,2003-12-01 00:00,mm,59.9,Preliminar
24015120,ISLA DEL SANTUARIO [24015120],PRECIPITACION,Precipitación total mensual,2004-01-01 00:00,mm,28.4,Preliminar
24015120,ISLA DEL SANTUARIO [24015120],PRECIPITACION,Precipitación total mensual,2004-02-01 00:00,mm,30.7,Preliminar
24015120,ISLA DEL SANTUARIO [24015120],PRECIPITACION,Precipitación total mensual,2004-03-01 00:00,mm,54.4,Preliminar
24015120,ISLA DEL SANTUARIO [24015120],PRECIPITACION,Precipitación total mensual,2004-04-01 00:00,mm,214.3,Preliminar
24015120,ISLA DEL SANTUARIO [24015120],PRECIPITACION,Precipitación total mensual,2004-05-01 00:00,mm,129.7,Preliminar
24015120,ISLA DEL SANTUARIO [24015120],PRECIPITACION,Precipitación total mensual,2004-06-01 00:00,mm,33.9,Preliminar
24015120,ISLA DEL SANTUARIO [24015120],PRECIPITACION,Precipitación total mensual,2004-07-01 00:00,mm,35.4,Preliminar
24015120,ISLA DEL SANTUARIO [24015120],PRECIPITACION,Precipitación total mensual,2004-08-01 00:00,mm,8.1,Preliminar
24015120,ISLA DEL SANTUARIO [24015120],PRECIPITACION,Precipitación total mensual,2004-09-01 00:00,mm,130.6,Preliminar
24015120,ISLA DEL SANTUARIO [24015120],PRECIPITACION,Precipitación total mensual,2004-10-01 00:00,mm,228.6,Preliminar
24015120,ISLA DEL SANTUARIO [24015120],PRECIPITACION,Precipitación total mensual,2004-11-01 00:00,mm,155.6,Preliminar
24015120,ISLA DEL SANTUARIO [24015120],PRECIPITACION,Precipitación total mensual,2004-12-01 00:00,mm,47.4,Preliminar
24015120,ISLA DEL SANTUARIO [24015120],PRECIPITACION,Precipitación total mensual,2005-01-01 00:00,mm,59.4,Preliminar
24015120,ISLA DEL SANTUARIO [24015120],PRECIPITACION,Precipitación total mensual,2005-02-01 00:00,mm,93.5,Preliminar
24015120,ISLA DEL SANTUARIO [24015120],PRECIPITACION,Precipitación total mensual,2005-03-01 00:00,mm,89.9,Preliminar
24015120,ISLA DEL SANTUARIO [24015120],PRECIPITACION,Precipitación total mensual,2005-04-01 00:00,mm,94,Preliminar
24015120,ISLA DEL SANTUARIO [24015120],PRECIPITACION,Precipitación total mensual,2005-05-01 00:00,mm,131.2,Preliminar
24015120,ISLA DEL SANTUARIO [24015120],PRECIPITACION,Precipitación total mensual,2005-06-01 00:00,mm,20.4,Preliminar
24015120,ISLA DEL SANTUARIO [24015120],PRECIPITACION,Precipitación total mensual,2005-07-01 00:00,mm,70.6,Preliminar
24015120,ISLA DEL SANTUARIO [24015120],PRECIPITACION,Precipitación total mensual,2005-08-01 00:00,mm,60.6,Preliminar
24015120,ISLA DEL SANTUARIO [24015120],PRECIPITACION,Precipitación total mensual,2005-09-01 00:00,mm,72.9,Preliminar
24015120,ISLA DEL SANTUARIO [24015120],PRECIPITACION,Precipitación total mensual,2005-10-01 00:00,mm,105.6,Preliminar
24015120,ISLA DEL SANTUARIO [24015120],PRECIPITACION,Precipitación total mensual,2005-11-01 00:00,mm,189,Preliminar
24015120,ISLA DEL SANTUARIO [24015120],PRECIPITACION,Precipitación total mensual,2005-12-01 00:00,mm,147.3,Preliminar
24015120,ISLA DEL SANTUARIO [24015120],PRECIPITACION,Precipitación total mensual,2006-01-01 00:00,mm,88,Preliminar
24015120,ISLA DEL SANTUARIO [24015120],PRECIPITACION,Precipitación total mensual,2006-02-01 00:00,mm,30.3,Preliminar
24015120,ISLA DEL SANTUARIO [24015120],PRECIPITACION,Precipitación total mensual,2006-03-01 00:00,mm,132.8,Preliminar
24015120,ISLA DEL SANTUARIO [24015120],PRECIPITACION,Precipitación total mensual,2006-04-01 00:00,mm,231.4,Preliminar
24015120,ISLA DEL SANTUARIO [24015120],PRECIPITACION,Precipitación total mensual,2006-05-01 00:00,mm,181.1,Preliminar
24015120,ISLA DEL SANTUARIO [24015120],PRECIPITACION,Precipitación total mensual,2006-06-01 00:00,mm,82.9,Preliminar
24015120,ISLA DEL SANTUARIO [24015120],PRECIPITACION,Precipitación total mensual,2006-07-01 00:00,mm,27,Preliminar
24015120,ISLA DEL SANTUARIO [24015120],PRECIPITACION,Precipitación total mensual,2006-08-01 00:00,mm,21.4,Preliminar
24015120,ISLA DEL SANTUARIO [24015120],PRECIPITACION,Precipitación total mensual,2006-09-01 00:00,mm,46.2,Preliminar
24015120,ISLA DEL SANTUARIO [24015120],PRECIPITACION,Precipitación total mensual,2006-10-01 00:00,mm,165.6,Preliminar
24015120,ISLA DEL SANTUARIO [24015120],PRECIPITACION,Precipitación total mensual,2006-11-01 00:00,mm,244,Preliminar
24015120,ISLA DEL SANTUARIO [24015120],PRECIPITACION,Precipitación total mensual,2006-12-01 00:00,mm,140.2,Preliminar
24015120,ISLA DEL SANTUARIO [24015120],PRECIPITACION,Precipitación total mensual,2007-01-01 00:00,mm,45.8,Preliminar
24015120,ISLA DEL SANTUARIO [24015120],PRECIPITACION,Precipitación total mensual,2007-02-01 00:00,mm,59.1,Preliminar
24015120,ISLA DEL SANTUARIO [24015120],PRECIPITACION,Precipitación total mensual,2007-03-01 00:00,mm,165.3,Preliminar
24015120,ISLA DEL SANTUARIO [24015120],PRECIPITACION,Precipitación total mensual,2007-04-01 00:00,mm,153.4,Preliminar
24015120,ISLA DEL SANTUARIO [24015120],PRECIPITACION,Precipitación total mensual,2007-05-01 00:00,mm,96.7,Preliminar
24015120,ISLA DEL SANTUARIO [24015120],PRECIPITACION,Precipitación total mensual,2007-06-01 00:00,mm,35.8,Preliminar
24015120,ISLA DEL SANTUARIO [24015120],PRECIPITACION,Precipitación total mensual,2007-07-01 00:00,mm,68.6,Preliminar
24015120,ISLA DEL SANTUARIO [24015120],PRECIPITACION,Precipitación total mensual,2007-08-01 00:00,mm,85.2,Preliminar
24015120,ISLA DEL SANTUARIO [24015120],PRECIPITACION,Precipitación total mensual,2007-09-01 00:00,mm,37,Preliminar
24015120,ISLA DEL SANTUARIO [24015120],PRECIPITACION,Precipitación total mensual,2007-10-01 00:00,mm,244,Preliminar
24015120,ISLA DEL SANTUARIO [24015120],PRECIPITACION,Precipitación total mensual,2007-11-01 00:00,mm,128,Preliminar
24015120,ISLA DEL SANTUARIO [24015120],PRECIPITACION,Precipitación total mensual,2007-12-01 00:00,mm,170.3,Preliminar
24015120,ISLA DEL SANTUARIO [24015120],PRECIPITACION,Precipitación total mensual,2008-01-01 00:00,mm,98.9,Preliminar
24015120,ISLA DEL SANTUARIO [24015120],PRECIPITACION,Precipitación total mensual,2008-02-01 00:00,mm,110.9,Preliminar
24015120,ISLA DEL SANTUARIO [24015120],PRECIPITACION,Precipitación total mensual,2008-03-01 00:00,mm,133,Preliminar
24015120,ISLA DEL SANTUARIO [24015120],PRECIPITACION,Precipitación total mensual,2008-04-01 00:00,mm,183,Preliminar
24015120,ISLA DEL SANTUARIO [24015120],PRECIPITACION,Precipitación total mensual,2008-05-01 00:00,mm,216.1,Preliminar
24015120,ISLA DEL SANTUARIO [24015120],PRECIPITACION,Precipitación total mensual,2008-06-01 00:00,mm,40.9,Preliminar
24015120,ISLA DEL SANTUARIO [24015120],PRECIPITACION,Precipitación total mensual,2008-07-01 00:00,mm,85.1,Preliminar
24015120,ISLA DEL SANTUARIO [24015120],PRECIPITACION,Precipitación total mensual,2008-08-01 00:00,mm,86.8,Preliminar
24015120,ISLA DEL SANTUARIO [24015120],PRECIPITACION,Precipitación total mensual,2008-09-01 00:00,mm,43.7,Preliminar
24015120,ISLA DEL SANTUARIO [24015120],PRECIPITACION,Precipitación total mensual,2008-10-01 00:00,mm,192.5,Preliminar
24015120,ISLA DEL SANTUARIO [24015120],PRECIPITACION,Precipitación total mensual,2008-11-01 00:00,mm,173.2,Preliminar
24015120,ISLA DEL SANTUARIO [24015120],PRECIPITACION,Precipitación total mensual,2008-12-01 00:00,mm,69.1,Preliminar
24015120,ISLA DEL SANTUARIO [24015120],PRECIPITACION,Precipitación total mensual,2009-01-01 00:00,mm,47.5,Preliminar
24015120,ISLA DEL SANTUARIO [24015120],PRECIPITACION,Precipitación total mensual,2009-02-01 00:00,mm,66.9,Preliminar
24015120,ISLA DEL SANTUARIO [24015120],PRECIPITACION,Precipitación total mensual,2009-03-01 00:00,mm,128.9,Preliminar
24015120,ISLA DEL SANTUARIO [24015120],PRECIPITACION,Precipitación total mensual,2009-04-01 00:00,mm,111.4,Preliminar
24015120,ISLA DEL SANTUARIO [24015120],PRECIPITACION,Precipitación total mensual,2009-05-01 00:00,mm,55.8,Preliminar
24015120,ISLA DEL SANTUARIO [24015120],PRECIPITACION,Precipitación total mensual,2009-06-01 00:00,mm,61.3,Preliminar
24015120,ISLA DEL SANTUARIO [24015120],PRECIPITACION,Precipitación total mensual,2009-07-01 00:00,mm,16.5,Preliminar
24015120,ISLA DEL SANTUARIO [24015120],PRECIPITACION,Precipitación total mensual,2010-01-01 00:00,mm,12,Preliminar
24015120,ISLA DEL SANTUARIO [24015120],PRECIPITACION,Precipitación total mensual,2010-02-01 00:00,mm,65.8,Preliminar
24015120,ISLA DEL SANTUARIO [24015120],PRECIPITACION,Precipitación total mensual,2010-03-01 00:00,mm,80.8,Preliminar
24015120,ISLA DEL SANTUARIO [24015120],PRECIPITACION,Precipitación total mensual,2010-04-01 00:00,mm,212.6,Preliminar
24015120,ISLA DEL SANTUARIO [24015120],PRECIPITACION,Precipitación total mensual,2010-05-01 00:00,mm,213.8,Preliminar
24015120,ISLA DEL SANTUARIO [24015120],PRECIPITACION,Precipitación total mensual,2010-06-01 00:00,mm,55.9,Preliminar
24015120,ISLA DEL SANTUARIO [24015120],PRECIPITACION,Precipitación total mensual,2010-07-01 00:00,mm,283.9,Preliminar
24015120,ISLA DEL SANTUARIO [24015120],PRECIPITACION,Precipitación total mensual,2010-08-01 00:00,mm,58.6,Preliminar
24015120,ISLA DEL SANTUARIO [24015120],PRECIPITACION,Precipitación total mensual,2010-09-01 00:00,mm,160.1,Preliminar
24015120,ISLA DEL SANTUARIO [24015120],PRECIPITACION,Precipitación total mensual,2010-10-01 00:00,mm,149.3,Preliminar
24015120,ISLA DEL SANTUARIO [24015120],PRECIPITACION,Precipitación total mensual,2010-11-01 00:00,mm,199.3,Preliminar
24015120,ISLA DEL SANTUARIO [24015120],PRECIPITACION,Precipitación total mensual,2010-12-01 00:00,mm,105.2,Preliminar
24015120,ISLA DEL SANTUARIO [24015120],PRECIPITACION,Precipitación total mensual,2011-01-01 00:00,mm,65.5,Preliminar
24015120,ISLA DEL SANTUARIO [24015120],PRECIPITACION,Precipitación total mensual,2011-02-01 00:00,mm,87.9,Preliminar
24015120,ISLA DEL SANTUARIO [24015120],PRECIPITACION,Precipitación total mensual,2011-03-01 00:00,mm,159.8,Preliminar
24015120,ISLA DEL SANTUARIO [24015120],PRECIPITACION,Precipitación total mensual,2011-04-01 00:00,mm,298,Preliminar
24015120,ISLA DEL SANTUARIO [24015120],PRECIPITACION,Precipitación total mensual,2011-05-01 00:00,mm,148.5,Preliminar
24015120,ISLA DEL SANTUARIO [24015120],PRECIPITACION,Precipitación total mensual,2011-06-01 00:00,mm,75.2,Preliminar
24015120,ISLA DEL SANTUARIO [24015120],PRECIPITACION,Precipitación total mensual,2011-07-01 00:00,mm,69.4,Preliminar
24015120,ISLA DEL SANTUARIO [24015120],PRECIPITACION,Precipitación total mensual,2011-08-01 00:00,mm,50.4,Preliminar
24015120,ISLA DEL SANTUARIO [24015120],PRECIPITACION,Precipitación total mensual,2011-09-01 00:00,mm,36.3,Preliminar
24015120,ISLA DEL SANTUARIO [24015120],PRECIPITACION,Precipitación total mensual,2011-10-01 00:00,mm,245.4,Preliminar
24015120,ISLA DEL SANTUARIO [24015120],PRECIPITACION,Precipitación total mensual,2011-11-01 00:00,mm,332.3,Preliminar
24015120,ISLA DEL SANTUARIO [24015120],PRECIPITACION,Precipitación total mensual,2011-12-01 00:00,mm,239.9,Preliminar
24015120,ISLA DEL SANTUARIO [24015120],PRECIPITACION,Precipitación total mensual,2012-01-01 00:00,mm,168.3,Preliminar
24015120,ISLA DEL SANTUARIO [24015120],PRECIPITACION,Precipitación total mensual,2012-02-01 00:00,mm,47.5,Preliminar
24015120,ISLA DEL SANTUARIO [24015120],PRECIPITACION,Precipitación total mensual,2012-03-01 00:00,mm,91.3,Preliminar
24015120,ISLA DEL SANTUARIO [24015120],PRECIPITACION,Precipitación total mensual,2012-04-01 00:00,mm,234.7,Preliminar
24015120,ISLA DEL SANTUARIO [24015120],PRECIPITACION,Precipitación total mensual,2012-05-01 00:00,mm,40.8,Preliminar
24015120,ISLA DEL SANTUARIO [24015120],PRECIPITACION,Precipitación total mensual,2012-06-01 00:00,mm,19,Preliminar
24015120,ISLA DEL SANTUARIO [24015120],PRECIPITACION,Precipitación total mensual,2012-07-01 00:00,mm,20.6,Preliminar
24015120,ISLA DEL SANTUARIO [24015120],PRECIPITACION,Precipitación total mensual,2012-08-01 00:00,mm,29.3,Preliminar
24015120,ISLA DEL SANTUARIO [24015120],PRECIPITACION,Precipitación total mensual,2012-09-01 00:00,mm,22.4,Preliminar
24015120,ISLA DEL SANTUARIO [24015120],PRECIPITACION,Precipitación total mensual,2012-10-01 00:00,mm,126,Preliminar
24015120,ISLA DEL SANTUARIO [24015120],PRECIPITACION,Precipitación total mensual,2012-11-01 00:00,mm,87.7,Preliminar
24015120,ISLA DEL SANTUARIO [24015120],PRECIPITACION,Precipitación total mensual,2012-12-01 00:00,mm,82.2,Preliminar
24015120,ISLA DEL SANTUARIO [24015120],PRECIPITACION,Precipitación total mensual,2013-01-01 00:00,mm,20.8,Preliminar
24015120,ISLA DEL SANTUARIO [24015120],PRECIPITACION,Precipitación total mensual,2013-02-01 00:00,mm,110.7,Preliminar
24015120,ISLA DEL SANTUARIO [24015120],PRECIPITACION,Precipitación total mensual,2013-03-01 00:00,mm,142.6,Preliminar
24015120,ISLA DEL SANTUARIO [24015120],PRECIPITACION,Precipitación total mensual,2013-04-01 00:00,mm,140.1,Preliminar
24015120,ISLA DEL SANTUARIO [24015120],PRECIPITACION,Precipitación total mensual,2013-05-01 00:00,mm,114,Preliminar
24015120,ISLA DEL SANTUARIO [24015120],PRECIPITACION,Precipitación total mensual,2013-06-01 00:00,mm,18.1,Preliminar
24015120,ISLA DEL SANTUARIO [24015120],PRECIPITACION,Precipitación total mensual,2013-07-01 00:00,mm,16.1,Preliminar
24015120,ISLA DEL SANTUARIO [24015120],PRECIPITACION,Precipitación total mensual,2013-08-01 00:00,mm,50,Preliminar
24015120,ISLA DEL SANTUARIO [24015120],PRECIPITACION,Precipitación total mensual,2013-09-01 00:00,mm,31.4,Preliminar
24015120,ISLA DEL SANTUARIO [24015120],PRECIPITACION,Precipitación total mensual,2014-01-01 00:00,mm,59.8,Preliminar
24015120,ISLA DEL SANTUARIO [24015120],PRECIPITACION,Precipitación total mensual,2014-02-01 00:00,mm,71,Preliminar
24015120,ISLA DEL SANTUARIO [24015120],PRECIPITACION,Precipitación total mensual,2014-03-01 00:00,mm,128.4,Preliminar
24015120,ISLA DEL SANTUARIO [24015120],PRECIPITACION,Precipitación total mensual,2014-04-01 00:00,mm,126.5,Preliminar
24015120,ISLA DEL SANTUARIO [24015120],PRECIPITACION,Precipitación total mensual,2014-05-01 00:00,mm,179.4,Preliminar
24015120,ISLA DEL SANTUARIO [24015120],PRECIPITACION,Precipitación total mensual,2014-06-01 00:00,mm,24.9,Preliminar
24015120,ISLA DEL SANTUARIO [24015120],PRECIPITACION,Precipitación total mensual,2014-07-01 00:00,mm,10.5,Preliminar
24015120,ISLA DEL SANTUARIO [24015120],PRECIPITACION,Precipitación total mensual,2014-08-01 00:00,mm,12.6,Preliminar
24015120,ISLA DEL SANTUARIO [24015120],PRECIPITACION,Precipitación total mensual,2014-09-01 00:00,mm,20.8,Preliminar
24015120,ISLA DEL SANTUARIO [24015120],PRECIPITACION,Precipitación total mensual,2014-10-01 00:00,mm,83.6,Preliminar
24015120,ISLA DEL SANTUARIO [24015120],PRECIPITACION,Precipitación total mensual,2014-11-01 00:00,mm,209.1,Preliminar
24015120,ISLA DEL SANTUARIO [24015120],PRECIPITACION,Precipitación total mensual,2014-12-01 00:00,mm,86.9,Preliminar
24015120,ISLA DEL SANTUARIO [24015120],PRECIPITACION,Precipitación total mensual,2015-01-01 00:00,mm,47.2,Preliminar
24015120,ISLA DEL SANTUARIO [24015120],PRECIPITACION,Precipitación total mensual,2015-02-01 00:00,mm,17.5,Preliminar
24015120,ISLA DEL SANTUARIO [24015120],PRECIPITACION,Precipitación total mensual,2015-03-01 00:00,mm,97.2,Preliminar
24015120,ISLA DEL SANTUARIO [24015120],PRECIPITACION,Precipitación total mensual,2015-04-01 00:00,mm,69.6,Preliminar
24015120,ISLA DEL SANTUARIO [24015120],PRECIPITACION,Precipitación total mensual,2015-05-01 00:00,mm,11.2,Preliminar
24015120,ISLA DEL SANTUARIO [24015120],PRECIPITACION,Precipitación total mensual,2015-06-01 00:00,mm,25.9,Preliminar
24015120,ISLA DEL SANTUARIO [24015120],PRECIPITACION,Precipitación total mensual,2015-07-01 00:00,mm,37.1,Preliminar
24015120,ISLA DEL SANTUARIO [24015120],PRECIPITACION,Precipitación total mensual,2015-08-01 00:00,mm,7.6,Preliminar
24015120,ISLA DEL SANTUARIO [24015120],PRECIPITACION,Precipitación total mensual,2015-09-01 00:00,mm,22.2,Preliminar
24015120,ISLA DEL SANTUARIO [24015120],PRECIPITACION,Precipitación total mensual,2015-10-01 00:00,mm,47.6,Preliminar
24015120,ISLA DEL SANTUARIO [24015120],PRECIPITACION,Precipitación total mensual,2015-11-01 00:00,mm,58.7,Preliminar
24015120,ISLA DEL SANTUARIO [24015120],PRECIPITACION,Precipitación total mensual,2015-12-01 00:00,mm,1.9,Preliminar
24015120,ISLA DEL SANTUARIO [24015120],PRECIPITACION,Precipitación total mensual,2016-01-01 00:00,mm,33.3,Preliminar
24015120,ISLA DEL SANTUARIO [24015120],PRECIPITACION,Precipitación total mensual,2016-02-01 00:00,mm,58.6,Preliminar
24015120,ISLA DEL SANTUARIO [24015120],PRECIPITACION,Precipitación total mensual,2016-03-01 00:00,mm,121,Preliminar
24015120,ISLA DEL SANTUARIO [24015120],PRECIPITACION,Precipitación total mensual,2016-04-01 00:00,mm,118.3,Preliminar
24015120,ISLA DEL SANTUARIO [24015120],PRECIPITACION,Precipitación total mensual,2016-05-01 00:00,mm,113.9,Preliminar
24015120,ISLA DEL SANTUARIO [24015120],PRECIPITACION,Precipitación total mensual,2016-06-01 00:00,mm,7.4,Preliminar
24015120,ISLA DEL SANTUARIO [24015120],PRECIPITACION,Precipitación total mensual,2016-07-01 00:00,mm,29,Preliminar
24015120,ISLA DEL SANTUARIO [24015120],PRECIPITACION,Precipitación total mensual,2016-08-01 00:00,mm,13.7,Preliminar
24015120,ISLA DEL SANTUARIO [24015120],PRECIPITACION,Precipitación total mensual,2016-09-01 00:00,mm,54.8,Preliminar
24015120,ISLA DEL SANTUARIO [24015120],PRECIPITACION,Precipitación total mensual,2016-10-01 00:00,mm,117.3,Preliminar
24015120,ISLA DEL SANTUARIO [24015120],PRECIPITACION,Precipitación total mensual,2016-11-01 00:00,mm,126.1,Preliminar
24015120,ISLA DEL SANTUARIO [24015120],PRECIPITACION,Precipitación total mensual,2016-12-01 00:00,mm,175.8,Preliminar
24015120,ISLA DEL SANTUARIO [24015120],PRECIPITACION,Precipitación total mensual,2017-01-01 00:00,mm,46.6,Preliminar
24015120,ISLA DEL SANTUARIO [24015120],PRECIPITACION,Precipitación total mensual,2017-02-01 00:00,mm,60.3,Preliminar
24015120,ISLA DEL SANTUARIO [24015120],PRECIPITACION,Precipitación total mensual,2017-03-01 00:00,mm,257.1,Preliminar
24015120,ISLA DEL SANTUARIO [24015120],PRECIPITACION,Precipitación total mensual,2017-04-01 00:00,mm,96.9,Preliminar
24015120,ISLA DEL SANTUARIO [24015120],PRECIPITACION,Precipitación total mensual,2017-05-01 00:00,mm,138.3,Preliminar
24015120,ISLA DEL SANTUARIO [24015120],PRECIPITACION,Precipitación total mensual,2017-06-01 00:00,mm,124.5,Preliminar
24015120,ISLA DEL SANTUARIO [24015120],PRECIPITACION,Precipitación total mensual,2017-07-01 00:00,mm,25.2,Preliminar
24015120,ISLA DEL SANTUARIO [24015120],PRECIPITACION,Precipitación total mensual,2017-08-01 00:00,mm,24.6,Preliminar
24015120,ISLA DEL SANTUARIO [24015120],PRECIPITACION,Precipitación total mensual,2017-09-01 00:00,mm,13.9,Preliminar
24015120,ISLA DEL SANTUARIO [24015120],PRECIPITACION,Precipitación total mensual,2017-10-01 00:00,mm,122.2,Preliminar
24015120,ISLA DEL SANTUARIO [24015120],PRECIPITACION,Precipitación total mensual,2017-11-01 00:00,mm,179,Preliminar
24015120,ISLA DEL SANTUARIO [24015120],PRECIPITACION,Precipitación total mensual,2017-12-01 00:00,mm,76.4,Preliminar
24015120,ISLA DEL SANTUARIO [24015120],PRECIPITACION,Precipitación total mensual,2018-01-01 00:00,mm,87.6,Preliminar
24015120,ISLA DEL SANTUARIO [24015120],PRECIPITACION,Precipitación total mensual,2018-02-01 00:00,mm,60.5,Preliminar
24015120,ISLA DEL SANTUARIO [24015120],PRECIPITACION,Precipitación total mensual,2018-03-01 00:00,mm,35.9,Preliminar
24015120,ISLA DEL SANTUARIO [24015120],PRECIPITACION,Precipitación total mensual,2018-04-01 00:00,mm,191.2,Preliminar
24015120,ISLA DEL SANTUARIO [24015120],PRECIPITACION,Precipitación total mensual,2018-05-01 00:00,mm,148.5,Preliminar
24015120,ISLA DEL SANTUARIO [24015120],PRECIPITACION,Precipitación total mensual,2018-06-01 00:00,mm,44.3,Preliminar
24015120,ISLA DEL SANTUARIO [24015120],PRECIPITACION,Precipitación total mensual,2018-07-01 00:00,mm,28,Preliminar
24015120,ISLA DEL SANTUARIO [24015120],PRECIPITACION,Precipitación total mensual,2018-08-01 00:00,mm,14.6,Preliminar
24015120,ISLA DEL SANTUARIO [24015120],PRECIPITACION,Precipitación total mensual,2018-09-01 00:00,mm,45.4,Preliminar
24015120,ISLA DEL SANTUARIO [24015120],PRECIPITACION,Precipitación total mensual,2018-10-01 00:00,mm,176.2,Preliminar
24015120,ISLA DEL SANTUARIO [24015120],PRECIPITACION,Precipitación total mensual,2018-11-01 00:00,mm,134.1,Preliminar
24015120,ISLA DEL SANTUARIO [24015120],PRECIPITACION,Precipitación total mensual,2018-12-01 00:00,mm,22.3,Preliminar
24015120,ISLA DEL SANTUARIO [24015120],PRECIPITACION,Precipitación total mensual,2019-01-01 00:00,mm,14.5,Preliminar
24015120,ISLA DEL SANTUARIO [24015120],PRECIPITACION,Precipitación total mensual,2019-02-01 00:00,mm,62.2,Preliminar
24015120,ISLA DEL SANTUARIO [24015120],PRECIPITACION,Precipitación total mensual,2019-03-01 00:00,mm,202.9,Preliminar
24015120,ISLA DEL SANTUARIO [24015120],PRECIPITACION,Precipitación total mensual,2019-04-01 00:00,mm,110.6,Preliminar
24015120,ISLA DEL SANTUARIO [24015120],PRECIPITACION,Precipitación total mensual,2019-05-01 00:00,mm,125.2,Preliminar
24015120,ISLA DEL SANTUARIO [24015120],PRECIPITACION,Precipitación total mensual,2019-06-01 00:00,mm,29.7,Preliminar
24015120,ISLA DEL SANTUARIO [24015120],PRECIPITACION,Precipitación total mensual,2019-07-01 00:00,mm,13.3,Preliminar
24015120,ISLA DEL SANTUARIO [24015120],PRECIPITACION,Precipitación total mensual,2019-08-01 00:00,mm,12,Preliminar
24015120,ISLA DEL SANTUARIO [24015120],PRECIPITACION,Precipitación total mensual,2019-09-01 00:00,mm,58.7,Preliminar
24015120,ISLA DEL SANTUARIO [24015120],PRECIPITACION,Precipitación total mensual,2019-10-01 00:00,mm,106.8,Preliminar
24015120,ISLA DEL SANTUARIO [24015120],PRECIPITACION,Precipitación total mensual,2019-11-01 00:00,mm,131,Preliminar
24015120,ISLA DEL SANTUARIO [24015120],PRECIPITACION,Precipitación total mensual,2019-12-01 00:00,mm,62.5,Preliminar
24015120,ISLA DEL SANTUARIO [24015120],PRECIPITACION,Precipitación total mensual,2020-01-01 00:00,mm,18.7,Preliminar
24015120,ISLA DEL SANTUARIO [24015120],PRECIPITACION,Precipitación total mensual,2020-02-01 00:00,mm,55.6,Preliminar
24015120,ISLA DEL SANTUARIO [24015120],PRECIPITACION,Precipitación total mensual,2020-03-01 00:00,mm,134.2,Preliminar
24015120,ISLA DEL SANTUARIO [24015120],PRECIPITACION,Precipitación total mensual,2020-04-01 00:00,mm,109.3,Preliminar
24015120,ISLA DEL SANTUARIO [24015120],PRECIPITACION,Precipitación total mensual,2020-05-01 00:00,mm,64.7,Preliminar
24015120,ISLA DEL SANTUARIO [24015120],PRECIPITACION,Precipitación total mensual,2020-06-01 00:00,mm,77.6,Preliminar
24015120,ISLA DEL SANTUARIO [24015120],PRECIPITACION,Precipitación total mensual,2020-07-01 00:00,mm,55.1,Preliminar
24015120,ISLA DEL SANTUARIO [24015120],PRECIPITACION,Precipitación total mensual,2020-08-01 00:00,mm,30.8,Preliminar
24015120,ISLA DEL SANTUARIO [24015120],PRECIPITACION,Precipitación total mensual,2020-09-01 00:00,mm,89.2,Preliminar
24015120,ISLA DEL SANTUARIO [24015120],PRECIPITACION,Precipitación total mensual,2020-10-01 00:00,mm,49.4,Preliminar
24015120,ISLA DEL SANTUARIO [24015120],PRECIPITACION,Precipitación total mensual,2020-11-01 00:00,mm,301.4,Preliminar
24015120,ISLA DEL SANTUARIO [24015120],PRECIPITACION,Precipitación total mensual,2020-12-01 00:00,mm,127.1,Preliminar
24015120,ISLA DEL SANTUARIO [24015120],PRECIPITACION,Precipitación total mensual,2021-01-01 00:00,mm,11.7,Preliminar
24015120,ISLA DEL SANTUARIO [24015120],PRECIPITACION,Precipitación total mensual,2021-02-01 00:00,mm,49.1,Preliminar
24015120,ISLA DEL SANTUARIO [24015120],PRECIPITACION,Precipitación total mensual,2021-03-01 00:00,mm,132.3,Preliminar
24015120,ISLA DEL SANTUARIO [24015120],PRECIPITACION,Precipitación total mensual,2021-04-01 00:00,mm,131.5,Preliminar
24015120,ISLA DEL SANTUARIO [24015120],PRECIPITACION,Precipitación total mensual,2021-05-01 00:00,mm,126.5,Preliminar
24015120,ISLA DEL SANTUARIO [24015120],PRECIPITACION,Precipitación total mensual,2021-06-01 00:00,mm,176.8,Preliminar
24015120,ISLA DEL SANTUARIO [24015120],PRECIPITACION,Precipitación total mensual,2021-07-01 00:00,mm,11.8,Preliminar
24015120,ISLA DEL SANTUARIO [24015120],PRECIPITACION,Precipitación total mensual,2021-08-01 00:00,mm,103.3,Preliminar
24015120,ISLA DEL SANTUARIO [24015120],PRECIPITACION,Precipitación total mensual,2021-09-01 00:00,mm,68.8,Preliminar
24015120,ISLA DEL SANTUARIO [24015120],PRECIPITACION,Precipitación total mensual,2021-10-01 00:00,mm,206.1,Preliminar
24015120,ISLA DEL SANTUARIO [24015120],PRECIPITACION,Precipitación total mensual,2021-11-01 00:00,mm,192.6,Preliminar
24015120,ISLA DEL SANTUARIO [24015120],PRECIPITACION,Precipitación total mensual,2021-12-01 00:00,mm,57.8,Preliminar
24015120,ISLA DEL SANTUARIO [24015120],PRECIPITACION,Precipitación total mensual,2022-01-01 00:00,mm,26.6,Preliminar
24015120,ISLA DEL SANTUARIO [24015120],PRECIPITACION,Precipitación total mensual,2022-02-01 00:00,mm,139.5,Preliminar
24015120,ISLA DEL SANTUARIO [24015120],PRECIPITACION,Precipitación total mensual,2022-03-01 00:00,mm,132.3,Preliminar
24015120,ISLA DEL SANTUARIO [24015120],PRECIPITACION,Precipitación total mensual,2022-04-01 00:00,mm,112.2,Preliminar
24015120,ISLA DEL SANTUARIO [24015120],PRECIPITACION,Precipitación total mensual,2022-05-01 00:00,mm,162.5,Preliminar
24015120,ISLA DEL SANTUARIO [24015120],PRECIPITACION,Precipitación total mensual,2022-06-01 00:00,mm,146.9,Preliminar
24015120,ISLA DEL SANTUARIO [24015120],PRECIPITACION,Precipitación total mensual,2022-07-01 00:00,mm,70.5,Preliminar
24015120,ISLA DEL SANTUARIO [24015120],PRECIPITACION,Precipitación total mensual,2022-08-01 00:00,mm,103.7,Preliminar
24015120,ISLA DEL SANTUARIO [24015120],PRECIPITACION,Precipitación total mensual,2022-09-01 00:00,mm,91.7,Preliminar
24015120,ISLA DEL SANTUARIO [24015120],PRECIPITACION,Precipitación total mensual,2022-10-01 00:00,mm,215.8,Preliminar
24015120,ISLA DEL SANTUARIO [24015120],PRECIPITACION,Precipitación total mensual,2022-11-01 00:00,mm,207.5,Preliminar
24015120,ISLA DEL SANTUARIO [24015120],PRECIPITACION,Precipitación total mensual,2022-12-01 00:00,mm,67.1,Preliminar
24015120,ISLA DEL SANTUARIO [24015120],PRECIPITACION,Precipitación total mensual,2023-01-01 00:00,mm,103.7,Preliminar
24015120,ISLA DEL SANTUARIO [24015120],PRECIPITACION,Precipitación total mensual,2023-02-01 00:00,mm,55.8,Preliminar
24015120,ISLA DEL SANTUARIO [24015120],PRECIPITACION,Precipitación total mensual,2023-03-01 00:00,mm,111.6,Preliminar
24015120,ISLA DEL SANTUARIO [24015120],PRECIPITACION,Precipitación total mensual,2023-04-01 00:00,mm,152.2,Preliminar
24015120,ISLA DEL SANTUARIO [24015120],PRECIPITACION,Precipitación total mensual,2023-05-01 00:00,mm,38.8,Preliminar
24015120,ISLA DEL SANTUARIO [24015120],PRECIPITACION,Precipitación total mensual,2023-06-01 00:00,mm,47.4,Preliminar
24015120,ISLA DEL SANTUARIO [24015120],PRECIPITACION,Precipitación total mensual,2023-07-01 00:00,mm,39.3,Preliminar
24015120,ISLA DEL SANTUARIO [24015120],PRECIPITACION,Precipitación total mensual,2023-08-01 00:00,mm,25.5,Preliminar
24015120,ISLA DEL SANTUARIO [24015120],PRECIPITACION,Precipitación total mensual,2023-09-01 00:00,mm,11.1,Preliminar
24015120,ISLA DEL SANTUARIO [24015120],PRECIPITACION,Precipitación total mensual,2023-10-01 00:00,mm,156.2,Preliminar
24015120,ISLA DEL SANTUARIO [24015120],PRECIPITACION,Precipitación total mensual,2023-11-01 00:00,mm,75.3,Preliminar
24015120,ISLA DEL SANTUARIO [24015120],PRECIPITACION,Precipitación total mensual,2023-12-01 00:00,mm,25.9,Preliminar
24015120,ISLA DEL SANTUARIO [24015120],PRECIPITACION,Precipitación total mensual,2024-01-01 00:00,mm,15.6,Preliminar
24015120,ISLA DEL SANTUARIO [24015120],PRECIPITACION,Precipitación total mensual,2024-02-01 00:00,mm,16.9,Preliminar
24015120,ISLA DEL SANTUARIO [24015120],PRECIPITACION,Precipitación total mensual,2024-03-01 00:00,mm,67.6,Preliminar
24015120,ISLA DEL SANTUARIO [24015120],PRECIPITACION,Precipitación total mensual,2024-04-01 00:00,mm,174.5,Preliminar
24015120,ISLA DEL SANTUARIO [24015120],PRECIPITACION,Precipitación total mensual,2024-05-01 00:00,mm,93.4,Preliminar
24015120,ISLA DEL SANTUARIO [24015120],PRECIPITACION,Precipitación total mensual,2024-06-01 00:00,mm,122.4,Preliminar
24015120,ISLA DEL SANTUARIO [24015120],PRECIPITACION,Precipitación total mensual,2024-07-01 00:00,mm,11,Preliminar
24015120,ISLA DEL SANTUARIO [24015120],PRECIPITACION,Precipitación total mensual,2024-08-01 00:00,mm,13.5,Preliminar
24015120,ISLA DEL SANTUARIO [24015120],PRECIPITACION,Precipitación total mensual,2024-09-01 00:00,mm,74.6,Preliminar
24015120,ISLA DEL SANTUARIO [24015120],PRECIPITACION,Precipitación total mensual,2024-10-01 00:00,mm,174.1,Preliminar
24015120,ISLA DEL SANTUARIO [24015120],PRECIPITACION,Precipitación total mensual,2024-11-01 00:00,mm,229,Preliminar
24015120,ISLA DEL SANTUARIO [24015120],PRECIPITACION,Precipitación total mensual,2024-12-01 00:00,mm,99,Preliminar
24015120,ISLA DEL SANTUARIO [24015120],PRECIPITACION,Precipitación total mensual,2025-01-01 00:00,mm,17,Preliminar
24015120,ISLA DEL SANTUARIO [24015120],PRECIPITACION,Precipitación total mensual,2025-02-01 00:00,mm,126.4,Preliminar
24015120,ISLA DEL SANTUARIO [24015120],PRECIPITACION,Precipitación total mensual,2025-03-01 00:00,mm,189,Preliminar
24015120,ISLA DEL SANTUARIO [24015120],PRECIPITACION,Precipitación total mensual,2025-04-01 00:00,mm,149.4,Preliminar
24015120,ISLA DEL SANTUARIO [24015120],PRECIPITACION,Precipitación total mensual,2025-05-01 00:00,mm,89.7,Preliminar
24015120,ISLA DEL SANTUARIO [24015120],PRECIPITACION,Precipitación total mensual,2025-06-01 00:00,mm,96.5,Preliminar
24015120,ISLA DEL SANTUARIO [24015120],PRECIPITACION,Precipitación total mensual,2025-07-01 00:00,mm,20.3,Preliminar
24015120,ISLA DEL SANTUARIO [24015120],PRECIPITACION,Precipitación total mensual,2025-08-01 00:00,mm,62.7,Preliminar
24015120,ISLA DEL SANTUARIO [24015120],PRECIPITACION,Precipitación total mensual,2025-09-01 00:00,mm,40.2,Preliminar
24015120,ISLA DEL SANTUARIO [24015120],PRECIPITACION,Precipitación total mensual,2025-10-01 00:00,mm,49.9,Preliminar
24015120,ISLA DEL SANTUARIO [24015120],PRECIPITACION,Precipitación total mensual,2025-11-01 00:00,mm,132.1,Preliminar
24015120,ISLA DEL SANTUARIO [24015120],PRECIPITACION,Precipitación total mensual,2025-12-01 00:00,mm,56.8,Preliminar
24015120,ISLA DEL SANTUARIO [24015120],PRECIPITACION,Precipitación total mensual,2026-01-01 00:00,mm,57.4,Preliminar
24015120,ISLA DEL SANTUARIO [24015120],TEMPERATURA,Temperatura del aire media mensual,2000-03-01 00:00,degC,14.1049525101764,Preliminar
24015120,ISLA DEL SANTUARIO [24015120],TEMPERATURA,Temperatura del aire media mensual,2000-04-01 00:00,degC,14.1104861111111,Preliminar
24015120,ISLA DEL SANTUARIO [24015120],TEMPERATURA,Temperatura del aire media mensual,2000-05-01 00:00,degC,14.0591733870968,Preliminar
24015120,ISLA DEL SANTUARIO [24015120],TEMPERATURA,Temperatura del aire media mensual,2000-06-01 00:00,degC,14.5194097222222,Preliminar
24015120,ISLA DEL SANTUARIO [24015120],TEMPERATURA,Temperatura del aire media mensual,2000-07-01 00:00,degC,13.870060483871,Preliminar
24015120,ISLA DEL SANTUARIO [24015120],TEMPERATURA,Temperatura del aire media mensual,2000-08-01 00:00,degC,13.8989583333333,Preliminar
24015120,ISLA DEL SANTUARIO [24015120],TEMPERATURA,Temperatura del aire media mensual,2000-09-01 00:00,degC,14.332040229885,Preliminar
24015120,ISLA DEL SANTUARIO [24015120],TEMPERATURA,Temperatura del aire media mensual,2000-10-01 00:00,degC,14.2069556451613,Preliminar
24015120,ISLA DEL SANTUARIO [24015120],TEMPERATURA,Temperatura del aire media mensual,2000-11-01 00:00,degC,14.6944791666667,Preliminar
24015120,ISLA DEL SANTUARIO [24015120],TEMPERATURA,Temperatura del aire media mensual,2000-12-01 00:00,degC,14.4989930555556,Preliminar
24015120,ISLA DEL SANTUARIO [24015120],TEMPERATURA,Temperatura del aire media mensual,2001-01-01 00:00,degC,14.0204513888889,Preliminar
24015120,ISLA DEL SANTUARIO [24015120],TEMPERATURA,Temperatura del aire media mensual,2001-02-01 00:00,degC,14.3400669642857,Preliminar
24015120,ISLA DEL SANTUARIO [24015120],TEMPERATURA,Temperatura del aire media mensual,2001-03-01 00:00,degC,14.3300067204301,Preliminar
24015120,ISLA DEL SANTUARIO [24015120],TEMPERATURA,Temperatura del aire media mensual,2001-04-01 00:00,degC,14.924375,Preliminar
24015120,ISLA DEL SANTUARIO [24015120],TEMPERATURA,Temperatura del aire media mensual,2001-05-01 00:00,degC,14.7240301724138,Preliminar
24015120,ISLA DEL SANTUARIO [24015120],TEMPERATURA,Temperatura del aire media mensual,2001-06-01 00:00,degC,14.1821479885057,Preliminar
24015120,ISLA DEL SANTUARIO [24015120],TEMPERATURA,Temperatura del aire media mensual,2001-07-01 00:00,degC,13.4960685483871,Preliminar
24015120,ISLA DEL SANTUARIO [24015120],TEMPERATURA,Temperatura del aire media mensual,2001-08-01 00:00,degC,14.1997647849463,Preliminar
24015120,ISLA DEL SANTUARIO [24015120],TEMPERATURA,Temperatura del aire media mensual,2001-09-01 00:00,degC,13.9812847222222,Preliminar
24015120,ISLA DEL SANTUARIO [24015120],TEMPERATURA,Temperatura del aire media mensual,2001-10-01 00:00,degC,14.6221774193549,Preliminar
24015120,ISLA DEL SANTUARIO [24015120],TEMPERATURA,Temperatura del aire media mensual,2001-11-01 00:00,degC,14.6736458333333,Preliminar
24015120,ISLA DEL SANTUARIO [24015120],TEMPERATURA,Temperatura del aire media mensual,2001-12-01 00:00,degC,14.979065860215,Preliminar
24015120,ISLA DEL SANTUARIO [24015120],TEMPERATURA,Temperatura del aire media mensual,2002-01-01 00:00,degC,14.6729838709677,Preliminar
24015120,ISLA DEL SANTUARIO [24015120],TEMPERATURA,Temperatura del aire media mensual,2002-02-01 00:00,degC,14.8284855769231,Preliminar
24015120,ISLA DEL SANTUARIO [24015120],TEMPERATURA,Temperatura del aire media mensual,2002-03-01 00:00,degC,14.7448588709677,Preliminar
24015120,ISLA DEL SANTUARIO [24015120],TEMPERATURA,Temperatura del aire media mensual,2002-04-01 00:00,degC,14.2827083333333,Preliminar
24015120,ISLA DEL SANTUARIO [24015120],TEMPERATURA,Temperatura del aire media mensual,2002-05-01 00:00,degC,14.8275873655914,Preliminar
24015120,ISLA DEL SANTUARIO [24015120],TEMPERATURA,Temperatura del aire media mensual,2002-06-01 00:00,degC,14.3793055555555,Preliminar
24015120,ISLA DEL SANTUARIO [24015120],TEMPERATURA,Temperatura del aire media mensual,2002-07-01 00:00,degC,14.659744623656,Preliminar
24015120,ISLA DEL SANTUARIO [24015120],TEMPERATURA,Temperatura del aire media mensual,2002-08-01 00:00,degC,14.2743951612903,Preliminar
24015120,ISLA DEL SANTUARIO [24015120],TEMPERATURA,Temperatura del aire media mensual,2002-09-01 00:00,degC,14.3775862068965,Preliminar
24015120,ISLA DEL SANTUARIO [24015120],TEMPERATURA,Temperatura del aire media mensual,2002-10-01 00:00,degC,14.5758101851852,Preliminar
24015120,ISLA DEL SANTUARIO [24015120],TEMPERATURA,Temperatura del aire media mensual,2002-11-01 00:00,degC,14.3289236111111,Preliminar
24015120,ISLA DEL SANTUARIO [24015120],TEMPERATURA,Temperatura del aire media mensual,2002-12-01 00:00,degC,15.095882936508,Preliminar
24015120,ISLA DEL SANTUARIO [24015120],TEMPERATURA,Temperatura del aire media mensual,2003-01-01 00:00,degC,14.799255952381,Preliminar
24015120,ISLA DEL SANTUARIO [24015120],TEMPERATURA,Temperatura del aire media mensual,2003-02-01 00:00,degC,15.1483901515152,Preliminar
24015120,ISLA DEL SANTUARIO [24015120],TEMPERATURA,Temperatura del aire media mensual,2003-03-01 00:00,degC,13.8888480392157,Preliminar
24015120,ISLA DEL SANTUARIO [24015120],TEMPERATURA,Temperatura del aire media mensual,2003-04-01 00:00,degC,14.4275694444444,Preliminar
24015120,ISLA DEL SANTUARIO [24015120],TEMPERATURA,Temperatura del aire media mensual,2003-05-01 00:00,degC,14.9715725806452,Preliminar
24015120,ISLA DEL SANTUARIO [24015120],TEMPERATURA,Temperatura del aire media mensual,2003-06-01 00:00,degC,14.4228472222223,Preliminar
24015120,ISLA DEL SANTUARIO [24015120],TEMPERATURA,Temperatura del aire media mensual,2003-07-01 00:00,degC,14.2832997311828,Preliminar
24015120,ISLA DEL SANTUARIO [24015120],TEMPERATURA,Temperatura del aire media mensual,2003-08-01 00:00,degC,14.3737903225806,Preliminar
24015120,ISLA DEL SANTUARIO [24015120],TEMPERATURA,Temperatura del aire media mensual,2003-09-01 00:00,degC,14.3340625,Preliminar
24015120,ISLA DEL SANTUARIO [24015120],TEMPERATURA,Temperatura del aire media mensual,2003-10-01 00:00,degC,14.5029166666667,Preliminar
24015120,ISLA DEL SANTUARIO [24015120],TEMPERATURA,Temperatura del aire media mensual,2003-11-01 00:00,degC,14.5163194444444,Preliminar
24015120,ISLA DEL SANTUARIO [24015120],TEMPERATURA,Temperatura del aire media mensual,2003-12-01 00:00,degC,14.409375,Preliminar
24015120,ISLA DEL SANTUARIO [24015120],TEMPERATURA,Temperatura del aire media mensual,2004-01-01 00:00,degC,14.9117943548387,Preliminar
24015120,ISLA DEL SANTUARIO [24015120],TEMPERATURA,Temperatura del aire media mensual,2004-02-01 00:00,degC,15.1149425287356,Preliminar
24015120,ISLA DEL SANTUARIO [24015120],TEMPERATURA,Temperatura del aire media mensual,2004-03-01 00:00,degC,15.5850933908046,Preliminar
24015120,ISLA DEL SANTUARIO [24015120],TEMPERATURA,Temperatura del aire media mensual,2004-04-01 00:00,degC,14.5728819444444,Preliminar
24015120,ISLA DEL SANTUARIO [24015120],TEMPERATURA,Temperatura del aire media mensual,2004-05-01 00:00,degC,14.9034946236559,Preliminar
24015120,ISLA DEL SANTUARIO [24015120],TEMPERATURA,Temperatura del aire media mensual,2004-06-01 00:00,degC,14.2955208333333,Preliminar
24015120,ISLA DEL SANTUARIO [24015120],TEMPERATURA,Temperatura del aire media mensual,2004-07-01 00:00,degC,13.8434811827957,Preliminar
24015120,ISLA DEL SANTUARIO [24015120],TEMPERATURA,Temperatura del aire media mensual,2005-01-01 00:00,degC,14.6205223880597,Preliminar
24015120,ISLA DEL SANTUARIO [24015120],TEMPERATURA,Temperatura del aire media mensual,2005-02-01 00:00,degC,15.1364583333333,Preliminar
24015120,ISLA DEL SANTUARIO [24015120],TEMPERATURA,Temperatura del aire media mensual,2005-03-01 00:00,degC,15.7244971264368,Preliminar
24015120,ISLA DEL SANTUARIO [24015120],TEMPERATURA,Temperatura del aire media mensual,2005-04-01 00:00,degC,15.0948611111112,Preliminar
24015120,ISLA DEL SANTUARIO [24015120],TEMPERATURA,Temperatura del aire media mensual,2005-05-01 00:00,degC,14.6849702380953,Preliminar
24015120,ISLA DEL SANTUARIO [24015120],TEMPERATURA,Temperatura del aire media mensual,2005-06-01 00:00,degC,14.4608477011495,Preliminar
24015120,ISLA DEL SANTUARIO [24015120],TEMPERATURA,Temperatura del aire media mensual,2005-07-01 00:00,degC,13.5809722222222,Preliminar
24015120,ISLA DEL SANTUARIO [24015120],TEMPERATURA,Temperatura del aire media mensual,2005-08-01 00:00,degC,13.3263888888889,Preliminar
24015120,ISLA DEL SANTUARIO [24015120],TEMPERATURA,Temperatura del aire media mensual,2005-09-01 00:00,degC,13.5158333333333,Preliminar
24015120,ISLA DEL SANTUARIO [24015120],TEMPERATURA,Temperatura del aire media mensual,2005-10-01 00:00,degC,13.8863575268817,Preliminar
24015120,ISLA DEL SANTUARIO [24015120],TEMPERATURA,Temperatura del aire media mensual,2005-11-01 00:00,degC,14.5648611111111,Preliminar
24015120,ISLA DEL SANTUARIO [24015120],TEMPERATURA,Temperatura del aire media mensual,2005-12-01 00:00,degC,14.456182795699,Preliminar
24015120,ISLA DEL SANTUARIO [24015120],TEMPERATURA,Temperatura del aire media mensual,2006-01-01 00:00,degC,13.7278504672897,Preliminar
24015120,ISLA DEL SANTUARIO [24015120],TEMPERATURA,Temperatura del aire media mensual,2006-02-01 00:00,degC,14.8415211970075,Preliminar
24015120,ISLA DEL SANTUARIO [24015120],TEMPERATURA,Temperatura del aire media mensual,2006-03-01 00:00,degC,14.0202932098765,Preliminar
24015120,ISLA DEL SANTUARIO [24015120],TEMPERATURA,Temperatura del aire media mensual,2006-04-01 00:00,degC,14.3078993055556,Preliminar
24015120,ISLA DEL SANTUARIO [24015120],TEMPERATURA,Temperatura del aire media mensual,2006-05-01 00:00,degC,14.4446314102564,Preliminar
24015120,ISLA DEL SANTUARIO [24015120],TEMPERATURA,Temperatura del aire media mensual,2006-06-01 00:00,degC,14.1347701149425,Preliminar
24015120,ISLA DEL SANTUARIO [24015120],TEMPERATURA,Temperatura del aire media mensual,2006-07-01 00:00,degC,14.0304597701149,Preliminar
24015120,ISLA DEL SANTUARIO [24015120],TEMPERATURA,Temperatura del aire media mensual,2006-08-01 00:00,degC,14.2384068278805,Preliminar
24015120,ISLA DEL SANTUARIO [24015120],TEMPERATURA,Temperatura del aire media mensual,2006-09-01 00:00,degC,13.954495412844,Preliminar
24015120,ISLA DEL SANTUARIO [24015120],TEMPERATURA,Temperatura del aire media mensual,2006-10-01 00:00,degC,13.949537037037,Preliminar
24015120,ISLA DEL SANTUARIO [24015120],TEMPERATURA,Temperatura del aire media mensual,2006-11-01 00:00,degC,14.2181343770385,Preliminar
24015120,ISLA DEL SANTUARIO [24015120],TEMPERATURA,Temperatura del aire media mensual,2007-01-01 00:00,degC,14.2671654197839,Preliminar
24015120,ISLA DEL SANTUARIO [24015120],TEMPERATURA,Temperatura del aire media mensual,2007-02-01 00:00,degC,13.6529265873016,Preliminar
24015120,ISLA DEL SANTUARIO [24015120],TEMPERATURA,Temperatura del aire media mensual,2007-03-01 00:00,degC,14.4666218637993,Preliminar
24015120,ISLA DEL SANTUARIO [24015120],TEMPERATURA,Temperatura del aire media mensual,2007-04-01 00:00,degC,14.9371168582376,Preliminar
24015120,ISLA DEL SANTUARIO [24015120],TEMPERATURA,Temperatura del aire media mensual,2007-05-01 00:00,degC,15.4196930946292,Preliminar
24015120,ISLA DEL SANTUARIO [24015120],TEMPERATURA,Temperatura del aire media mensual,2007-06-01 00:00,degC,14.4201230228471,Preliminar
24015120,ISLA DEL SANTUARIO [24015120],TEMPERATURA,Temperatura del aire media mensual,2007-07-01 00:00,degC,14.4104938271605,Preliminar
24015120,ISLA DEL SANTUARIO [24015120],TEMPERATURA,Temperatura del aire media mensual,2007-08-01 00:00,degC,13.874273989899,Preliminar
24015120,ISLA DEL SANTUARIO [24015120],TEMPERATURA,Temperatura del aire media mensual,2007-09-01 00:00,degC,14.4326923076922,Preliminar
24015120,ISLA DEL SANTUARIO [24015120],TEMPERATURA,Temperatura del aire media mensual,2007-10-01 00:00,degC,14.4929067460318,Preliminar
24015120,ISLA DEL SANTUARIO [24015120],TEMPERATURA,Temperatura del aire media mensual,2007-11-01 00:00,degC,14.4015277777778,Preliminar
24015120,ISLA DEL SANTUARIO [24015120],TEMPERATURA,Temperatura del aire media mensual,2007-12-01 00:00,degC,14.0482442748092,Preliminar
24015120,ISLA DEL SANTUARIO [24015120],TEMPERATURA,Temperatura del aire media mensual,2008-01-01 00:00,degC,14.0424635332253,Preliminar
24015120,ISLA DEL SANTUARIO [24015120],TEMPERATURA,Temperatura del aire media mensual,2008-02-01 00:00,degC,14.0432098765432,Preliminar
24015120,ISLA DEL SANTUARIO [24015120],TEMPERATURA,Temperatura del aire media mensual,2008-03-01 00:00,degC,13.9582175925925,Preliminar
24015120,ISLA DEL SANTUARIO [24015120],TEMPERATURA,Temperatura del aire media mensual,2008-04-01 00:00,degC,14.2612308429119,Preliminar
24015120,ISLA DEL SANTUARIO [24015120],TEMPERATURA,Temperatura del aire media mensual,2008-05-01 00:00,degC,14.3506944444445,Preliminar
24015120,ISLA DEL SANTUARIO [24015120],TEMPERATURA,Temperatura del aire media mensual,2008-06-01 00:00,degC,14.7628703703703,Preliminar
24015120,ISLA DEL SANTUARIO [24015120],TEMPERATURA,Temperatura del aire media mensual,2008-07-01 00:00,degC,14.1025231481481,Preliminar
24015120,ISLA DEL SANTUARIO [24015120],TEMPERATURA,Temperatura del aire media mensual,2008-08-01 00:00,degC,14.2754166666666,Preliminar
24015120,ISLA DEL SANTUARIO [24015120],TEMPERATURA,Temperatura del aire media mensual,2008-09-01 00:00,degC,14.4020833333333,Preliminar
24015120,ISLA DEL SANTUARIO [24015120],TEMPERATURA,Temperatura del aire media mensual,2008-10-01 00:00,degC,14.1149529569893,Preliminar
24015120,ISLA DEL SANTUARIO [24015120],TEMPERATURA,Temperatura del aire media mensual,2008-11-01 00:00,degC,14.5600347222222,Preliminar
24015120,ISLA DEL SANTUARIO [24015120],TEMPERATURA,Temperatura del aire media mensual,2008-12-01 00:00,degC,14.3889784946237,Preliminar
24015120,ISLA DEL SANTUARIO [24015120],TEMPERATURA,Temperatura del aire media mensual,2009-01-01 00:00,degC,14.6575000000001,Preliminar
24015120,ISLA DEL SANTUARIO [24015120],TEMPERATURA,Temperatura del aire media mensual,2009-02-01 00:00,degC,14.5313244047619,Preliminar
24015120,ISLA DEL SANTUARIO [24015120],TEMPERATURA,Temperatura del aire media mensual,2009-03-01 00:00,degC,14.6282930107527,Preliminar
24015120,ISLA DEL SANTUARIO [24015120],TEMPERATURA,Temperatura del aire media mensual,2009-04-01 00:00,degC,15.03625,Preliminar
24015120,ISLA DEL SANTUARIO [24015120],TEMPERATURA,Temperatura del aire media mensual,2009-05-01 00:00,degC,14.6464583333333,Preliminar
24015120,ISLA DEL SANTUARIO [24015120],TEMPERATURA,Temperatura del aire media mensual,2009-06-01 00:00,degC,14.6270833333333,Preliminar
24015120,ISLA DEL SANTUARIO [24015120],TEMPERATURA,Temperatura del aire media mensual,2009-07-01 00:00,degC,14.608355734767,Preliminar
24015120,ISLA DEL SANTUARIO [24015120],TEMPERATURA,Temperatura del aire media mensual,2009-08-01 00:00,degC,15.1034050179212,Preliminar
24015120,ISLA DEL SANTUARIO [24015120],TEMPERATURA,Temperatura del aire media mensual,2009-09-01 00:00,degC,14.8190277777778,Preliminar
24015120,ISLA DEL SANTUARIO [24015120],TEMPERATURA,Temperatura del aire media mensual,2010-01-01 00:00,degC,14.8993688639551,Preliminar
24015120,ISLA DEL SANTUARIO [24015120],TEMPERATURA,Temperatura del aire media mensual,2010-02-01 00:00,degC,15.8673344017094,Preliminar
24015120,ISLA DEL SANTUARIO [24015120],TEMPERATURA,Temperatura del aire media mensual,2010-03-01 00:00,degC,15.6665046296296,Preliminar
24015120,ISLA DEL SANTUARIO [24015120],TEMPERATURA,Temperatura del aire media mensual,2010-04-01 00:00,degC,15.5549305555555,Preliminar
24015120,ISLA DEL SANTUARIO [24015120],TEMPERATURA,Temperatura del aire media mensual,2010-05-01 00:00,degC,15.3122916666667,Preliminar
24015120,ISLA DEL SANTUARIO [24015120],TEMPERATURA,Temperatura del aire media mensual,2010-06-01 00:00,degC,14.809841954023,Preliminar
24015120,ISLA DEL SANTUARIO [24015120],TEMPERATURA,Temperatura del aire media mensual,2010-07-01 00:00,degC,14.2748563218391,Preliminar
24015120,ISLA DEL SANTUARIO [24015120],TEMPERATURA,Temperatura del aire media mensual,2010-08-01 00:00,degC,14.5415094339623,Preliminar
24015120,ISLA DEL SANTUARIO [24015120],TEMPERATURA,Temperatura del aire media mensual,2010-09-01 00:00,degC,14.1768583450211,Preliminar
24015120,ISLA DEL SANTUARIO [24015120],TEMPERATURA,Temperatura del aire media mensual,2010-10-01 00:00,degC,14.1372688477952,Preliminar
24015120,ISLA DEL SANTUARIO [24015120],TEMPERATURA,Temperatura del aire media mensual,2010-11-01 00:00,degC,14.0499274310594,Preliminar
24015120,ISLA DEL SANTUARIO [24015120],TEMPERATURA,Temperatura del aire media mensual,2010-12-01 00:00,degC,13.8892361111111,Preliminar
24015120,ISLA DEL SANTUARIO [24015120],TEMPERATURA,Temperatura del aire media mensual,2011-01-01 00:00,degC,14.2620138888888,Preliminar
24015120,ISLA DEL SANTUARIO [24015120],TEMPERATURA,Temperatura del aire media mensual,2011-02-01 00:00,degC,14.0658854166667,Preliminar
24015120,ISLA DEL SANTUARIO [24015120],TEMPERATURA,Temperatura del aire media mensual,2011-03-01 00:00,degC,13.9561111111111,Preliminar
24015120,ISLA DEL SANTUARIO [24015120],TEMPERATURA,Temperatura del aire media mensual,2011-04-01 00:00,degC,14.2753720238095,Preliminar
24015120,ISLA DEL SANTUARIO [24015120],TEMPERATURA,Temperatura del aire media mensual,2011-05-01 00:00,degC,14.9561111111111,Preliminar
24015120,ISLA DEL SANTUARIO [24015120],TEMPERATURA,Temperatura del aire media mensual,2011-06-01 00:00,degC,14.976,Preliminar
24015120,ISLA DEL SANTUARIO [24015120],TEMPERATURA,Temperatura del aire media mensual,2011-07-01 00:00,degC,14.218125,Preliminar
24015120,ISLA DEL SANTUARIO [24015120],TEMPERATURA,Temperatura del aire media mensual,2011-08-01 00:00,degC,14.5370138888889,Preliminar
24015120,ISLA DEL SANTUARIO [24015120],TEMPERATURA,Temperatura del aire media mensual,2011-09-01 00:00,degC,14.3428685897435,Preliminar
24015120,ISLA DEL SANTUARIO [24015120],TEMPERATURA,Temperatura del aire media mensual,2011-10-01 00:00,degC,13.8129032258064,Preliminar
24015120,ISLA DEL SANTUARIO [24015120],TEMPERATURA,Temperatura del aire media mensual,2011-11-01 00:00,degC,14.1303472222222,Preliminar
24015120,ISLA DEL SANTUARIO [24015120],TEMPERATURA,Temperatura del aire media mensual,2011-12-01 00:00,degC,14.4487351190476,Preliminar
24015120,ISLA DEL SANTUARIO [24015120],TEMPERATURA,Temperatura del aire media mensual,2012-01-01 00:00,degC,14.7176388888889,Preliminar
24015120,ISLA DEL SANTUARIO [24015120],TEMPERATURA,Temperatura del aire media mensual,2012-02-01 00:00,degC,14.5644230769231,Preliminar
24015120,ISLA DEL SANTUARIO [24015120],TEMPERATURA,Temperatura del aire media mensual,2012-03-01 00:00,degC,14.5334722222222,Preliminar
24015120,ISLA DEL SANTUARIO [24015120],TEMPERATURA,Temperatura del aire media mensual,2012-04-01 00:00,degC,14.2870689655172,Preliminar
24015120,ISLA DEL SANTUARIO [24015120],TEMPERATURA,Temperatura del aire media mensual,2012-05-01 00:00,degC,14.8487787356322,Preliminar
24015120,ISLA DEL SANTUARIO [24015120],TEMPERATURA,Temperatura del aire media mensual,2012-06-01 00:00,degC,14.4380208333334,Preliminar
24015120,ISLA DEL SANTUARIO [24015120],TEMPERATURA,Temperatura del aire media mensual,2012-07-01 00:00,degC,14.3693548387096,Preliminar
24015120,ISLA DEL SANTUARIO [24015120],TEMPERATURA,Temperatura del aire media mensual,2012-08-01 00:00,degC,14.463318452381,Preliminar
24015120,ISLA DEL SANTUARIO [24015120],TEMPERATURA,Temperatura del aire media mensual,2012-09-01 00:00,degC,14.0822533136966,Preliminar
24015120,ISLA DEL SANTUARIO [24015120],TEMPERATURA,Temperatura del aire media mensual,2012-10-01 00:00,degC,14.5122795115333,Preliminar
24015120,ISLA DEL SANTUARIO [24015120],TEMPERATURA,Temperatura del aire media mensual,2012-11-01 00:00,degC,14.7075694444444,Preliminar
24015120,ISLA DEL SANTUARIO [24015120],TEMPERATURA,Temperatura del aire media mensual,2012-12-01 00:00,degC,14.0779569892473,Preliminar
24015120,ISLA DEL SANTUARIO [24015120],TEMPERATURA,Temperatura del aire media mensual,2013-01-01 00:00,degC,14.8604166666666,Preliminar
24015120,ISLA DEL SANTUARIO [24015120],TEMPERATURA,Temperatura del aire media mensual,2013-02-01 00:00,degC,14.7285714285714,Preliminar
24015120,ISLA DEL SANTUARIO [24015120],TEMPERATURA,Temperatura del aire media mensual,2013-03-01 00:00,degC,14.9413461538461,Preliminar
24015120,ISLA DEL SANTUARIO [24015120],TEMPERATURA,Temperatura del aire media mensual,2013-04-01 00:00,degC,15.3580357142857,Preliminar
24015120,ISLA DEL SANTUARIO [24015120],TEMPERATURA,Temperatura del aire media mensual,2013-05-01 00:00,degC,14.7287634408602,Preliminar
24015120,ISLA DEL SANTUARIO [24015120],TEMPERATURA,Temperatura del aire media mensual,2013-06-01 00:00,degC,14.8286111111111,Preliminar
24015120,ISLA DEL SANTUARIO [24015120],TEMPERATURA,Temperatura del aire media mensual,2013-07-01 00:00,degC,14.410752688172,Preliminar
24015120,ISLA DEL SANTUARIO [24015120],TEMPERATURA,Temperatura del aire media mensual,2013-08-01 00:00,degC,14.5067361111111,Preliminar
24015120,ISLA DEL SANTUARIO [24015120],TEMPERATURA,Temperatura del aire media mensual,2013-09-01 00:00,degC,14.6178819444444,Preliminar
24015120,ISLA DEL SANTUARIO [24015120],TEMPERATURA,Temperatura del aire media mensual,2014-01-01 00:00,degC,15.1511533242877,Preliminar
24015120,ISLA DEL SANTUARIO [24015120],TEMPERATURA,Temperatura del aire media mensual,2014-02-01 00:00,degC,15.6617063492063,Preliminar
24015120,ISLA DEL SANTUARIO [24015120],TEMPERATURA,Temperatura del aire media mensual,2014-03-01 00:00,degC,15.0080421146953,Preliminar
24015120,ISLA DEL SANTUARIO [24015120],TEMPERATURA,Temperatura del aire media mensual,2014-04-01 00:00,degC,15.0436111111111,Preliminar
24015120,ISLA DEL SANTUARIO [24015120],TEMPERATURA,Temperatura del aire media mensual,2014-05-01 00:00,degC,15.0036290322581,Preliminar
24015120,ISLA DEL SANTUARIO [24015120],TEMPERATURA,Temperatura del aire media mensual,2014-06-01 00:00,degC,14.8634722222222,Preliminar
24015120,ISLA DEL SANTUARIO [24015120],TEMPERATURA,Temperatura del aire media mensual,2014-07-01 00:00,degC,14.5162970430107,Preliminar
24015120,ISLA DEL SANTUARIO [24015120],TEMPERATURA,Temperatura del aire media mensual,2014-08-01 00:00,degC,14.3661290322581,Preliminar
24015120,ISLA DEL SANTUARIO [24015120],TEMPERATURA,Temperatura del aire media mensual,2014-09-01 00:00,degC,14.5732399425287,Preliminar
24015120,ISLA DEL SANTUARIO [24015120],TEMPERATURA,Temperatura del aire media mensual,2014-10-01 00:00,degC,14.6733198924731,Preliminar
24015120,ISLA DEL SANTUARIO [24015120],TEMPERATURA,Temperatura del aire media mensual,2014-11-01 00:00,degC,14.3860416666666,Preliminar
24015120,ISLA DEL SANTUARIO [24015120],TEMPERATURA,Temperatura del aire media mensual,2014-12-01 00:00,degC,14.8046370967742,Preliminar
24015120,ISLA DEL SANTUARIO [24015120],TEMPERATURA,Temperatura del aire media mensual,2015-01-01 00:00,degC,14.3398899587345,Preliminar
24015120,ISLA DEL SANTUARIO [24015120],TEMPERATURA,Temperatura del aire media mensual,2015-02-01 00:00,degC,14.8308646616541,Preliminar
24015120,ISLA DEL SANTUARIO [24015120],TEMPERATURA,Temperatura del aire media mensual,2015-03-01 00:00,degC,15.1705981182796,Preliminar
24015120,ISLA DEL SANTUARIO [24015120],TEMPERATURA,Temperatura del aire media mensual,2015-04-01 00:00,degC,15.0977083333333,Preliminar
24015120,ISLA DEL SANTUARIO [24015120],TEMPERATURA,Temperatura del aire media mensual,2015-05-01 00:00,degC,15.5866263440861,Preliminar
24015120,ISLA DEL SANTUARIO [24015120],TEMPERATURA,Temperatura del aire media mensual,2015-06-01 00:00,degC,14.7789583333334,Preliminar
24015120,ISLA DEL SANTUARIO [24015120],TEMPERATURA,Temperatura del aire media mensual,2015-07-01 00:00,degC,14.6448252688172,Preliminar
24015120,ISLA DEL SANTUARIO [24015120],TEMPERATURA,Temperatura del aire media mensual,2015-08-01 00:00,degC,14.9467069892473,Preliminar
24015120,ISLA DEL SANTUARIO [24015120],TEMPERATURA,Temperatura del aire media mensual,2015-09-01 00:00,degC,14.7726293103448,Preliminar
24015120,ISLA DEL SANTUARIO [24015120],TEMPERATURA,Temperatura del aire media mensual,2015-10-01 00:00,degC,15.2447368421053,Preliminar
24015120,ISLA DEL SANTUARIO [24015120],TEMPERATURA,Temperatura del aire media mensual,2015-11-01 00:00,degC,15.3788721804511,Preliminar
24015120,ISLA DEL SANTUARIO [24015120],TEMPERATURA,Temperatura del aire media mensual,2015-12-01 00:00,degC,14.7194892473118,Preliminar
24015120,ISLA DEL SANTUARIO [24015120],TEMPERATURA,Temperatura del aire media mensual,2016-01-01 00:00,degC,15.7182675814751,Preliminar
24015120,ISLA DEL SANTUARIO [24015120],TEMPERATURA,Temperatura del aire media mensual,2016-02-01 00:00,degC,15.9369947275922,Preliminar
24015120,ISLA DEL SANTUARIO [24015120],TEMPERATURA,Temperatura del aire media mensual,2016-03-01 00:00,degC,16.4828125,Preliminar
24015120,ISLA DEL SANTUARIO [24015120],TEMPERATURA,Temperatura del aire media mensual,2016-04-01 00:00,degC,15.7763649425287,Preliminar
24015120,ISLA DEL SANTUARIO [24015120],TEMPERATURA,Temperatura del aire media mensual,2016-05-01 00:00,degC,15.5416666666667,Preliminar
24015120,ISLA DEL SANTUARIO [24015120],TEMPERATURA,Temperatura del aire media mensual,2016-06-01 00:00,degC,14.9442361111111,Preliminar
24015120,ISLA DEL SANTUARIO [24015120],TEMPERATURA,Temperatura del aire media mensual,2016-07-01 00:00,degC,14.4854838709677,Preliminar
24015120,ISLA DEL SANTUARIO [24015120],TEMPERATURA,Temperatura del aire media mensual,2016-08-01 00:00,degC,14.9811155913978,Preliminar
24015120,ISLA DEL SANTUARIO [24015120],TEMPERATURA,Temperatura del aire media mensual,2016-09-01 00:00,degC,14.8595833333334,Preliminar
24015120,ISLA DEL SANTUARIO [24015120],TEMPERATURA,Temperatura del aire media mensual,2016-10-01 00:00,degC,15.1310483870968,Preliminar
24015120,ISLA DEL SANTUARIO [24015120],TEMPERATURA,Temperatura del aire media mensual,2016-11-01 00:00,degC,14.8336206896551,Preliminar
24015120,ISLA DEL SANTUARIO [24015120],TEMPERATURA,Temperatura del aire media mensual,2016-12-01 00:00,degC,14.5504704301076,Preliminar
24015120,ISLA DEL SANTUARIO [24015120],TEMPERATURA,Temperatura del aire media mensual,2017-01-01 00:00,degC,14.2129704301075,Preliminar
24015120,ISLA DEL SANTUARIO [24015120],TEMPERATURA,Temperatura del aire media mensual,2017-02-01 00:00,degC,14.7073660714286,Preliminar
24015120,ISLA DEL SANTUARIO [24015120],TEMPERATURA,Temperatura del aire media mensual,2017-03-01 00:00,degC,14.8027553763441,Preliminar
24015120,ISLA DEL SANTUARIO [24015120],TEMPERATURA,Temperatura del aire media mensual,2017-04-01 00:00,degC,16.0155092592592,Preliminar
24015120,ISLA DEL SANTUARIO [24015120],TEMPERATURA,Temperatura del aire media mensual,2017-05-01 00:00,degC,15.0005555555556,Preliminar
24015120,ISLA DEL SANTUARIO [24015120],TEMPERATURA,Temperatura del aire media mensual,2017-06-01 00:00,degC,15.224375,Preliminar
24015120,ISLA DEL SANTUARIO [24015120],TEMPERATURA,Temperatura del aire media mensual,2017-07-01 00:00,degC,16.6720206093189,Preliminar
24015120,ISLA DEL SANTUARIO [24015120],TEMPERATURA,Temperatura del aire media mensual,2017-08-01 00:00,degC,15.5567592592592,Preliminar
24015120,ISLA DEL SANTUARIO [24015120],TEMPERATURA,Temperatura del aire media mensual,2017-09-01 00:00,degC,16.3008333333333,Preliminar
24015120,ISLA DEL SANTUARIO [24015120],TEMPERATURA,Temperatura del aire media mensual,2017-10-01 00:00,degC,15.3693548387097,Preliminar
24015120,ISLA DEL SANTUARIO [24015120],TEMPERATURA,Temperatura del aire media mensual,2017-11-01 00:00,degC,15.5465972222222,Preliminar
24015120,ISLA DEL SANTUARIO [24015120],TEMPERATURA,Temperatura del aire media mensual,2017-12-01 00:00,degC,15.0923132183908,Preliminar
24015120,ISLA DEL SANTUARIO [24015120],TEMPERATURA,Temperatura del aire media mensual,2018-01-01 00:00,degC,14.735625,Preliminar
24015120,ISLA DEL SANTUARIO [24015120],TEMPERATURA,Temperatura del aire media mensual,2018-02-01 00:00,degC,14.6613425925926,Preliminar
24015120,ISLA DEL SANTUARIO [24015120],TEMPERATURA,Temperatura del aire media mensual,2018-03-01 00:00,degC,15.5419166666668,Preliminar
24015120,ISLA DEL SANTUARIO [24015120],TEMPERATURA,Temperatura del aire media mensual,2018-04-01 00:00,degC,14.9291666666666,Preliminar
24015120,ISLA DEL SANTUARIO [24015120],TEMPERATURA,Temperatura del aire media mensual,2018-05-01 00:00,degC,15.2503360215053,Preliminar
24015120,ISLA DEL SANTUARIO [24015120],TEMPERATURA,Temperatura del aire media mensual,2018-06-01 00:00,degC,14.6972222222223,Preliminar
24015120,ISLA DEL SANTUARIO [24015120],TEMPERATURA,Temperatura del aire media mensual,2018-07-01 00:00,degC,15.6888440860216,Preliminar
24015120,ISLA DEL SANTUARIO [24015120],TEMPERATURA,Temperatura del aire media mensual,2018-08-01 00:00,degC,14.4875672043011,Preliminar
24015120,ISLA DEL SANTUARIO [24015120],TEMPERATURA,Temperatura del aire media mensual,2018-09-01 00:00,degC,15.2990277777777,Preliminar
24015120,ISLA DEL SANTUARIO [24015120],TEMPERATURA,Temperatura del aire media mensual,2018-10-01 00:00,degC,14.9738575268817,Preliminar
24015120,ISLA DEL SANTUARIO [24015120],TEMPERATURA,Temperatura del aire media mensual,2018-11-01 00:00,degC,15.1881944444445,Preliminar
24015120,ISLA DEL SANTUARIO [24015120],TEMPERATURA,Temperatura del aire media mensual,2018-12-01 00:00,degC,14.2801075268817,Preliminar
24015120,ISLA DEL SANTUARIO [24015120],TEMPERATURA,Temperatura del aire media mensual,2019-01-01 00:00,degC,14.4785618279569,Preliminar
24015120,ISLA DEL SANTUARIO [24015120],TEMPERATURA,Temperatura del aire media mensual,2019-02-01 00:00,degC,15.685193452381,Preliminar
24015120,ISLA DEL SANTUARIO [24015120],TEMPERATURA,Temperatura del aire media mensual,2019-03-01 00:00,degC,15.6299059139785,Preliminar
24015120,ISLA DEL SANTUARIO [24015120],TEMPERATURA,Temperatura del aire media mensual,2019-04-01 00:00,degC,15.331875,Preliminar
24015120,ISLA DEL SANTUARIO [24015120],TEMPERATURA,Temperatura del aire media mensual,2019-05-01 00:00,degC,15.1940188172043,Preliminar
24015120,ISLA DEL SANTUARIO [24015120],TEMPERATURA,Temperatura del aire media mensual,2019-06-01 00:00,degC,14.7884722222223,Preliminar
24015120,ISLA DEL SANTUARIO [24015120],TEMPERATURA,Temperatura del aire media mensual,2019-07-01 00:00,degC,14.6783602150538,Preliminar
24015120,ISLA DEL SANTUARIO [24015120],TEMPERATURA,Temperatura del aire media mensual,2019-08-01 00:00,degC,14.4730510752688,Preliminar
24015120,ISLA DEL SANTUARIO [24015120],TEMPERATURA,Temperatura del aire media mensual,2019-09-01 00:00,degC,14.7364583333333,Preliminar
24015120,ISLA DEL SANTUARIO [24015120],TEMPERATURA,Temperatura del aire media mensual,2019-10-01 00:00,degC,14.5368951612903,Preliminar
24015120,ISLA DEL SANTUARIO [24015120],TEMPERATURA,Temperatura del aire media mensual,2019-11-01 00:00,degC,15.161875,Preliminar
24015120,ISLA DEL SANTUARIO [24015120],TEMPERATURA,Temperatura del aire media mensual,2019-12-01 00:00,degC,15.1235887096774,Preliminar
24015120,ISLA DEL SANTUARIO [24015120],TEMPERATURA,Temperatura del aire media mensual,2020-01-01 00:00,degC,14.9473790322581,Preliminar
24015120,ISLA DEL SANTUARIO [24015120],TEMPERATURA,Temperatura del aire media mensual,2020-02-01 00:00,degC,15.30625,Preliminar
24015120,ISLA DEL SANTUARIO [24015120],TEMPERATURA,Temperatura del aire media mensual,2020-03-01 00:00,degC,15.4643817204301,Preliminar
24015120,ISLA DEL SANTUARIO [24015120],TEMPERATURA,Temperatura del aire media mensual,2020-04-01 00:00,degC,15.4352083333334,Preliminar
24015120,ISLA DEL SANTUARIO [24015120],TEMPERATURA,Temperatura del aire media mensual,2020-05-01 00:00,degC,15.3049059139785,Preliminar
24015120,ISLA DEL SANTUARIO [24015120],TEMPERATURA,Temperatura del aire media mensual,2020-06-01 00:00,degC,14.9645833333333,Preliminar
24015120,ISLA DEL SANTUARIO [24015120],TEMPERATURA,Temperatura del aire media mensual,2020-07-01 00:00,degC,14.5885080645161,Preliminar
24015120,ISLA DEL SANTUARIO [24015120],TEMPERATURA,Temperatura del aire media mensual,2020-08-01 00:00,degC,15.0976478494624,Preliminar
24015120,ISLA DEL SANTUARIO [24015120],TEMPERATURA,Temperatura del aire media mensual,2020-09-01 00:00,degC,14.8938888888889,Preliminar
24015120,ISLA DEL SANTUARIO [24015120],TEMPERATURA,Temperatura del aire media mensual,2020-10-01 00:00,degC,15.1168682795699,Preliminar
24015120,ISLA DEL SANTUARIO [24015120],TEMPERATURA,Temperatura del aire media mensual,2020-11-01 00:00,degC,14.8510416666666,Preliminar
24015120,ISLA DEL SANTUARIO [24015120],TEMPERATURA,Temperatura del aire media mensual,2020-12-01 00:00,degC,15.0624327956989,Preliminar
24015120,ISLA DEL SANTUARIO [24015120],TEMPERATURA,Temperatura del aire media mensual,2021-01-01 00:00,degC,14.9663306451613,Preliminar
24015120,ISLA DEL SANTUARIO [24015120],TEMPERATURA,Temperatura del aire media mensual,2021-02-01 00:00,degC,15.0109375,Preliminar
24015120,ISLA DEL SANTUARIO [24015120],TEMPERATURA,Temperatura del aire media mensual,2021-03-01 00:00,degC,14.1881720430107,Preliminar
24015120,ISLA DEL SANTUARIO [24015120],TEMPERATURA,Temperatura del aire media mensual,2021-04-01 00:00,degC,14.8312500000001,Preliminar
24015120,ISLA DEL SANTUARIO [24015120],TEMPERATURA,Temperatura del aire media mensual,2021-05-01 00:00,degC,15.0243951612903,Preliminar
24015120,ISLA DEL SANTUARIO [24015120],TEMPERATURA,Temperatura del aire media mensual,2021-06-01 00:00,degC,14.7952083333333,Preliminar
24015120,ISLA DEL SANTUARIO [24015120],TEMPERATURA,Temperatura del aire media mensual,2021-07-01 00:00,degC,15.3668010752688,Preliminar
24015120,ISLA DEL SANTUARIO [24015120],TEMPERATURA,Temperatura del aire media mensual,2021-08-01 00:00,degC,14.5131048387097,Preliminar
24015120,ISLA DEL SANTUARIO [24015120],TEMPERATURA,Temperatura del aire media mensual,2021-09-01 00:00,degC,14.4900694444445,Preliminar
24015120,ISLA DEL SANTUARIO [24015120],TEMPERATURA,Temperatura del aire media mensual,2021-10-01 00:00,degC,14.7864247311828,Preliminar
24015120,ISLA DEL SANTUARIO [24015120],TEMPERATURA,Temperatura del aire media mensual,2021-11-01 00:00,degC,15.0365277777778,Preliminar
24015120,ISLA DEL SANTUARIO [24015120],TEMPERATURA,Temperatura del aire media mensual,2021-12-01 00:00,degC,15.3787634408602,Preliminar
24015120,ISLA DEL SANTUARIO [24015120],TEMPERATURA,Temperatura del aire media mensual,2022-01-01 00:00,degC,15.0120967741936,Preliminar
24015120,ISLA DEL SANTUARIO [24015120],TEMPERATURA,Temperatura del aire media mensual,2022-02-01 00:00,degC,14.9918898809524,Preliminar
24015120,ISLA DEL SANTUARIO [24015120],TEMPERATURA,Temperatura del aire media mensual,2022-03-01 00:00,degC,14.4115591397849,Preliminar
24015120,ISLA DEL SANTUARIO [24015120],TEMPERATURA,Temperatura del aire media mensual,2022-04-01 00:00,degC,14.5239583333334,Preliminar
24015120,ISLA DEL SANTUARIO [24015120],TEMPERATURA,Temperatura del aire media mensual,2022-05-01 00:00,degC,14.471370967742,Preliminar
24015120,ISLA DEL SANTUARIO [24015120],TEMPERATURA,Temperatura del aire media mensual,2022-06-01 00:00,degC,13.8681944444444,Preliminar
24015120,ISLA DEL SANTUARIO [24015120],TEMPERATURA,Temperatura del aire media mensual,2022-07-01 00:00,degC,14.6435483870968,Preliminar
24015120,ISLA DEL SANTUARIO [24015120],TEMPERATURA,Temperatura del aire media mensual,2022-08-01 00:00,degC,14.3141801075269,Preliminar
24015120,ISLA DEL SANTUARIO [24015120],TEMPERATURA,Temperatura del aire media mensual,2022-09-01 00:00,degC,14.0517361111112,Preliminar
24015120,ISLA DEL SANTUARIO [24015120],TEMPERATURA,Temperatura del aire media mensual,2022-10-01 00:00,degC,14.5956989247312,Preliminar
24015120,ISLA DEL SANTUARIO [24015120],TEMPERATURA,Temperatura del aire media mensual,2022-11-01 00:00,degC,14.9315972222223,Preliminar
24015120,ISLA DEL SANTUARIO [24015120],TEMPERATURA,Temperatura del aire media mensual,2022-12-01 00:00,degC,14.6497311827957,Preliminar
24015120,ISLA DEL SANTUARIO [24015120],TEMPERATURA,Temperatura del aire media mensual,2023-01-01 00:00,degC,14.5352822580645,Preliminar
24015120,ISLA DEL SANTUARIO [24015120],TEMPERATURA,Temperatura del aire media mensual,2023-02-01 00:00,degC,15.2277529761904,Preliminar
24015120,ISLA DEL SANTUARIO [24015120],TEMPERATURA,Temperatura del aire media mensual,2023-03-01 00:00,degC,14.7925403225806,Preliminar
24015120,ISLA DEL SANTUARIO [24015120],TEMPERATURA,Temperatura del aire media mensual,2023-04-01 00:00,degC,14.8847222222222,Preliminar
24015120,ISLA DEL SANTUARIO [24015120],TEMPERATURA,Temperatura del aire media mensual,2023-05-01 00:00,degC,15.558938172043,Preliminar
24015120,ISLA DEL SANTUARIO [24015120],TEMPERATURA,Temperatura del aire media mensual,2023-06-01 00:00,degC,14.50234375,Preliminar
24015120,ISLA DEL SANTUARIO [24015120],TEMPERATURA,Temperatura del aire media mensual,2023-07-01 00:00,degC,15.0698252688172,Preliminar
24015120,ISLA DEL SANTUARIO [24015120],TEMPERATURA,Temperatura del aire media mensual,2023-08-01 00:00,degC,15.4954973118279,Preliminar
24015120,ISLA DEL SANTUARIO [24015120],TEMPERATURA,Temperatura del aire media mensual,2023-09-01 00:00,degC,15.8521666666666,Preliminar
24015120,ISLA DEL SANTUARIO [24015120],TEMPERATURA,Temperatura del aire media mensual,2023-10-01 00:00,degC,15.8415922619047,Preliminar
24015120,ISLA DEL SANTUARIO [24015120],TEMPERATURA,Temperatura del aire media mensual,2023-11-01 00:00,degC,16.0016666666666,Preliminar
24015120,ISLA DEL SANTUARIO [24015120],TEMPERATURA,Temperatura del aire media mensual,2023-12-01 00:00,degC,16.3867950481431,Preliminar
24015120,ISLA DEL SANTUARIO [24015120],TEMPERATURA,Temperatura del aire media mensual,2024-01-01 00:00,degC,16.4807327001356,Preliminar
24015120,ISLA DEL SANTUARIO [24015120],TEMPERATURA,Temperatura del aire media mensual,2024-02-01 00:00,degC,16.5625718390804,Preliminar
24015120,ISLA DEL SANTUARIO [24015120],TEMPERATURA,Temperatura del aire media mensual,2024-03-01 00:00,degC,16.678494623656,Preliminar
24015120,ISLA DEL SANTUARIO [24015120],TEMPERATURA,Temperatura del aire media mensual,2024-04-01 00:00,degC,15.3626388888889,Preliminar
24015120,ISLA DEL SANTUARIO [24015120],TEMPERATURA,Temperatura del aire media mensual,2024-05-01 00:00,degC,16.0797715053763,Preliminar
24015120,ISLA DEL SANTUARIO [24015120],TEMPERATURA,Temperatura del aire media mensual,2024-06-01 00:00,degC,15.6466666666666,Preliminar
24015120,ISLA DEL SANTUARIO [24015120],TEMPERATURA,Temperatura del aire media mensual,2024-07-01 00:00,degC,15.5760752688172,Preliminar
24015120,ISLA DEL SANTUARIO [24015120],TEMPERATURA,Temperatura del aire media mensual,2024-08-01 00:00,degC,15.1844758064515,Preliminar
24015120,ISLA DEL SANTUARIO [24015120],TEMPERATURA,Temperatura del aire media mensual,2024-09-01 00:00,degC,15.527011494253,Preliminar
24015120,ISLA DEL SANTUARIO [24015120],TEMPERATURA,Temperatura del aire media mensual,2024-10-01 00:00,degC,15.3556451612903,Preliminar
24015120,ISLA DEL SANTUARIO [24015120],TEMPERATURA,Temperatura del aire media mensual,2024-11-01 00:00,degC,14.7899305555556,Preliminar
24015120,ISLA DEL SANTUARIO [24015120],TEMPERATURA,Temperatura del aire media mensual,2024-12-01 00:00,degC,15.2498456790124,Preliminar
24015120,ISLA DEL SANTUARIO [24015120],TEMPERATURA,Temperatura del aire media mensual,2025-01-01 00:00,degC,14.5968705547653,Preliminar
24015120,ISLA DEL SANTUARIO [24015120],TEMPERATURA,Temperatura del aire media mensual,2025-02-01 00:00,degC,15.7673684210526,Preliminar
24015120,ISLA DEL SANTUARIO [24015120],TEMPERATURA,Temperatura del aire media mensual,2025-03-01 00:00,degC,15.0590972222223,Preliminar
24015120,ISLA DEL SANTUARIO [24015120],TEMPERATURA,Temperatura del aire media mensual,2025-04-01 00:00,degC,15.9282738095238,Preliminar
24015120,ISLA DEL SANTUARIO [24015120],TEMPERATURA,Temperatura del aire media mensual,2025-05-01 00:00,degC,16.2372311827957,Preliminar
24015120,ISLA DEL SANTUARIO [24015120],TEMPERATURA,Temperatura del aire media mensual,2025-06-01 00:00,degC,15.4441810344828,Preliminar
24015120,ISLA DEL SANTUARIO [24015120],TEMPERATURA,Temperatura del aire media mensual,2025-07-01 00:00,degC,15.0460349462366,Preliminar
24015120,ISLA DEL SANTUARIO [24015120],TEMPERATURA,Temperatura del aire media mensual,2025-08-01 00:00,degC,15.0827284946236,Preliminar
24015120,ISLA DEL SANTUARIO [24015120],TEMPERATURA,Temperatura del aire media mensual,2025-09-01 00:00,degC,15.3584077380953,Preliminar
24015120,ISLA DEL SANTUARIO [24015120],TEMPERATURA,Temperatura del aire media mensual,2025-10-01 00:00,degC,15.4996408045977,Preliminar
24015120,ISLA DEL SANTUARIO [24015120],TEMPERATURA,Temperatura del aire media mensual,2025-11-01 00:00,degC,15.6611111111111,Preliminar
24015120,ISLA DEL SANTUARIO [24015120],TEMPERATURA,Temperatura del aire media mensual,2025-12-01 00:00,degC,15.5377688172043,Preliminar
24015120,ISLA DEL SANTUARIO [24015120],TEMPERATURA,Temperatura del aire media mensual,2026-01-01 00:00,degC,15.7933467741935,Preliminar
