"INSTITUTO DE HIDROLOGÍA, METEOROLOGÍA Y ESTUDIOS AMBIENTALES - IDEAM
SUBDIRECCIÓN DE HIDROLOGÍA
GRUPO LABORATORIO DE CALIDAD AMBIENTAL 
DATOS CALIDAD DEL AGUA RED DE REFERENCIA NACIONAL DE CALIDAD DEL AGUA Y CONVENIOS. PERIODO 2005 - 2024
";;;;;;;;;;;;;;;
;;;;;;;;;;;;;;;
;;;;;;;;;;;;;;;
;;;;;;;;;;;;;;;
RCA_LENGUAZAQUE_CUN_LENGUAZAQUE_BOQUERON [24017610];5,32825;-73,69972222;2590;LENGUAZAQUE;Sogamoso;2401;Río Suárez;CUNDINAMARCA;LENGUAZAQUE;2/04/2005;CONDUCTIVIDAD ELECTRICA;130;µS/cm;Ideam;11456
RCA_LENGUAZAQUE_CUN_LENGUAZAQUE_BOQUERON [24017610];5,32825;-73,69972222;2590;LENGUAZAQUE;Sogamoso;2401;Río Suárez;CUNDINAMARCA;LENGUAZAQUE;25/08/2005;CONDUCTIVIDAD ELECTRICA;230;µS/cm;Ideam;12100
RCA_LENGUAZAQUE_CUN_LENGUAZAQUE_BOQUERON [24017610];5,32825;-73,69972222;2590;LENGUAZAQUE;Sogamoso;2401;Río Suárez;CUNDINAMARCA;LENGUAZAQUE;1/07/2006;CONDUCTIVIDAD ELECTRICA;78,7;µS/cm;Ideam;13604
RCA_LENGUAZAQUE_CUN_LENGUAZAQUE_BOQUERON [24017610];5,32825;-73,69972222;2590;LENGUAZAQUE;Sogamoso;2401;Río Suárez;CUNDINAMARCA;LENGUAZAQUE;15/12/2006;CONDUCTIVIDAD ELECTRICA;87,9;µS/cm;Ideam;14242
RCA_LENGUAZAQUE_CUN_LENGUAZAQUE_BOQUERON [24017610];5,32825;-73,69972222;2590;LENGUAZAQUE;Sogamoso;2401;Río Suárez;CUNDINAMARCA;LENGUAZAQUE;15/03/2007;CONDUCTIVIDAD ELECTRICA;98,6;µS/cm;Ideam;14676
RCA_LENGUAZAQUE_CUN_LENGUAZAQUE_BOQUERON [24017610];5,32825;-73,69972222;2590;LENGUAZAQUE;Sogamoso;2401;Río Suárez;CUNDINAMARCA;LENGUAZAQUE;25/06/2007;CONDUCTIVIDAD ELECTRICA;73,9;µS/cm;Ideam;15094
RCA_LENGUAZAQUE_CUN_LENGUAZAQUE_BOQUERON [24017610];5,32825;-73,69972222;2590;LENGUAZAQUE;Sogamoso;2401;Río Suárez;CUNDINAMARCA;LENGUAZAQUE;30/10/2007;CONDUCTIVIDAD ELECTRICA;104;µS/cm;Ideam;15599
RCA_LENGUAZAQUE_CUN_LENGUAZAQUE_BOQUERON [24017610];5,32825;-73,69972222;2590;LENGUAZAQUE;Sogamoso;2401;Río Suárez;CUNDINAMARCA;LENGUAZAQUE;13/12/2007;CONDUCTIVIDAD ELECTRICA;120;µS/cm;Ideam;15739
RCA_LENGUAZAQUE_CUN_LENGUAZAQUE_BOQUERON [24017610];5,32825;-73,69972222;2590;LENGUAZAQUE;Sogamoso;2401;Río Suárez;CUNDINAMARCA;LENGUAZAQUE;22/04/2008;CONDUCTIVIDAD ELECTRICA;114;µS/cm;Ideam;16189
RCA_LENGUAZAQUE_CUN_LENGUAZAQUE_BOQUERON [24017610];5,32825;-73,69972222;2590;LENGUAZAQUE;Sogamoso;2401;Río Suárez;CUNDINAMARCA;LENGUAZAQUE;22/07/2008;CONDUCTIVIDAD ELECTRICA;93,9;µS/cm;Ideam;16532
RCA_LENGUAZAQUE_CUN_LENGUAZAQUE_BOQUERON [24017610];5,32825;-73,69972222;2590;LENGUAZAQUE;Sogamoso;2401;Río Suárez;CUNDINAMARCA;LENGUAZAQUE;22/09/2008;CONDUCTIVIDAD ELECTRICA;113;µS/cm;Ideam;16742
RCA_LENGUAZAQUE_CUN_LENGUAZAQUE_BOQUERON [24017610];5,32825;-73,69972222;2590;LENGUAZAQUE;Sogamoso;2401;Río Suárez;CUNDINAMARCA;LENGUAZAQUE;10/12/2008;CONDUCTIVIDAD ELECTRICA;109;µS/cm;Ideam;17084
RCA_LENGUAZAQUE_CUN_LENGUAZAQUE_BOQUERON [24017610];5,32825;-73,69972222;2590;LENGUAZAQUE;Sogamoso;2401;Río Suárez;CUNDINAMARCA;LENGUAZAQUE;24/03/2009;CONDUCTIVIDAD ELECTRICA;124;µS/cm;Ideam;17382
RCA_LENGUAZAQUE_CUN_LENGUAZAQUE_BOQUERON [24017610];5,32825;-73,69972222;2590;LENGUAZAQUE;Sogamoso;2401;Río Suárez;CUNDINAMARCA;LENGUAZAQUE;11/06/2009;CONDUCTIVIDAD ELECTRICA;128,1;µS/cm;Ideam;17661
RCA_LENGUAZAQUE_CUN_LENGUAZAQUE_BOQUERON [24017610];5,32825;-73,69972222;2590;LENGUAZAQUE;Sogamoso;2401;Río Suárez;CUNDINAMARCA;LENGUAZAQUE;17/10/2009;CONDUCTIVIDAD ELECTRICA;59,5;µS/cm;Ideam;18078
RCA_LENGUAZAQUE_CUN_LENGUAZAQUE_BOQUERON [24017610];5,32825;-73,69972222;2590;LENGUAZAQUE;Sogamoso;2401;Río Suárez;CUNDINAMARCA;LENGUAZAQUE;16/03/2010;CONDUCTIVIDAD ELECTRICA;111;µS/cm;Ideam;18530
RCA_LENGUAZAQUE_CUN_LENGUAZAQUE_BOQUERON [24017610];5,32825;-73,69972222;2590;LENGUAZAQUE;Sogamoso;2401;Río Suárez;CUNDINAMARCA;LENGUAZAQUE;2/06/2010;CONDUCTIVIDAD ELECTRICA;130,3;µS/cm;Ideam;18765
RCA_LENGUAZAQUE_CUN_LENGUAZAQUE_BOQUERON [24017610];5,32825;-73,69972222;2590;LENGUAZAQUE;Sogamoso;2401;Río Suárez;CUNDINAMARCA;LENGUAZAQUE;9/08/2010;CONDUCTIVIDAD ELECTRICA;110,1;µS/cm;Ideam;19057
RCA_LENGUAZAQUE_CUN_LENGUAZAQUE_BOQUERON [24017610];5,32825;-73,69972222;2590;LENGUAZAQUE;Sogamoso;2401;Río Suárez;CUNDINAMARCA;LENGUAZAQUE;23/11/2010;CONDUCTIVIDAD ELECTRICA;111,6;µS/cm;Ideam;19555
RCA_LENGUAZAQUE_CUN_LENGUAZAQUE_BOQUERON [24017610];5,32825;-73,69972222;2590;LENGUAZAQUE;Sogamoso;2401;Río Suárez;CUNDINAMARCA;LENGUAZAQUE;6/02/2011;CONDUCTIVIDAD ELECTRICA;126,7;µS/cm;Ideam;19786
RCA_LENGUAZAQUE_CUN_LENGUAZAQUE_BOQUERON [24017610];5,32825;-73,69972222;2590;LENGUAZAQUE;Sogamoso;2401;Río Suárez;CUNDINAMARCA;LENGUAZAQUE;6/07/2011;CONDUCTIVIDAD ELECTRICA;122,8;µS/cm;Ideam;20490
RCA_LENGUAZAQUE_CUN_LENGUAZAQUE_BOQUERON [24017610];5,32825;-73,69972222;2590;LENGUAZAQUE;Sogamoso;2401;Río Suárez;CUNDINAMARCA;LENGUAZAQUE;5/10/2011;CONDUCTIVIDAD ELECTRICA;96,6;µS/cm;Ideam;20767
RCA_LENGUAZAQUE_CUN_LENGUAZAQUE_BOQUERON [24017610];5,32825;-73,69972222;2590;LENGUAZAQUE;Sogamoso;2401;Río Suárez;CUNDINAMARCA;LENGUAZAQUE;14/04/2012;CONDUCTIVIDAD ELECTRICA;67,6;µS/cm;Ideam;21482
RCA_LENGUAZAQUE_CUN_LENGUAZAQUE_BOQUERON [24017610];5,32825;-73,69972222;2590;LENGUAZAQUE;Sogamoso;2401;Río Suárez;CUNDINAMARCA;LENGUAZAQUE;3/08/2012;CONDUCTIVIDAD ELECTRICA;79,1;µS/cm;Ideam;21703
RCA_LENGUAZAQUE_CUN_LENGUAZAQUE_BOQUERON [24017610];5,32825;-73,69972222;2590;LENGUAZAQUE;Sogamoso;2401;Río Suárez;CUNDINAMARCA;LENGUAZAQUE;26/10/2012;CONDUCTIVIDAD ELECTRICA;94,2;µS/cm;Ideam;21923
RCA_LENGUAZAQUE_CUN_LENGUAZAQUE_BOQUERON [24017610];5,32825;-73,69972222;2590;LENGUAZAQUE;Sogamoso;2401;Río Suárez;CUNDINAMARCA;LENGUAZAQUE;27/02/2013;CONDUCTIVIDAD ELECTRICA;110;µS/cm;Ideam;22167
RCA_LENGUAZAQUE_CUN_LENGUAZAQUE_BOQUERON [24017610];5,32825;-73,69972222;2590;LENGUAZAQUE;Sogamoso;2401;Río Suárez;CUNDINAMARCA;LENGUAZAQUE;29/05/2013;CONDUCTIVIDAD ELECTRICA;130,8;µS/cm;Ideam;22325
RCA_LENGUAZAQUE_CUN_LENGUAZAQUE_BOQUERON [24017610];5,32825;-73,69972222;2590;LENGUAZAQUE;Sogamoso;2401;Río Suárez;CUNDINAMARCA;LENGUAZAQUE;10/10/2013;CONDUCTIVIDAD ELECTRICA;90,3;µS/cm;Ideam;22573
RCA_LENGUAZAQUE_CUN_LENGUAZAQUE_BOQUERON [24017610];5,32825;-73,69972222;2590;LENGUAZAQUE;Sogamoso;2401;Río Suárez;CUNDINAMARCA;LENGUAZAQUE;23/11/2013;CONDUCTIVIDAD ELECTRICA;112,4;µS/cm;Ideam;22901
RCA_LENGUAZAQUE_CUN_LENGUAZAQUE_BOQUERON [24017610];5,32825;-73,69972222;2590;LENGUAZAQUE;Sogamoso;2401;Río Suárez;CUNDINAMARCA;LENGUAZAQUE;23/10/2014;CONDUCTIVIDAD ELECTRICA;109,9;µS/cm;Ideam;23597
RCA_LENGUAZAQUE_CUN_LENGUAZAQUE_BOQUERON [24017610];5,32825;-73,69972222;2590;LENGUAZAQUE;Sogamoso;2401;Río Suárez;CUNDINAMARCA;LENGUAZAQUE;14/05/2015;CONDUCTIVIDAD ELECTRICA;96;µS/cm;Ideam;23877
RCA_LENGUAZAQUE_CUN_LENGUAZAQUE_BOQUERON [24017610];5,32825;-73,69972222;2590;LENGUAZAQUE;Sogamoso;2401;Río Suárez;CUNDINAMARCA;LENGUAZAQUE;2/10/2015;CONDUCTIVIDAD ELECTRICA;87,1;µS/cm;Ideam;24167
RCA_LENGUAZAQUE_CUN_LENGUAZAQUE_BOQUERON [24017610];5,32825;-73,69972222;2590;LENGUAZAQUE;Sogamoso;2401;Río Suárez;CUNDINAMARCA;LENGUAZAQUE;11/11/2015;CONDUCTIVIDAD ELECTRICA;88,76;µS/cm;Ideam;24336
RCA_LENGUAZAQUE_CUN_LENGUAZAQUE_BOQUERON [24017610];5,32825;-73,69972222;2590;LENGUAZAQUE;Sogamoso;2401;Río Suárez;CUNDINAMARCA;LENGUAZAQUE;15/05/2016;CONDUCTIVIDAD ELECTRICA;74,2;µS/cm;Ideam;24549
RCA_LENGUAZAQUE_CUN_LENGUAZAQUE_BOQUERON [24017610];5,32825;-73,69972222;2590;LENGUAZAQUE;Sogamoso;2401;Río Suárez;CUNDINAMARCA;LENGUAZAQUE;27/07/2016;CONDUCTIVIDAD ELECTRICA;71,18;µS/cm;Ideam;24885
RCA_LENGUAZAQUE_CUN_LENGUAZAQUE_BOQUERON [24017610];5,32825;-73,69972222;2590;LENGUAZAQUE;Sogamoso;2401;Río Suárez;CUNDINAMARCA;LENGUAZAQUE;9/09/2016;CONDUCTIVIDAD ELECTRICA;69,32;µS/cm;Ideam;25101
RCA_LENGUAZAQUE_CUN_LENGUAZAQUE_BOQUERON [24017610];5,32825;-73,69972222;2590;LENGUAZAQUE;Sogamoso;2401;Río Suárez;CUNDINAMARCA;LENGUAZAQUE;14/02/2017;CONDUCTIVIDAD ELECTRICA;117,1;µS/cm;Ideam;25798
RCA_LENGUAZAQUE_CUN_LENGUAZAQUE_BOQUERON [24017610];5,32825;-73,69972222;2590;LENGUAZAQUE;Sogamoso;2401;Río Suárez;CUNDINAMARCA;LENGUAZAQUE;21/05/2017;CONDUCTIVIDAD ELECTRICA;124;µS/cm;Ideam;26360
RCA_LENGUAZAQUE_CUN_LENGUAZAQUE_BOQUERON [24017610];5,32825;-73,69972222;2590;LENGUAZAQUE;Sogamoso;2401;Río Suárez;CUNDINAMARCA;LENGUAZAQUE;10/09/2017;CONDUCTIVIDAD ELECTRICA;111,4;µS/cm;Ideam;26520
RCA_LENGUAZAQUE_CUN_LENGUAZAQUE_BOQUERON [24017610];5,32825;-73,69972222;2590;LENGUAZAQUE;Sogamoso;2401;Río Suárez;CUNDINAMARCA;LENGUAZAQUE;21/03/2018;CONDUCTIVIDAD ELECTRICA;105,8;µS/cm;Ideam;26851
RCA_LENGUAZAQUE_CUN_LENGUAZAQUE_BOQUERON [24017610];5,32825;-73,69972222;2590;LENGUAZAQUE;Sogamoso;2401;Río Suárez;CUNDINAMARCA;LENGUAZAQUE;23/06/2018;CONDUCTIVIDAD ELECTRICA;115;µS/cm;Ideam;26941
RCA_LENGUAZAQUE_CUN_LENGUAZAQUE_BOQUERON [24017610];5,32825;-73,69972222;2590;LENGUAZAQUE;Sogamoso;2401;Río Suárez;CUNDINAMARCA;LENGUAZAQUE;19/09/2018;CONDUCTIVIDAD ELECTRICA;99,9;µS/cm;Ideam;27037
RCA_LENGUAZAQUE_CUN_LENGUAZAQUE_BOQUERON [24017610];5,32825;-73,69972222;2590;LENGUAZAQUE;Sogamoso;2401;Río Suárez;CUNDINAMARCA;LENGUAZAQUE;2/04/2005;DEMANDA QUIMICA DE OXIGENO (DQO);<20;mg O2/L;Ideam;11456
RCA_LENGUAZAQUE_CUN_LENGUAZAQUE_BOQUERON [24017610];5,32825;-73,69972222;2590;LENGUAZAQUE;Sogamoso;2401;Río Suárez;CUNDINAMARCA;LENGUAZAQUE;25/08/2005;DEMANDA QUIMICA DE OXIGENO (DQO);48;mg O2/L;Ideam;12100
RCA_LENGUAZAQUE_CUN_LENGUAZAQUE_BOQUERON [24017610];5,32825;-73,69972222;2590;LENGUAZAQUE;Sogamoso;2401;Río Suárez;CUNDINAMARCA;LENGUAZAQUE;1/07/2006;DEMANDA QUIMICA DE OXIGENO (DQO);28;mg O2/L;Ideam;13604
RCA_LENGUAZAQUE_CUN_LENGUAZAQUE_BOQUERON [24017610];5,32825;-73,69972222;2590;LENGUAZAQUE;Sogamoso;2401;Río Suárez;CUNDINAMARCA;LENGUAZAQUE;15/12/2006;DEMANDA QUIMICA DE OXIGENO (DQO);40;mg O2/L;Ideam;14242
RCA_LENGUAZAQUE_CUN_LENGUAZAQUE_BOQUERON [24017610];5,32825;-73,69972222;2590;LENGUAZAQUE;Sogamoso;2401;Río Suárez;CUNDINAMARCA;LENGUAZAQUE;15/03/2007;DEMANDA QUIMICA DE OXIGENO (DQO);17;mg O2/L;Ideam;14676
RCA_LENGUAZAQUE_CUN_LENGUAZAQUE_BOQUERON [24017610];5,32825;-73,69972222;2590;LENGUAZAQUE;Sogamoso;2401;Río Suárez;CUNDINAMARCA;LENGUAZAQUE;25/06/2007;DEMANDA QUIMICA DE OXIGENO (DQO);41;mg O2/L;Ideam;15094
RCA_LENGUAZAQUE_CUN_LENGUAZAQUE_BOQUERON [24017610];5,32825;-73,69972222;2590;LENGUAZAQUE;Sogamoso;2401;Río Suárez;CUNDINAMARCA;LENGUAZAQUE;30/10/2007;DEMANDA QUIMICA DE OXIGENO (DQO);30;mg O2/L;Ideam;15599
RCA_LENGUAZAQUE_CUN_LENGUAZAQUE_BOQUERON [24017610];5,32825;-73,69972222;2590;LENGUAZAQUE;Sogamoso;2401;Río Suárez;CUNDINAMARCA;LENGUAZAQUE;13/12/2007;DEMANDA QUIMICA DE OXIGENO (DQO);24;mg O2/L;Ideam;15739
RCA_LENGUAZAQUE_CUN_LENGUAZAQUE_BOQUERON [24017610];5,32825;-73,69972222;2590;LENGUAZAQUE;Sogamoso;2401;Río Suárez;CUNDINAMARCA;LENGUAZAQUE;22/04/2008;DEMANDA QUIMICA DE OXIGENO (DQO);21;mg O2/L;Ideam;16189
RCA_LENGUAZAQUE_CUN_LENGUAZAQUE_BOQUERON [24017610];5,32825;-73,69972222;2590;LENGUAZAQUE;Sogamoso;2401;Río Suárez;CUNDINAMARCA;LENGUAZAQUE;22/07/2008;DEMANDA QUIMICA DE OXIGENO (DQO);61;mg O2/L;Ideam;16532
RCA_LENGUAZAQUE_CUN_LENGUAZAQUE_BOQUERON [24017610];5,32825;-73,69972222;2590;LENGUAZAQUE;Sogamoso;2401;Río Suárez;CUNDINAMARCA;LENGUAZAQUE;22/09/2008;DEMANDA QUIMICA DE OXIGENO (DQO);25;mg O2/L;Ideam;16742
RCA_LENGUAZAQUE_CUN_LENGUAZAQUE_BOQUERON [24017610];5,32825;-73,69972222;2590;LENGUAZAQUE;Sogamoso;2401;Río Suárez;CUNDINAMARCA;LENGUAZAQUE;10/12/2008;DEMANDA QUIMICA DE OXIGENO (DQO);17;mg O2/L;Ideam;17084
RCA_LENGUAZAQUE_CUN_LENGUAZAQUE_BOQUERON [24017610];5,32825;-73,69972222;2590;LENGUAZAQUE;Sogamoso;2401;Río Suárez;CUNDINAMARCA;LENGUAZAQUE;24/03/2009;DEMANDA QUIMICA DE OXIGENO (DQO);10;mg O2/L;Ideam;17382
RCA_LENGUAZAQUE_CUN_LENGUAZAQUE_BOQUERON [24017610];5,32825;-73,69972222;2590;LENGUAZAQUE;Sogamoso;2401;Río Suárez;CUNDINAMARCA;LENGUAZAQUE;11/06/2009;DEMANDA QUIMICA DE OXIGENO (DQO);14;mg O2/L;Ideam;17661
RCA_LENGUAZAQUE_CUN_LENGUAZAQUE_BOQUERON [24017610];5,32825;-73,69972222;2590;LENGUAZAQUE;Sogamoso;2401;Río Suárez;CUNDINAMARCA;LENGUAZAQUE;17/10/2009;DEMANDA QUIMICA DE OXIGENO (DQO);46;mg O2/L;Ideam;18078
RCA_LENGUAZAQUE_CUN_LENGUAZAQUE_BOQUERON [24017610];5,32825;-73,69972222;2590;LENGUAZAQUE;Sogamoso;2401;Río Suárez;CUNDINAMARCA;LENGUAZAQUE;16/03/2010;DEMANDA QUIMICA DE OXIGENO (DQO);24;mg O2/L;Ideam;18530
RCA_LENGUAZAQUE_CUN_LENGUAZAQUE_BOQUERON [24017610];5,32825;-73,69972222;2590;LENGUAZAQUE;Sogamoso;2401;Río Suárez;CUNDINAMARCA;LENGUAZAQUE;2/06/2010;DEMANDA QUIMICA DE OXIGENO (DQO);56;mg O2/L;Ideam;18765
RCA_LENGUAZAQUE_CUN_LENGUAZAQUE_BOQUERON [24017610];5,32825;-73,69972222;2590;LENGUAZAQUE;Sogamoso;2401;Río Suárez;CUNDINAMARCA;LENGUAZAQUE;9/08/2010;DEMANDA QUIMICA DE OXIGENO (DQO);19;mg O2/L;Ideam;19057
RCA_LENGUAZAQUE_CUN_LENGUAZAQUE_BOQUERON [24017610];5,32825;-73,69972222;2590;LENGUAZAQUE;Sogamoso;2401;Río Suárez;CUNDINAMARCA;LENGUAZAQUE;23/11/2010;DEMANDA QUIMICA DE OXIGENO (DQO);25;mg O2/L;Ideam;19555
RCA_LENGUAZAQUE_CUN_LENGUAZAQUE_BOQUERON [24017610];5,32825;-73,69972222;2590;LENGUAZAQUE;Sogamoso;2401;Río Suárez;CUNDINAMARCA;LENGUAZAQUE;6/02/2011;DEMANDA QUIMICA DE OXIGENO (DQO);32;mg O2/L;Ideam;19786
RCA_LENGUAZAQUE_CUN_LENGUAZAQUE_BOQUERON [24017610];5,32825;-73,69972222;2590;LENGUAZAQUE;Sogamoso;2401;Río Suárez;CUNDINAMARCA;LENGUAZAQUE;6/07/2011;DEMANDA QUIMICA DE OXIGENO (DQO);12;mg O2/L;Ideam;20490
RCA_LENGUAZAQUE_CUN_LENGUAZAQUE_BOQUERON [24017610];5,32825;-73,69972222;2590;LENGUAZAQUE;Sogamoso;2401;Río Suárez;CUNDINAMARCA;LENGUAZAQUE;5/10/2011;DEMANDA QUIMICA DE OXIGENO (DQO);23;mg O2/L;Ideam;20767
RCA_LENGUAZAQUE_CUN_LENGUAZAQUE_BOQUERON [24017610];5,32825;-73,69972222;2590;LENGUAZAQUE;Sogamoso;2401;Río Suárez;CUNDINAMARCA;LENGUAZAQUE;14/04/2012;DEMANDA QUIMICA DE OXIGENO (DQO);76;mg O2/L;Ideam;21482
RCA_LENGUAZAQUE_CUN_LENGUAZAQUE_BOQUERON [24017610];5,32825;-73,69972222;2590;LENGUAZAQUE;Sogamoso;2401;Río Suárez;CUNDINAMARCA;LENGUAZAQUE;3/08/2012;DEMANDA QUIMICA DE OXIGENO (DQO);22;mg O2/L;Ideam;21703
RCA_LENGUAZAQUE_CUN_LENGUAZAQUE_BOQUERON [24017610];5,32825;-73,69972222;2590;LENGUAZAQUE;Sogamoso;2401;Río Suárez;CUNDINAMARCA;LENGUAZAQUE;26/10/2012;DEMANDA QUIMICA DE OXIGENO (DQO);22;mg O2/L;Ideam;21923
RCA_LENGUAZAQUE_CUN_LENGUAZAQUE_BOQUERON [24017610];5,32825;-73,69972222;2590;LENGUAZAQUE;Sogamoso;2401;Río Suárez;CUNDINAMARCA;LENGUAZAQUE;27/02/2013;DEMANDA QUIMICA DE OXIGENO (DQO);23;mg O2/L;Ideam;22167
RCA_LENGUAZAQUE_CUN_LENGUAZAQUE_BOQUERON [24017610];5,32825;-73,69972222;2590;LENGUAZAQUE;Sogamoso;2401;Río Suárez;CUNDINAMARCA;LENGUAZAQUE;29/05/2013;DEMANDA QUIMICA DE OXIGENO (DQO);20;mg O2/L;Ideam;22325
RCA_LENGUAZAQUE_CUN_LENGUAZAQUE_BOQUERON [24017610];5,32825;-73,69972222;2590;LENGUAZAQUE;Sogamoso;2401;Río Suárez;CUNDINAMARCA;LENGUAZAQUE;10/10/2013;DEMANDA QUIMICA DE OXIGENO (DQO);15;mg O2/L;Ideam;22573
RCA_LENGUAZAQUE_CUN_LENGUAZAQUE_BOQUERON [24017610];5,32825;-73,69972222;2590;LENGUAZAQUE;Sogamoso;2401;Río Suárez;CUNDINAMARCA;LENGUAZAQUE;23/11/2013;DEMANDA QUIMICA DE OXIGENO (DQO);24;mg O2/L;Ideam;22901
RCA_LENGUAZAQUE_CUN_LENGUAZAQUE_BOQUERON [24017610];5,32825;-73,69972222;2590;LENGUAZAQUE;Sogamoso;2401;Río Suárez;CUNDINAMARCA;LENGUAZAQUE;23/10/2014;DEMANDA QUIMICA DE OXIGENO (DQO);16;mg O2/L;Ideam;23597
RCA_LENGUAZAQUE_CUN_LENGUAZAQUE_BOQUERON [24017610];5,32825;-73,69972222;2590;LENGUAZAQUE;Sogamoso;2401;Río Suárez;CUNDINAMARCA;LENGUAZAQUE;14/05/2015;DEMANDA QUIMICA DE OXIGENO (DQO);13;mg O2/L;Ideam;23877
RCA_LENGUAZAQUE_CUN_LENGUAZAQUE_BOQUERON [24017610];5,32825;-73,69972222;2590;LENGUAZAQUE;Sogamoso;2401;Río Suárez;CUNDINAMARCA;LENGUAZAQUE;2/10/2015;DEMANDA QUIMICA DE OXIGENO (DQO);53;mg O2/L;Ideam;24167
RCA_LENGUAZAQUE_CUN_LENGUAZAQUE_BOQUERON [24017610];5,32825;-73,69972222;2590;LENGUAZAQUE;Sogamoso;2401;Río Suárez;CUNDINAMARCA;LENGUAZAQUE;11/11/2015;DEMANDA QUIMICA DE OXIGENO (DQO);21;mg O2/L;Ideam;24336
RCA_LENGUAZAQUE_CUN_LENGUAZAQUE_BOQUERON [24017610];5,32825;-73,69972222;2590;LENGUAZAQUE;Sogamoso;2401;Río Suárez;CUNDINAMARCA;LENGUAZAQUE;15/05/2016;DEMANDA QUIMICA DE OXIGENO (DQO);26;mg O2/L;Ideam;24549
RCA_LENGUAZAQUE_CUN_LENGUAZAQUE_BOQUERON [24017610];5,32825;-73,69972222;2590;LENGUAZAQUE;Sogamoso;2401;Río Suárez;CUNDINAMARCA;LENGUAZAQUE;27/07/2016;DEMANDA QUIMICA DE OXIGENO (DQO);25;mg O2/L;Ideam;24885
RCA_LENGUAZAQUE_CUN_LENGUAZAQUE_BOQUERON [24017610];5,32825;-73,69972222;2590;LENGUAZAQUE;Sogamoso;2401;Río Suárez;CUNDINAMARCA;LENGUAZAQUE;9/09/2016;DEMANDA QUIMICA DE OXIGENO (DQO);<10;mg O2/L;Ideam;25101
RCA_LENGUAZAQUE_CUN_LENGUAZAQUE_BOQUERON [24017610];5,32825;-73,69972222;2590;LENGUAZAQUE;Sogamoso;2401;Río Suárez;CUNDINAMARCA;LENGUAZAQUE;14/02/2017;DEMANDA QUIMICA DE OXIGENO (DQO);14;mg O2/L;Ideam;25798
RCA_LENGUAZAQUE_CUN_LENGUAZAQUE_BOQUERON [24017610];5,32825;-73,69972222;2590;LENGUAZAQUE;Sogamoso;2401;Río Suárez;CUNDINAMARCA;LENGUAZAQUE;21/05/2017;DEMANDA QUIMICA DE OXIGENO (DQO);37;mg O2/L;Ideam;26360
RCA_LENGUAZAQUE_CUN_LENGUAZAQUE_BOQUERON [24017610];5,32825;-73,69972222;2590;LENGUAZAQUE;Sogamoso;2401;Río Suárez;CUNDINAMARCA;LENGUAZAQUE;10/09/2017;DEMANDA QUIMICA DE OXIGENO (DQO);17;mg O2/L;Ideam;26520
RCA_LENGUAZAQUE_CUN_LENGUAZAQUE_BOQUERON [24017610];5,32825;-73,69972222;2590;LENGUAZAQUE;Sogamoso;2401;Río Suárez;CUNDINAMARCA;LENGUAZAQUE;21/03/2018;DEMANDA QUIMICA DE OXIGENO (DQO);13;mg O2/L;Ideam;26851
RCA_LENGUAZAQUE_CUN_LENGUAZAQUE_BOQUERON [24017610];5,32825;-73,69972222;2590;LENGUAZAQUE;Sogamoso;2401;Río Suárez;CUNDINAMARCA;LENGUAZAQUE;19/09/2018;DEMANDA QUIMICA DE OXIGENO (DQO);15;mg O2/L;Ideam;27037
RCA_LENGUAZAQUE_CUN_LENGUAZAQUE_BOQUERON [24017610];5,32825;-73,69972222;2590;LENGUAZAQUE;Sogamoso;2401;Río Suárez;CUNDINAMARCA;LENGUAZAQUE;2/04/2005;FOSFORO REACTIVO DISUELTO;<0.03;mg P-PO4-3/L;Ideam;11456
RCA_LENGUAZAQUE_CUN_LENGUAZAQUE_BOQUERON [24017610];5,32825;-73,69972222;2590;LENGUAZAQUE;Sogamoso;2401;Río Suárez;CUNDINAMARCA;LENGUAZAQUE;25/08/2005;FOSFORO REACTIVO DISUELTO;0,033;mg P-PO4-3/L;Ideam;12100
RCA_LENGUAZAQUE_CUN_LENGUAZAQUE_BOQUERON [24017610];5,32825;-73,69972222;2590;LENGUAZAQUE;Sogamoso;2401;Río Suárez;CUNDINAMARCA;LENGUAZAQUE;1/07/2006;FOSFORO REACTIVO DISUELTO;<0.03;mg P-PO4-3/L;Ideam;13604
RCA_LENGUAZAQUE_CUN_LENGUAZAQUE_BOQUERON [24017610];5,32825;-73,69972222;2590;LENGUAZAQUE;Sogamoso;2401;Río Suárez;CUNDINAMARCA;LENGUAZAQUE;15/12/2006;FOSFORO REACTIVO DISUELTO;<0.03;mg P-PO4-3/L;Ideam;14242
RCA_LENGUAZAQUE_CUN_LENGUAZAQUE_BOQUERON [24017610];5,32825;-73,69972222;2590;LENGUAZAQUE;Sogamoso;2401;Río Suárez;CUNDINAMARCA;LENGUAZAQUE;15/03/2007;FOSFORO REACTIVO DISUELTO;0,062;mg P-PO4-3/L;Ideam;14676
RCA_LENGUAZAQUE_CUN_LENGUAZAQUE_BOQUERON [24017610];5,32825;-73,69972222;2590;LENGUAZAQUE;Sogamoso;2401;Río Suárez;CUNDINAMARCA;LENGUAZAQUE;25/06/2007;FOSFORO REACTIVO DISUELTO;<0.03;mg P-PO4-3/L;Ideam;15094
RCA_LENGUAZAQUE_CUN_LENGUAZAQUE_BOQUERON [24017610];5,32825;-73,69972222;2590;LENGUAZAQUE;Sogamoso;2401;Río Suárez;CUNDINAMARCA;LENGUAZAQUE;30/10/2007;FOSFORO REACTIVO DISUELTO;<0.03;mg P-PO4-3/L;Ideam;15599
RCA_LENGUAZAQUE_CUN_LENGUAZAQUE_BOQUERON [24017610];5,32825;-73,69972222;2590;LENGUAZAQUE;Sogamoso;2401;Río Suárez;CUNDINAMARCA;LENGUAZAQUE;13/12/2007;FOSFORO REACTIVO DISUELTO;<0.03;mg P-PO4-3/L;Ideam;15739
RCA_LENGUAZAQUE_CUN_LENGUAZAQUE_BOQUERON [24017610];5,32825;-73,69972222;2590;LENGUAZAQUE;Sogamoso;2401;Río Suárez;CUNDINAMARCA;LENGUAZAQUE;22/04/2008;FOSFORO REACTIVO DISUELTO;0,069;mg P-PO4-3/L;Ideam;16189
RCA_LENGUAZAQUE_CUN_LENGUAZAQUE_BOQUERON [24017610];5,32825;-73,69972222;2590;LENGUAZAQUE;Sogamoso;2401;Río Suárez;CUNDINAMARCA;LENGUAZAQUE;22/07/2008;FOSFORO REACTIVO DISUELTO;<0.03;mg P-PO4-3/L;Ideam;16532
RCA_LENGUAZAQUE_CUN_LENGUAZAQUE_BOQUERON [24017610];5,32825;-73,69972222;2590;LENGUAZAQUE;Sogamoso;2401;Río Suárez;CUNDINAMARCA;LENGUAZAQUE;10/12/2008;FOSFORO REACTIVO DISUELTO;<0.03;mg P-PO4-3/L;Ideam;17084
RCA_LENGUAZAQUE_CUN_LENGUAZAQUE_BOQUERON [24017610];5,32825;-73,69972222;2590;LENGUAZAQUE;Sogamoso;2401;Río Suárez;CUNDINAMARCA;LENGUAZAQUE;24/03/2009;FOSFORO REACTIVO DISUELTO;<0.03;mg P-PO4-3/L;Ideam;17382
RCA_LENGUAZAQUE_CUN_LENGUAZAQUE_BOQUERON [24017610];5,32825;-73,69972222;2590;LENGUAZAQUE;Sogamoso;2401;Río Suárez;CUNDINAMARCA;LENGUAZAQUE;11/06/2009;FOSFORO REACTIVO DISUELTO;0,048;mg P-PO4-3/L;Ideam;17661
RCA_LENGUAZAQUE_CUN_LENGUAZAQUE_BOQUERON [24017610];5,32825;-73,69972222;2590;LENGUAZAQUE;Sogamoso;2401;Río Suárez;CUNDINAMARCA;LENGUAZAQUE;17/10/2009;FOSFORO REACTIVO DISUELTO;<0.03;mg P-PO4-3/L;Ideam;18078
RCA_LENGUAZAQUE_CUN_LENGUAZAQUE_BOQUERON [24017610];5,32825;-73,69972222;2590;LENGUAZAQUE;Sogamoso;2401;Río Suárez;CUNDINAMARCA;LENGUAZAQUE;16/03/2010;FOSFORO REACTIVO DISUELTO;0,11;mg P-PO4-3/L;Ideam;18530
RCA_LENGUAZAQUE_CUN_LENGUAZAQUE_BOQUERON [24017610];5,32825;-73,69972222;2590;LENGUAZAQUE;Sogamoso;2401;Río Suárez;CUNDINAMARCA;LENGUAZAQUE;2/06/2010;FOSFORO REACTIVO DISUELTO;<0.03;mg P-PO4-3/L;Ideam;18765
RCA_LENGUAZAQUE_CUN_LENGUAZAQUE_BOQUERON [24017610];5,32825;-73,69972222;2590;LENGUAZAQUE;Sogamoso;2401;Río Suárez;CUNDINAMARCA;LENGUAZAQUE;9/08/2010;FOSFORO REACTIVO DISUELTO;<0.03;mg P-PO4-3/L;Ideam;19057
RCA_LENGUAZAQUE_CUN_LENGUAZAQUE_BOQUERON [24017610];5,32825;-73,69972222;2590;LENGUAZAQUE;Sogamoso;2401;Río Suárez;CUNDINAMARCA;LENGUAZAQUE;23/11/2010;FOSFORO REACTIVO DISUELTO;<0.03;mg P-PO4-3/L;Ideam;19555
RCA_LENGUAZAQUE_CUN_LENGUAZAQUE_BOQUERON [24017610];5,32825;-73,69972222;2590;LENGUAZAQUE;Sogamoso;2401;Río Suárez;CUNDINAMARCA;LENGUAZAQUE;6/02/2011;FOSFORO REACTIVO DISUELTO;<0.03;mg P-PO4-3/L;Ideam;19786
RCA_LENGUAZAQUE_CUN_LENGUAZAQUE_BOQUERON [24017610];5,32825;-73,69972222;2590;LENGUAZAQUE;Sogamoso;2401;Río Suárez;CUNDINAMARCA;LENGUAZAQUE;6/07/2011;FOSFORO REACTIVO DISUELTO;<0.03;mg P-PO4-3/L;Ideam;20490
RCA_LENGUAZAQUE_CUN_LENGUAZAQUE_BOQUERON [24017610];5,32825;-73,69972222;2590;LENGUAZAQUE;Sogamoso;2401;Río Suárez;CUNDINAMARCA;LENGUAZAQUE;5/10/2011;FOSFORO REACTIVO DISUELTO;<0.03;mg P-PO4-3/L;Ideam;20767
RCA_LENGUAZAQUE_CUN_LENGUAZAQUE_BOQUERON [24017610];5,32825;-73,69972222;2590;LENGUAZAQUE;Sogamoso;2401;Río Suárez;CUNDINAMARCA;LENGUAZAQUE;14/04/2012;FOSFORO REACTIVO DISUELTO;<0.03;mg P-PO4-3/L;Ideam;21482
RCA_LENGUAZAQUE_CUN_LENGUAZAQUE_BOQUERON [24017610];5,32825;-73,69972222;2590;LENGUAZAQUE;Sogamoso;2401;Río Suárez;CUNDINAMARCA;LENGUAZAQUE;3/08/2012;FOSFORO REACTIVO DISUELTO;0,087;mg P-PO4-3/L;Ideam;21703
RCA_LENGUAZAQUE_CUN_LENGUAZAQUE_BOQUERON [24017610];5,32825;-73,69972222;2590;LENGUAZAQUE;Sogamoso;2401;Río Suárez;CUNDINAMARCA;LENGUAZAQUE;26/10/2012;FOSFORO REACTIVO DISUELTO;<0.03;mg P-PO4-3/L;Ideam;21923
RCA_LENGUAZAQUE_CUN_LENGUAZAQUE_BOQUERON [24017610];5,32825;-73,69972222;2590;LENGUAZAQUE;Sogamoso;2401;Río Suárez;CUNDINAMARCA;LENGUAZAQUE;27/02/2013;FOSFORO REACTIVO DISUELTO;0,032;mg P-PO4-3/L;Ideam;22167
RCA_LENGUAZAQUE_CUN_LENGUAZAQUE_BOQUERON [24017610];5,32825;-73,69972222;2590;LENGUAZAQUE;Sogamoso;2401;Río Suárez;CUNDINAMARCA;LENGUAZAQUE;29/05/2013;FOSFORO REACTIVO DISUELTO;<0.03;mg P-PO4-3/L;Ideam;22325
RCA_LENGUAZAQUE_CUN_LENGUAZAQUE_BOQUERON [24017610];5,32825;-73,69972222;2590;LENGUAZAQUE;Sogamoso;2401;Río Suárez;CUNDINAMARCA;LENGUAZAQUE;10/10/2013;FOSFORO REACTIVO DISUELTO;0,039;mg P-PO4-3/L;Ideam;22573
RCA_LENGUAZAQUE_CUN_LENGUAZAQUE_BOQUERON [24017610];5,32825;-73,69972222;2590;LENGUAZAQUE;Sogamoso;2401;Río Suárez;CUNDINAMARCA;LENGUAZAQUE;23/11/2013;FOSFORO REACTIVO DISUELTO;0,038;mg P-PO4-3/L;Ideam;22901
RCA_LENGUAZAQUE_CUN_LENGUAZAQUE_BOQUERON [24017610];5,32825;-73,69972222;2590;LENGUAZAQUE;Sogamoso;2401;Río Suárez;CUNDINAMARCA;LENGUAZAQUE;23/10/2014;FOSFORO REACTIVO DISUELTO;0,095;mg P-PO4-3/L;Ideam;23597
RCA_LENGUAZAQUE_CUN_LENGUAZAQUE_BOQUERON [24017610];5,32825;-73,69972222;2590;LENGUAZAQUE;Sogamoso;2401;Río Suárez;CUNDINAMARCA;LENGUAZAQUE;14/05/2015;FOSFORO REACTIVO DISUELTO;0,064;mg P-PO4-3/L;Ideam;23877
RCA_LENGUAZAQUE_CUN_LENGUAZAQUE_BOQUERON [24017610];5,32825;-73,69972222;2590;LENGUAZAQUE;Sogamoso;2401;Río Suárez;CUNDINAMARCA;LENGUAZAQUE;2/10/2015;FOSFORO REACTIVO DISUELTO;0,18;mg P-PO4-3/L;Ideam;24167
RCA_LENGUAZAQUE_CUN_LENGUAZAQUE_BOQUERON [24017610];5,32825;-73,69972222;2590;LENGUAZAQUE;Sogamoso;2401;Río Suárez;CUNDINAMARCA;LENGUAZAQUE;11/11/2015;FOSFORO REACTIVO DISUELTO;0,088;mg P-PO4-3/L;Ideam;24336
RCA_LENGUAZAQUE_CUN_LENGUAZAQUE_BOQUERON [24017610];5,32825;-73,69972222;2590;LENGUAZAQUE;Sogamoso;2401;Río Suárez;CUNDINAMARCA;LENGUAZAQUE;15/05/2016;FOSFORO REACTIVO DISUELTO;0,049;mg P-PO4-3/L;Ideam;24549
RCA_LENGUAZAQUE_CUN_LENGUAZAQUE_BOQUERON [24017610];5,32825;-73,69972222;2590;LENGUAZAQUE;Sogamoso;2401;Río Suárez;CUNDINAMARCA;LENGUAZAQUE;27/07/2016;FOSFORO REACTIVO DISUELTO;<0.03;mg P-PO4-3/L;Ideam;24885
RCA_LENGUAZAQUE_CUN_LENGUAZAQUE_BOQUERON [24017610];5,32825;-73,69972222;2590;LENGUAZAQUE;Sogamoso;2401;Río Suárez;CUNDINAMARCA;LENGUAZAQUE;9/09/2016;FOSFORO REACTIVO DISUELTO;<0.03;mg P-PO4-3/L;Ideam;25101
RCA_LENGUAZAQUE_CUN_LENGUAZAQUE_BOQUERON [24017610];5,32825;-73,69972222;2590;LENGUAZAQUE;Sogamoso;2401;Río Suárez;CUNDINAMARCA;LENGUAZAQUE;14/02/2017;FOSFORO REACTIVO DISUELTO;0,079;mg P-PO4-3/L;Ideam;25798
RCA_LENGUAZAQUE_CUN_LENGUAZAQUE_BOQUERON [24017610];5,32825;-73,69972222;2590;LENGUAZAQUE;Sogamoso;2401;Río Suárez;CUNDINAMARCA;LENGUAZAQUE;21/05/2017;FOSFORO REACTIVO DISUELTO;0,046;mg P-PO4-3/L;Ideam;26360
RCA_LENGUAZAQUE_CUN_LENGUAZAQUE_BOQUERON [24017610];5,32825;-73,69972222;2590;LENGUAZAQUE;Sogamoso;2401;Río Suárez;CUNDINAMARCA;LENGUAZAQUE;10/09/2017;FOSFORO REACTIVO DISUELTO;0,047;mg P-PO4-3/L;Ideam;26520
RCA_LENGUAZAQUE_CUN_LENGUAZAQUE_BOQUERON [24017610];5,32825;-73,69972222;2590;LENGUAZAQUE;Sogamoso;2401;Río Suárez;CUNDINAMARCA;LENGUAZAQUE;21/03/2018;FOSFORO REACTIVO DISUELTO;0,076;mg P-PO4-3/L;Ideam;26851
RCA_LENGUAZAQUE_CUN_LENGUAZAQUE_BOQUERON [24017610];5,32825;-73,69972222;2590;LENGUAZAQUE;Sogamoso;2401;Río Suárez;CUNDINAMARCA;LENGUAZAQUE;19/09/2018;FOSFORO REACTIVO DISUELTO;0,089;mg P-PO4-3/L;Ideam;27037
RCA_LENGUAZAQUE_CUN_LENGUAZAQUE_BOQUERON [24017610];5,32825;-73,69972222;2590;LENGUAZAQUE;Sogamoso;2401;Río Suárez;CUNDINAMARCA;LENGUAZAQUE;24/03/2009;FOSFORO TOTAL;0,073;mg P/L;Ideam;17382
RCA_LENGUAZAQUE_CUN_LENGUAZAQUE_BOQUERON [24017610];5,32825;-73,69972222;2590;LENGUAZAQUE;Sogamoso;2401;Río Suárez;CUNDINAMARCA;LENGUAZAQUE;11/06/2009;FOSFORO TOTAL;0,16;mg P/L;Ideam;17661
RCA_LENGUAZAQUE_CUN_LENGUAZAQUE_BOQUERON [24017610];5,32825;-73,69972222;2590;LENGUAZAQUE;Sogamoso;2401;Río Suárez;CUNDINAMARCA;LENGUAZAQUE;17/10/2009;FOSFORO TOTAL;0,15;mg P/L;Ideam;18078
RCA_LENGUAZAQUE_CUN_LENGUAZAQUE_BOQUERON [24017610];5,32825;-73,69972222;2590;LENGUAZAQUE;Sogamoso;2401;Río Suárez;CUNDINAMARCA;LENGUAZAQUE;16/03/2010;FOSFORO TOTAL;0,28;mg P/L;Ideam;18530
RCA_LENGUAZAQUE_CUN_LENGUAZAQUE_BOQUERON [24017610];5,32825;-73,69972222;2590;LENGUAZAQUE;Sogamoso;2401;Río Suárez;CUNDINAMARCA;LENGUAZAQUE;2/06/2010;FOSFORO TOTAL;0,23;mg P/L;Ideam;18765
RCA_LENGUAZAQUE_CUN_LENGUAZAQUE_BOQUERON [24017610];5,32825;-73,69972222;2590;LENGUAZAQUE;Sogamoso;2401;Río Suárez;CUNDINAMARCA;LENGUAZAQUE;9/08/2010;FOSFORO TOTAL;0,12;mg P/L;Ideam;19057
RCA_LENGUAZAQUE_CUN_LENGUAZAQUE_BOQUERON [24017610];5,32825;-73,69972222;2590;LENGUAZAQUE;Sogamoso;2401;Río Suárez;CUNDINAMARCA;LENGUAZAQUE;23/11/2010;FOSFORO TOTAL;0,11;mg P/L;Ideam;19555
RCA_LENGUAZAQUE_CUN_LENGUAZAQUE_BOQUERON [24017610];5,32825;-73,69972222;2590;LENGUAZAQUE;Sogamoso;2401;Río Suárez;CUNDINAMARCA;LENGUAZAQUE;6/02/2011;FOSFORO TOTAL;0,21;mg P/L;Ideam;19786
RCA_LENGUAZAQUE_CUN_LENGUAZAQUE_BOQUERON [24017610];5,32825;-73,69972222;2590;LENGUAZAQUE;Sogamoso;2401;Río Suárez;CUNDINAMARCA;LENGUAZAQUE;6/07/2011;FOSFORO TOTAL;0,14;mg P/L;Ideam;20490
RCA_LENGUAZAQUE_CUN_LENGUAZAQUE_BOQUERON [24017610];5,32825;-73,69972222;2590;LENGUAZAQUE;Sogamoso;2401;Río Suárez;CUNDINAMARCA;LENGUAZAQUE;5/10/2011;FOSFORO TOTAL;0,11;mg P/L;Ideam;20767
RCA_LENGUAZAQUE_CUN_LENGUAZAQUE_BOQUERON [24017610];5,32825;-73,69972222;2590;LENGUAZAQUE;Sogamoso;2401;Río Suárez;CUNDINAMARCA;LENGUAZAQUE;14/04/2012;FOSFORO TOTAL;0,21;mg P/L;Ideam;21482
RCA_LENGUAZAQUE_CUN_LENGUAZAQUE_BOQUERON [24017610];5,32825;-73,69972222;2590;LENGUAZAQUE;Sogamoso;2401;Río Suárez;CUNDINAMARCA;LENGUAZAQUE;3/08/2012;FOSFORO TOTAL;0,21;mg P/L;Ideam;21703
RCA_LENGUAZAQUE_CUN_LENGUAZAQUE_BOQUERON [24017610];5,32825;-73,69972222;2590;LENGUAZAQUE;Sogamoso;2401;Río Suárez;CUNDINAMARCA;LENGUAZAQUE;26/10/2012;FOSFORO TOTAL;0,21;mg P/L;Ideam;21923
RCA_LENGUAZAQUE_CUN_LENGUAZAQUE_BOQUERON [24017610];5,32825;-73,69972222;2590;LENGUAZAQUE;Sogamoso;2401;Río Suárez;CUNDINAMARCA;LENGUAZAQUE;27/02/2013;FOSFORO TOTAL;0,17;mg P/L;Ideam;22167
RCA_LENGUAZAQUE_CUN_LENGUAZAQUE_BOQUERON [24017610];5,32825;-73,69972222;2590;LENGUAZAQUE;Sogamoso;2401;Río Suárez;CUNDINAMARCA;LENGUAZAQUE;29/05/2013;FOSFORO TOTAL;0,18;mg P/L;Ideam;22325
RCA_LENGUAZAQUE_CUN_LENGUAZAQUE_BOQUERON [24017610];5,32825;-73,69972222;2590;LENGUAZAQUE;Sogamoso;2401;Río Suárez;CUNDINAMARCA;LENGUAZAQUE;10/10/2013;FOSFORO TOTAL;0,18;mg P/L;Ideam;22573
RCA_LENGUAZAQUE_CUN_LENGUAZAQUE_BOQUERON [24017610];5,32825;-73,69972222;2590;LENGUAZAQUE;Sogamoso;2401;Río Suárez;CUNDINAMARCA;LENGUAZAQUE;23/11/2013;FOSFORO TOTAL;0,19;mg P/L;Ideam;22901
RCA_LENGUAZAQUE_CUN_LENGUAZAQUE_BOQUERON [24017610];5,32825;-73,69972222;2590;LENGUAZAQUE;Sogamoso;2401;Río Suárez;CUNDINAMARCA;LENGUAZAQUE;23/10/2014;FOSFORO TOTAL;0,17;mg P/L;Ideam;23597
RCA_LENGUAZAQUE_CUN_LENGUAZAQUE_BOQUERON [24017610];5,32825;-73,69972222;2590;LENGUAZAQUE;Sogamoso;2401;Río Suárez;CUNDINAMARCA;LENGUAZAQUE;2/10/2015;FOSFORO TOTAL;0,27;mg P/L;Ideam;24167
RCA_LENGUAZAQUE_CUN_LENGUAZAQUE_BOQUERON [24017610];5,32825;-73,69972222;2590;LENGUAZAQUE;Sogamoso;2401;Río Suárez;CUNDINAMARCA;LENGUAZAQUE;11/11/2015;FOSFORO TOTAL;0,18;mg P/L;Ideam;24336
RCA_LENGUAZAQUE_CUN_LENGUAZAQUE_BOQUERON [24017610];5,32825;-73,69972222;2590;LENGUAZAQUE;Sogamoso;2401;Río Suárez;CUNDINAMARCA;LENGUAZAQUE;15/05/2016;FOSFORO TOTAL;0,17;mg P/L;Ideam;24549
RCA_LENGUAZAQUE_CUN_LENGUAZAQUE_BOQUERON [24017610];5,32825;-73,69972222;2590;LENGUAZAQUE;Sogamoso;2401;Río Suárez;CUNDINAMARCA;LENGUAZAQUE;27/07/2016;FOSFORO TOTAL;0,12;mg P/L;Ideam;24885
RCA_LENGUAZAQUE_CUN_LENGUAZAQUE_BOQUERON [24017610];5,32825;-73,69972222;2590;LENGUAZAQUE;Sogamoso;2401;Río Suárez;CUNDINAMARCA;LENGUAZAQUE;9/09/2016;FOSFORO TOTAL;0,11;mg P/L;Ideam;25101
RCA_LENGUAZAQUE_CUN_LENGUAZAQUE_BOQUERON [24017610];5,32825;-73,69972222;2590;LENGUAZAQUE;Sogamoso;2401;Río Suárez;CUNDINAMARCA;LENGUAZAQUE;14/02/2017;FOSFORO TOTAL;0,14;mg P/L;Ideam;25798
RCA_LENGUAZAQUE_CUN_LENGUAZAQUE_BOQUERON [24017610];5,32825;-73,69972222;2590;LENGUAZAQUE;Sogamoso;2401;Río Suárez;CUNDINAMARCA;LENGUAZAQUE;21/05/2017;FOSFORO TOTAL;0,16;mg P/L;Ideam;26360
RCA_LENGUAZAQUE_CUN_LENGUAZAQUE_BOQUERON [24017610];5,32825;-73,69972222;2590;LENGUAZAQUE;Sogamoso;2401;Río Suárez;CUNDINAMARCA;LENGUAZAQUE;10/09/2017;FOSFORO TOTAL;0,34;mg P/L;Ideam;26520
RCA_LENGUAZAQUE_CUN_LENGUAZAQUE_BOQUERON [24017610];5,32825;-73,69972222;2590;LENGUAZAQUE;Sogamoso;2401;Río Suárez;CUNDINAMARCA;LENGUAZAQUE;21/03/2018;FOSFORO TOTAL;0,23;mg P/L;Ideam;26851
RCA_LENGUAZAQUE_CUN_LENGUAZAQUE_BOQUERON [24017610];5,32825;-73,69972222;2590;LENGUAZAQUE;Sogamoso;2401;Río Suárez;CUNDINAMARCA;LENGUAZAQUE;19/09/2018;FOSFORO TOTAL;0,17;mg P/L;Ideam;27037
RCA_LENGUAZAQUE_CUN_LENGUAZAQUE_BOQUERON [24017610];5,32825;-73,69972222;2590;LENGUAZAQUE;Sogamoso;2401;Río Suárez;CUNDINAMARCA;LENGUAZAQUE;2/04/2005;NITRATO;0,18;mg N-NO3-/L;Ideam;11456
RCA_LENGUAZAQUE_CUN_LENGUAZAQUE_BOQUERON [24017610];5,32825;-73,69972222;2590;LENGUAZAQUE;Sogamoso;2401;Río Suárez;CUNDINAMARCA;LENGUAZAQUE;25/08/2005;NITRATO;0,26;mg N-NO3-/L;Ideam;12100
RCA_LENGUAZAQUE_CUN_LENGUAZAQUE_BOQUERON [24017610];5,32825;-73,69972222;2590;LENGUAZAQUE;Sogamoso;2401;Río Suárez;CUNDINAMARCA;LENGUAZAQUE;1/07/2006;NITRATO;0,45;mg N-NO3-/L;Ideam;13604
RCA_LENGUAZAQUE_CUN_LENGUAZAQUE_BOQUERON [24017610];5,32825;-73,69972222;2590;LENGUAZAQUE;Sogamoso;2401;Río Suárez;CUNDINAMARCA;LENGUAZAQUE;15/12/2006;NITRATO;0,45;mg N-NO3-/L;Ideam;14242
RCA_LENGUAZAQUE_CUN_LENGUAZAQUE_BOQUERON [24017610];5,32825;-73,69972222;2590;LENGUAZAQUE;Sogamoso;2401;Río Suárez;CUNDINAMARCA;LENGUAZAQUE;15/03/2007;NITRATO;0,25;mg N-NO3-/L;Ideam;14676
RCA_LENGUAZAQUE_CUN_LENGUAZAQUE_BOQUERON [24017610];5,32825;-73,69972222;2590;LENGUAZAQUE;Sogamoso;2401;Río Suárez;CUNDINAMARCA;LENGUAZAQUE;25/06/2007;NITRATO;0,4;mg N-NO3-/L;Ideam;15094
RCA_LENGUAZAQUE_CUN_LENGUAZAQUE_BOQUERON [24017610];5,32825;-73,69972222;2590;LENGUAZAQUE;Sogamoso;2401;Río Suárez;CUNDINAMARCA;LENGUAZAQUE;30/10/2007;NITRATO;0,72;mg N-NO3-/L;Ideam;15599
RCA_LENGUAZAQUE_CUN_LENGUAZAQUE_BOQUERON [24017610];5,32825;-73,69972222;2590;LENGUAZAQUE;Sogamoso;2401;Río Suárez;CUNDINAMARCA;LENGUAZAQUE;13/12/2007;NITRATO;0,47;mg N-NO3-/L;Ideam;15739
RCA_LENGUAZAQUE_CUN_LENGUAZAQUE_BOQUERON [24017610];5,32825;-73,69972222;2590;LENGUAZAQUE;Sogamoso;2401;Río Suárez;CUNDINAMARCA;LENGUAZAQUE;22/04/2008;NITRATO;0,45;mg N-NO3-/L;Ideam;16189
RCA_LENGUAZAQUE_CUN_LENGUAZAQUE_BOQUERON [24017610];5,32825;-73,69972222;2590;LENGUAZAQUE;Sogamoso;2401;Río Suárez;CUNDINAMARCA;LENGUAZAQUE;22/07/2008;NITRATO;0,36;mg N-NO3-/L;Ideam;16532
RCA_LENGUAZAQUE_CUN_LENGUAZAQUE_BOQUERON [24017610];5,32825;-73,69972222;2590;LENGUAZAQUE;Sogamoso;2401;Río Suárez;CUNDINAMARCA;LENGUAZAQUE;22/09/2008;NITRATO;0,37;mg N-NO3-/L;Ideam;16742
RCA_LENGUAZAQUE_CUN_LENGUAZAQUE_BOQUERON [24017610];5,32825;-73,69972222;2590;LENGUAZAQUE;Sogamoso;2401;Río Suárez;CUNDINAMARCA;LENGUAZAQUE;10/12/2008;NITRATO;0,4;mg N-NO3-/L;Ideam;17084
RCA_LENGUAZAQUE_CUN_LENGUAZAQUE_BOQUERON [24017610];5,32825;-73,69972222;2590;LENGUAZAQUE;Sogamoso;2401;Río Suárez;CUNDINAMARCA;LENGUAZAQUE;24/03/2009;NITRATO;0,42;mg N-NO3-/L;Ideam;17382
RCA_LENGUAZAQUE_CUN_LENGUAZAQUE_BOQUERON [24017610];5,32825;-73,69972222;2590;LENGUAZAQUE;Sogamoso;2401;Río Suárez;CUNDINAMARCA;LENGUAZAQUE;11/06/2009;NITRATO;0,43;mg N-NO3-/L;Ideam;17661
RCA_LENGUAZAQUE_CUN_LENGUAZAQUE_BOQUERON [24017610];5,32825;-73,69972222;2590;LENGUAZAQUE;Sogamoso;2401;Río Suárez;CUNDINAMARCA;LENGUAZAQUE;17/10/2009;NITRATO;0,19;mg N-NO3-/L;Ideam;18078
RCA_LENGUAZAQUE_CUN_LENGUAZAQUE_BOQUERON [24017610];5,32825;-73,69972222;2590;LENGUAZAQUE;Sogamoso;2401;Río Suárez;CUNDINAMARCA;LENGUAZAQUE;16/03/2010;NITRATO;0,019;mg N-NO3-/L;Ideam;18530
RCA_LENGUAZAQUE_CUN_LENGUAZAQUE_BOQUERON [24017610];5,32825;-73,69972222;2590;LENGUAZAQUE;Sogamoso;2401;Río Suárez;CUNDINAMARCA;LENGUAZAQUE;2/06/2010;NITRATO;0,83;mg N-NO3-/L;Ideam;18765
RCA_LENGUAZAQUE_CUN_LENGUAZAQUE_BOQUERON [24017610];5,32825;-73,69972222;2590;LENGUAZAQUE;Sogamoso;2401;Río Suárez;CUNDINAMARCA;LENGUAZAQUE;9/08/2010;NITRATO;0,43;mg N-NO3-/L;Ideam;19057
RCA_LENGUAZAQUE_CUN_LENGUAZAQUE_BOQUERON [24017610];5,32825;-73,69972222;2590;LENGUAZAQUE;Sogamoso;2401;Río Suárez;CUNDINAMARCA;LENGUAZAQUE;23/11/2010;NITRATO;0,42;mg N-NO3-/L;Ideam;19555
RCA_LENGUAZAQUE_CUN_LENGUAZAQUE_BOQUERON [24017610];5,32825;-73,69972222;2590;LENGUAZAQUE;Sogamoso;2401;Río Suárez;CUNDINAMARCA;LENGUAZAQUE;6/02/2011;NITRATO;0,55;mg N-NO3-/L;Ideam;19786
RCA_LENGUAZAQUE_CUN_LENGUAZAQUE_BOQUERON [24017610];5,32825;-73,69972222;2590;LENGUAZAQUE;Sogamoso;2401;Río Suárez;CUNDINAMARCA;LENGUAZAQUE;6/07/2011;NITRATO;0,58;mg N-NO3-/L;Ideam;20490
RCA_LENGUAZAQUE_CUN_LENGUAZAQUE_BOQUERON [24017610];5,32825;-73,69972222;2590;LENGUAZAQUE;Sogamoso;2401;Río Suárez;CUNDINAMARCA;LENGUAZAQUE;5/10/2011;NITRATO;0,42;mg N-NO3-/L;Ideam;20767
RCA_LENGUAZAQUE_CUN_LENGUAZAQUE_BOQUERON [24017610];5,32825;-73,69972222;2590;LENGUAZAQUE;Sogamoso;2401;Río Suárez;CUNDINAMARCA;LENGUAZAQUE;14/04/2012;NITRATO;0,76;mg N-NO3-/L;Ideam;21482
RCA_LENGUAZAQUE_CUN_LENGUAZAQUE_BOQUERON [24017610];5,32825;-73,69972222;2590;LENGUAZAQUE;Sogamoso;2401;Río Suárez;CUNDINAMARCA;LENGUAZAQUE;3/08/2012;NITRATO;0,52;mg N-NO3-/L;Ideam;21703
RCA_LENGUAZAQUE_CUN_LENGUAZAQUE_BOQUERON [24017610];5,32825;-73,69972222;2590;LENGUAZAQUE;Sogamoso;2401;Río Suárez;CUNDINAMARCA;LENGUAZAQUE;26/10/2012;NITRATO;0,53;mg N-NO3-/L;Ideam;21923
RCA_LENGUAZAQUE_CUN_LENGUAZAQUE_BOQUERON [24017610];5,32825;-73,69972222;2590;LENGUAZAQUE;Sogamoso;2401;Río Suárez;CUNDINAMARCA;LENGUAZAQUE;27/02/2013;NITRATO;0,38;mg N-NO3-/L;Ideam;22167
RCA_LENGUAZAQUE_CUN_LENGUAZAQUE_BOQUERON [24017610];5,32825;-73,69972222;2590;LENGUAZAQUE;Sogamoso;2401;Río Suárez;CUNDINAMARCA;LENGUAZAQUE;29/05/2013;NITRATO;0,36;mg N-NO3-/L;Ideam;22325
RCA_LENGUAZAQUE_CUN_LENGUAZAQUE_BOQUERON [24017610];5,32825;-73,69972222;2590;LENGUAZAQUE;Sogamoso;2401;Río Suárez;CUNDINAMARCA;LENGUAZAQUE;10/10/2013;NITRATO;0,38;mg N-NO3-/L;Ideam;22573
RCA_LENGUAZAQUE_CUN_LENGUAZAQUE_BOQUERON [24017610];5,32825;-73,69972222;2590;LENGUAZAQUE;Sogamoso;2401;Río Suárez;CUNDINAMARCA;LENGUAZAQUE;23/11/2013;NITRATO;0,39;mg N-NO3-/L;Ideam;22901
RCA_LENGUAZAQUE_CUN_LENGUAZAQUE_BOQUERON [24017610];5,32825;-73,69972222;2590;LENGUAZAQUE;Sogamoso;2401;Río Suárez;CUNDINAMARCA;LENGUAZAQUE;14/05/2015;NITRATO;0,47;mg N-NO3-/L;Ideam;23877
RCA_LENGUAZAQUE_CUN_LENGUAZAQUE_BOQUERON [24017610];5,32825;-73,69972222;2590;LENGUAZAQUE;Sogamoso;2401;Río Suárez;CUNDINAMARCA;LENGUAZAQUE;2/10/2015;NITRATO;0,42;mg N-NO3-/L;Ideam;24167
RCA_LENGUAZAQUE_CUN_LENGUAZAQUE_BOQUERON [24017610];5,32825;-73,69972222;2590;LENGUAZAQUE;Sogamoso;2401;Río Suárez;CUNDINAMARCA;LENGUAZAQUE;11/11/2015;NITRATO;0,5;mg N-NO3-/L;Ideam;24336
RCA_LENGUAZAQUE_CUN_LENGUAZAQUE_BOQUERON [24017610];5,32825;-73,69972222;2590;LENGUAZAQUE;Sogamoso;2401;Río Suárez;CUNDINAMARCA;LENGUAZAQUE;15/05/2016;NITRATO;0,56;mg N-NO3-/L;Ideam;24549
RCA_LENGUAZAQUE_CUN_LENGUAZAQUE_BOQUERON [24017610];5,32825;-73,69972222;2590;LENGUAZAQUE;Sogamoso;2401;Río Suárez;CUNDINAMARCA;LENGUAZAQUE;27/07/2016;NITRATO;0,73;mg N-NO3-/L;Ideam;24885
RCA_LENGUAZAQUE_CUN_LENGUAZAQUE_BOQUERON [24017610];5,32825;-73,69972222;2590;LENGUAZAQUE;Sogamoso;2401;Río Suárez;CUNDINAMARCA;LENGUAZAQUE;9/09/2016;NITRATO;0,38;mg N-NO3-/L;Ideam;25101
RCA_LENGUAZAQUE_CUN_LENGUAZAQUE_BOQUERON [24017610];5,32825;-73,69972222;2590;LENGUAZAQUE;Sogamoso;2401;Río Suárez;CUNDINAMARCA;LENGUAZAQUE;14/02/2017;NITRATO;0,33;mg N-NO3-/L;Ideam;25798
RCA_LENGUAZAQUE_CUN_LENGUAZAQUE_BOQUERON [24017610];5,32825;-73,69972222;2590;LENGUAZAQUE;Sogamoso;2401;Río Suárez;CUNDINAMARCA;LENGUAZAQUE;21/05/2017;NITRATO;0,61;mg N-NO3-/L;Ideam;26360
RCA_LENGUAZAQUE_CUN_LENGUAZAQUE_BOQUERON [24017610];5,32825;-73,69972222;2590;LENGUAZAQUE;Sogamoso;2401;Río Suárez;CUNDINAMARCA;LENGUAZAQUE;10/09/2017;NITRATO;0,43;mg N-NO3-/L;Ideam;26520
RCA_LENGUAZAQUE_CUN_LENGUAZAQUE_BOQUERON [24017610];5,32825;-73,69972222;2590;LENGUAZAQUE;Sogamoso;2401;Río Suárez;CUNDINAMARCA;LENGUAZAQUE;21/03/2018;NITRATO;0,42;mg N-NO3-/L;Ideam;26851
RCA_LENGUAZAQUE_CUN_LENGUAZAQUE_BOQUERON [24017610];5,32825;-73,69972222;2590;LENGUAZAQUE;Sogamoso;2401;Río Suárez;CUNDINAMARCA;LENGUAZAQUE;19/09/2018;NITRATO;0,36;mg N-NO3-/L;Ideam;27037
RCA_LENGUAZAQUE_CUN_LENGUAZAQUE_BOQUERON [24017610];5,32825;-73,69972222;2590;LENGUAZAQUE;Sogamoso;2401;Río Suárez;CUNDINAMARCA;LENGUAZAQUE;2/04/2005;NITRITO;0,016;mg N-NO2-/L;Ideam;11456
RCA_LENGUAZAQUE_CUN_LENGUAZAQUE_BOQUERON [24017610];5,32825;-73,69972222;2590;LENGUAZAQUE;Sogamoso;2401;Río Suárez;CUNDINAMARCA;LENGUAZAQUE;25/08/2005;NITRITO;0,0063;mg N-NO2-/L;Ideam;12100
RCA_LENGUAZAQUE_CUN_LENGUAZAQUE_BOQUERON [24017610];5,32825;-73,69972222;2590;LENGUAZAQUE;Sogamoso;2401;Río Suárez;CUNDINAMARCA;LENGUAZAQUE;1/07/2006;NITRITO;<0.006;mg N-NO2-/L;Ideam;13604
RCA_LENGUAZAQUE_CUN_LENGUAZAQUE_BOQUERON [24017610];5,32825;-73,69972222;2590;LENGUAZAQUE;Sogamoso;2401;Río Suárez;CUNDINAMARCA;LENGUAZAQUE;15/12/2006;NITRITO;0,0091;mg N-NO2-/L;Ideam;14242
RCA_LENGUAZAQUE_CUN_LENGUAZAQUE_BOQUERON [24017610];5,32825;-73,69972222;2590;LENGUAZAQUE;Sogamoso;2401;Río Suárez;CUNDINAMARCA;LENGUAZAQUE;15/03/2007;NITRITO;<0.006;mg N-NO2-/L;Ideam;14676
RCA_LENGUAZAQUE_CUN_LENGUAZAQUE_BOQUERON [24017610];5,32825;-73,69972222;2590;LENGUAZAQUE;Sogamoso;2401;Río Suárez;CUNDINAMARCA;LENGUAZAQUE;25/06/2007;NITRITO;0,01;mg N-NO2-/L;Ideam;15094
RCA_LENGUAZAQUE_CUN_LENGUAZAQUE_BOQUERON [24017610];5,32825;-73,69972222;2590;LENGUAZAQUE;Sogamoso;2401;Río Suárez;CUNDINAMARCA;LENGUAZAQUE;30/10/2007;NITRITO;0,0062;mg N-NO2-/L;Ideam;15599
RCA_LENGUAZAQUE_CUN_LENGUAZAQUE_BOQUERON [24017610];5,32825;-73,69972222;2590;LENGUAZAQUE;Sogamoso;2401;Río Suárez;CUNDINAMARCA;LENGUAZAQUE;13/12/2007;NITRITO;0,018;mg N-NO2-/L;Ideam;15739
RCA_LENGUAZAQUE_CUN_LENGUAZAQUE_BOQUERON [24017610];5,32825;-73,69972222;2590;LENGUAZAQUE;Sogamoso;2401;Río Suárez;CUNDINAMARCA;LENGUAZAQUE;22/04/2008;NITRITO;0,024;mg/L;Ideam;16189
RCA_LENGUAZAQUE_CUN_LENGUAZAQUE_BOQUERON [24017610];5,32825;-73,69972222;2590;LENGUAZAQUE;Sogamoso;2401;Río Suárez;CUNDINAMARCA;LENGUAZAQUE;22/07/2008;NITRITO;0,0066;mg/L;Ideam;16532
RCA_LENGUAZAQUE_CUN_LENGUAZAQUE_BOQUERON [24017610];5,32825;-73,69972222;2590;LENGUAZAQUE;Sogamoso;2401;Río Suárez;CUNDINAMARCA;LENGUAZAQUE;22/09/2008;NITRITO;0,0091;mg/L;Ideam;16742
RCA_LENGUAZAQUE_CUN_LENGUAZAQUE_BOQUERON [24017610];5,32825;-73,69972222;2590;LENGUAZAQUE;Sogamoso;2401;Río Suárez;CUNDINAMARCA;LENGUAZAQUE;10/12/2008;NITRITO;<0.006;mg/L;Ideam;17084
RCA_LENGUAZAQUE_CUN_LENGUAZAQUE_BOQUERON [24017610];5,32825;-73,69972222;2590;LENGUAZAQUE;Sogamoso;2401;Río Suárez;CUNDINAMARCA;LENGUAZAQUE;24/03/2009;NITRITO;0,012;mg/L;Ideam;17382
RCA_LENGUAZAQUE_CUN_LENGUAZAQUE_BOQUERON [24017610];5,32825;-73,69972222;2590;LENGUAZAQUE;Sogamoso;2401;Río Suárez;CUNDINAMARCA;LENGUAZAQUE;11/06/2009;NITRITO;0,037;mg/L;Ideam;17661
RCA_LENGUAZAQUE_CUN_LENGUAZAQUE_BOQUERON [24017610];5,32825;-73,69972222;2590;LENGUAZAQUE;Sogamoso;2401;Río Suárez;CUNDINAMARCA;LENGUAZAQUE;17/10/2009;NITRITO;0,0064;mg/L;Ideam;18078
RCA_LENGUAZAQUE_CUN_LENGUAZAQUE_BOQUERON [24017610];5,32825;-73,69972222;2590;LENGUAZAQUE;Sogamoso;2401;Río Suárez;CUNDINAMARCA;LENGUAZAQUE;16/03/2010;NITRITO;<0.006;mg/L;Ideam;18530
RCA_LENGUAZAQUE_CUN_LENGUAZAQUE_BOQUERON [24017610];5,32825;-73,69972222;2590;LENGUAZAQUE;Sogamoso;2401;Río Suárez;CUNDINAMARCA;LENGUAZAQUE;2/06/2010;NITRITO;<0.006;mg/L;Ideam;18765
RCA_LENGUAZAQUE_CUN_LENGUAZAQUE_BOQUERON [24017610];5,32825;-73,69972222;2590;LENGUAZAQUE;Sogamoso;2401;Río Suárez;CUNDINAMARCA;LENGUAZAQUE;9/08/2010;NITRITO;0,0073;mg/L;Ideam;19057
RCA_LENGUAZAQUE_CUN_LENGUAZAQUE_BOQUERON [24017610];5,32825;-73,69972222;2590;LENGUAZAQUE;Sogamoso;2401;Río Suárez;CUNDINAMARCA;LENGUAZAQUE;23/11/2010;NITRITO;0,0085;mg/L;Ideam;19555
RCA_LENGUAZAQUE_CUN_LENGUAZAQUE_BOQUERON [24017610];5,32825;-73,69972222;2590;LENGUAZAQUE;Sogamoso;2401;Río Suárez;CUNDINAMARCA;LENGUAZAQUE;6/02/2011;NITRITO;0,01;mg/L;Ideam;19786
RCA_LENGUAZAQUE_CUN_LENGUAZAQUE_BOQUERON [24017610];5,32825;-73,69972222;2590;LENGUAZAQUE;Sogamoso;2401;Río Suárez;CUNDINAMARCA;LENGUAZAQUE;6/07/2011;NITRITO;0,0084;mg/L;Ideam;20490
RCA_LENGUAZAQUE_CUN_LENGUAZAQUE_BOQUERON [24017610];5,32825;-73,69972222;2590;LENGUAZAQUE;Sogamoso;2401;Río Suárez;CUNDINAMARCA;LENGUAZAQUE;5/10/2011;NITRITO;0,012;mg/L;Ideam;20767
RCA_LENGUAZAQUE_CUN_LENGUAZAQUE_BOQUERON [24017610];5,32825;-73,69972222;2590;LENGUAZAQUE;Sogamoso;2401;Río Suárez;CUNDINAMARCA;LENGUAZAQUE;14/04/2012;NITRITO;0,0065;mg/L;Ideam;21482
RCA_LENGUAZAQUE_CUN_LENGUAZAQUE_BOQUERON [24017610];5,32825;-73,69972222;2590;LENGUAZAQUE;Sogamoso;2401;Río Suárez;CUNDINAMARCA;LENGUAZAQUE;3/08/2012;NITRITO;0,0082;mg/L;Ideam;21703
RCA_LENGUAZAQUE_CUN_LENGUAZAQUE_BOQUERON [24017610];5,32825;-73,69972222;2590;LENGUAZAQUE;Sogamoso;2401;Río Suárez;CUNDINAMARCA;LENGUAZAQUE;26/10/2012;NITRITO;<0.006;mg/L;Ideam;21923
RCA_LENGUAZAQUE_CUN_LENGUAZAQUE_BOQUERON [24017610];5,32825;-73,69972222;2590;LENGUAZAQUE;Sogamoso;2401;Río Suárez;CUNDINAMARCA;LENGUAZAQUE;27/02/2013;NITRITO;0,032;mg/L;Ideam;22167
RCA_LENGUAZAQUE_CUN_LENGUAZAQUE_BOQUERON [24017610];5,32825;-73,69972222;2590;LENGUAZAQUE;Sogamoso;2401;Río Suárez;CUNDINAMARCA;LENGUAZAQUE;29/05/2013;NITRITO;0,014;mg/L;Ideam;22325
RCA_LENGUAZAQUE_CUN_LENGUAZAQUE_BOQUERON [24017610];5,32825;-73,69972222;2590;LENGUAZAQUE;Sogamoso;2401;Río Suárez;CUNDINAMARCA;LENGUAZAQUE;10/10/2013;NITRITO;0,02;mg/L;Ideam;22573
RCA_LENGUAZAQUE_CUN_LENGUAZAQUE_BOQUERON [24017610];5,32825;-73,69972222;2590;LENGUAZAQUE;Sogamoso;2401;Río Suárez;CUNDINAMARCA;LENGUAZAQUE;23/11/2013;NITRITO;0,017;mg/L;Ideam;22901
RCA_LENGUAZAQUE_CUN_LENGUAZAQUE_BOQUERON [24017610];5,32825;-73,69972222;2590;LENGUAZAQUE;Sogamoso;2401;Río Suárez;CUNDINAMARCA;LENGUAZAQUE;23/10/2014;NITRITO;0,063;mg/L;Ideam;23597
RCA_LENGUAZAQUE_CUN_LENGUAZAQUE_BOQUERON [24017610];5,32825;-73,69972222;2590;LENGUAZAQUE;Sogamoso;2401;Río Suárez;CUNDINAMARCA;LENGUAZAQUE;14/05/2015;NITRITO;0,092;mg/L;Ideam;23877
RCA_LENGUAZAQUE_CUN_LENGUAZAQUE_BOQUERON [24017610];5,32825;-73,69972222;2590;LENGUAZAQUE;Sogamoso;2401;Río Suárez;CUNDINAMARCA;LENGUAZAQUE;2/10/2015;NITRITO;0,18;mg/L;Ideam;24167
RCA_LENGUAZAQUE_CUN_LENGUAZAQUE_BOQUERON [24017610];5,32825;-73,69972222;2590;LENGUAZAQUE;Sogamoso;2401;Río Suárez;CUNDINAMARCA;LENGUAZAQUE;11/11/2015;NITRITO;0,014;mg/L;Ideam;24336
RCA_LENGUAZAQUE_CUN_LENGUAZAQUE_BOQUERON [24017610];5,32825;-73,69972222;2590;LENGUAZAQUE;Sogamoso;2401;Río Suárez;CUNDINAMARCA;LENGUAZAQUE;15/05/2016;NITRITO;0,016;mg/L;Ideam;24549
RCA_LENGUAZAQUE_CUN_LENGUAZAQUE_BOQUERON [24017610];5,32825;-73,69972222;2590;LENGUAZAQUE;Sogamoso;2401;Río Suárez;CUNDINAMARCA;LENGUAZAQUE;27/07/2016;NITRITO;0,013;mg/L;Ideam;24885
RCA_LENGUAZAQUE_CUN_LENGUAZAQUE_BOQUERON [24017610];5,32825;-73,69972222;2590;LENGUAZAQUE;Sogamoso;2401;Río Suárez;CUNDINAMARCA;LENGUAZAQUE;9/09/2016;NITRITO;0,018;mg/L;Ideam;25101
RCA_LENGUAZAQUE_CUN_LENGUAZAQUE_BOQUERON [24017610];5,32825;-73,69972222;2590;LENGUAZAQUE;Sogamoso;2401;Río Suárez;CUNDINAMARCA;LENGUAZAQUE;14/02/2017;NITRITO;0,15;mg/L;Ideam;25798
RCA_LENGUAZAQUE_CUN_LENGUAZAQUE_BOQUERON [24017610];5,32825;-73,69972222;2590;LENGUAZAQUE;Sogamoso;2401;Río Suárez;CUNDINAMARCA;LENGUAZAQUE;21/05/2017;NITRITO;0,0092;mg/L;Ideam;26360
RCA_LENGUAZAQUE_CUN_LENGUAZAQUE_BOQUERON [24017610];5,32825;-73,69972222;2590;LENGUAZAQUE;Sogamoso;2401;Río Suárez;CUNDINAMARCA;LENGUAZAQUE;10/09/2017;NITRITO;0,024;mg/L;Ideam;26520
RCA_LENGUAZAQUE_CUN_LENGUAZAQUE_BOQUERON [24017610];5,32825;-73,69972222;2590;LENGUAZAQUE;Sogamoso;2401;Río Suárez;CUNDINAMARCA;LENGUAZAQUE;21/03/2018;NITRITO;0,055;mg/L;Ideam;26851
RCA_LENGUAZAQUE_CUN_LENGUAZAQUE_BOQUERON [24017610];5,32825;-73,69972222;2590;LENGUAZAQUE;Sogamoso;2401;Río Suárez;CUNDINAMARCA;LENGUAZAQUE;19/09/2018;NITRITO;0,013;mg/L;Ideam;27037
RCA_LENGUAZAQUE_CUN_LENGUAZAQUE_BOQUERON [24017610];5,32825;-73,69972222;2590;LENGUAZAQUE;Sogamoso;2401;Río Suárez;CUNDINAMARCA;LENGUAZAQUE;2/04/2005;NITROGENO AMONIACAL;0,89;mg N-NH3-/L;Ideam;11456
RCA_LENGUAZAQUE_CUN_LENGUAZAQUE_BOQUERON [24017610];5,32825;-73,69972222;2590;LENGUAZAQUE;Sogamoso;2401;Río Suárez;CUNDINAMARCA;LENGUAZAQUE;25/08/2005;NITROGENO AMONIACAL;0,15;mg N-NH3-/L;Ideam;12100
RCA_LENGUAZAQUE_CUN_LENGUAZAQUE_BOQUERON [24017610];5,32825;-73,69972222;2590;LENGUAZAQUE;Sogamoso;2401;Río Suárez;CUNDINAMARCA;LENGUAZAQUE;1/07/2006;NITROGENO AMONIACAL;<0.3;mg N-NH3-/L;Ideam;13604
RCA_LENGUAZAQUE_CUN_LENGUAZAQUE_BOQUERON [24017610];5,32825;-73,69972222;2590;LENGUAZAQUE;Sogamoso;2401;Río Suárez;CUNDINAMARCA;LENGUAZAQUE;15/12/2006;NITROGENO AMONIACAL;0,3;mg N-NH3-/L;Ideam;14242
RCA_LENGUAZAQUE_CUN_LENGUAZAQUE_BOQUERON [24017610];5,32825;-73,69972222;2590;LENGUAZAQUE;Sogamoso;2401;Río Suárez;CUNDINAMARCA;LENGUAZAQUE;15/03/2007;NITROGENO AMONIACAL;0,72;mg N-NH3-/L;Ideam;14676
RCA_LENGUAZAQUE_CUN_LENGUAZAQUE_BOQUERON [24017610];5,32825;-73,69972222;2590;LENGUAZAQUE;Sogamoso;2401;Río Suárez;CUNDINAMARCA;LENGUAZAQUE;25/06/2007;NITROGENO AMONIACAL;<0.3;mg N-NH3-/L;Ideam;15094
RCA_LENGUAZAQUE_CUN_LENGUAZAQUE_BOQUERON [24017610];5,32825;-73,69972222;2590;LENGUAZAQUE;Sogamoso;2401;Río Suárez;CUNDINAMARCA;LENGUAZAQUE;30/10/2007;NITROGENO AMONIACAL;<0.3;mg N-NH3-/L;Ideam;15599
RCA_LENGUAZAQUE_CUN_LENGUAZAQUE_BOQUERON [24017610];5,32825;-73,69972222;2590;LENGUAZAQUE;Sogamoso;2401;Río Suárez;CUNDINAMARCA;LENGUAZAQUE;13/12/2007;NITROGENO AMONIACAL;<0.3;mg N-NH3-/L;Ideam;15739
RCA_LENGUAZAQUE_CUN_LENGUAZAQUE_BOQUERON [24017610];5,32825;-73,69972222;2590;LENGUAZAQUE;Sogamoso;2401;Río Suárez;CUNDINAMARCA;LENGUAZAQUE;22/04/2008;NITROGENO AMONIACAL;0,78;mg N-NH3-/L;Ideam;16189
RCA_LENGUAZAQUE_CUN_LENGUAZAQUE_BOQUERON [24017610];5,32825;-73,69972222;2590;LENGUAZAQUE;Sogamoso;2401;Río Suárez;CUNDINAMARCA;LENGUAZAQUE;22/07/2008;NITROGENO AMONIACAL;<0.3;mg N-NH3-/L;Ideam;16532
RCA_LENGUAZAQUE_CUN_LENGUAZAQUE_BOQUERON [24017610];5,32825;-73,69972222;2590;LENGUAZAQUE;Sogamoso;2401;Río Suárez;CUNDINAMARCA;LENGUAZAQUE;22/09/2008;NITROGENO AMONIACAL;<0.3;mg N-NH3-/L;Ideam;16742
RCA_LENGUAZAQUE_CUN_LENGUAZAQUE_BOQUERON [24017610];5,32825;-73,69972222;2590;LENGUAZAQUE;Sogamoso;2401;Río Suárez;CUNDINAMARCA;LENGUAZAQUE;10/12/2008;NITROGENO AMONIACAL;<0.3;mg N-NH3-/L;Ideam;17084
RCA_LENGUAZAQUE_CUN_LENGUAZAQUE_BOQUERON [24017610];5,32825;-73,69972222;2590;LENGUAZAQUE;Sogamoso;2401;Río Suárez;CUNDINAMARCA;LENGUAZAQUE;24/03/2009;NITROGENO AMONIACAL;0,15;mg N-NH3-/L;Ideam;17382
RCA_LENGUAZAQUE_CUN_LENGUAZAQUE_BOQUERON [24017610];5,32825;-73,69972222;2590;LENGUAZAQUE;Sogamoso;2401;Río Suárez;CUNDINAMARCA;LENGUAZAQUE;11/06/2009;NITROGENO AMONIACAL;0,36;mg N-NH3-/L;Ideam;17661
RCA_LENGUAZAQUE_CUN_LENGUAZAQUE_BOQUERON [24017610];5,32825;-73,69972222;2590;LENGUAZAQUE;Sogamoso;2401;Río Suárez;CUNDINAMARCA;LENGUAZAQUE;17/10/2009;NITROGENO AMONIACAL;<0.3;mg N-NH3-/L;Ideam;18078
RCA_LENGUAZAQUE_CUN_LENGUAZAQUE_BOQUERON [24017610];5,32825;-73,69972222;2590;LENGUAZAQUE;Sogamoso;2401;Río Suárez;CUNDINAMARCA;LENGUAZAQUE;16/03/2010;NITROGENO AMONIACAL;2,2;mg N-NH3-/L;Ideam;18530
RCA_LENGUAZAQUE_CUN_LENGUAZAQUE_BOQUERON [24017610];5,32825;-73,69972222;2590;LENGUAZAQUE;Sogamoso;2401;Río Suárez;CUNDINAMARCA;LENGUAZAQUE;2/06/2010;NITROGENO AMONIACAL;0,096;mg N-NH3-/L;Ideam;18765
RCA_LENGUAZAQUE_CUN_LENGUAZAQUE_BOQUERON [24017610];5,32825;-73,69972222;2590;LENGUAZAQUE;Sogamoso;2401;Río Suárez;CUNDINAMARCA;LENGUAZAQUE;9/08/2010;NITROGENO AMONIACAL;0,26;mg N-NH3-/L;Ideam;19057
RCA_LENGUAZAQUE_CUN_LENGUAZAQUE_BOQUERON [24017610];5,32825;-73,69972222;2590;LENGUAZAQUE;Sogamoso;2401;Río Suárez;CUNDINAMARCA;LENGUAZAQUE;23/11/2010;NITROGENO AMONIACAL;0,096;mg N-NH3-/L;Ideam;19555
RCA_LENGUAZAQUE_CUN_LENGUAZAQUE_BOQUERON [24017610];5,32825;-73,69972222;2590;LENGUAZAQUE;Sogamoso;2401;Río Suárez;CUNDINAMARCA;LENGUAZAQUE;6/02/2011;NITROGENO AMONIACAL;<0.3;mg N-NH3-/L;Ideam;19786
RCA_LENGUAZAQUE_CUN_LENGUAZAQUE_BOQUERON [24017610];5,32825;-73,69972222;2590;LENGUAZAQUE;Sogamoso;2401;Río Suárez;CUNDINAMARCA;LENGUAZAQUE;6/07/2011;NITROGENO AMONIACAL;<0.3;mg N-NH3-/L;Ideam;20490
RCA_LENGUAZAQUE_CUN_LENGUAZAQUE_BOQUERON [24017610];5,32825;-73,69972222;2590;LENGUAZAQUE;Sogamoso;2401;Río Suárez;CUNDINAMARCA;LENGUAZAQUE;5/10/2011;NITROGENO AMONIACAL;<0.3;mg N-NH3-/L;Ideam;20767
RCA_LENGUAZAQUE_CUN_LENGUAZAQUE_BOQUERON [24017610];5,32825;-73,69972222;2590;LENGUAZAQUE;Sogamoso;2401;Río Suárez;CUNDINAMARCA;LENGUAZAQUE;14/04/2012;NITROGENO AMONIACAL;<0.3;mg N-NH3-/L;Ideam;21482
RCA_LENGUAZAQUE_CUN_LENGUAZAQUE_BOQUERON [24017610];5,32825;-73,69972222;2590;LENGUAZAQUE;Sogamoso;2401;Río Suárez;CUNDINAMARCA;LENGUAZAQUE;3/08/2012;NITROGENO AMONIACAL;<0.3;mg N-NH3-/L;Ideam;21703
RCA_LENGUAZAQUE_CUN_LENGUAZAQUE_BOQUERON [24017610];5,32825;-73,69972222;2590;LENGUAZAQUE;Sogamoso;2401;Río Suárez;CUNDINAMARCA;LENGUAZAQUE;26/10/2012;NITROGENO AMONIACAL;<0.3;mg N-NH3-/L;Ideam;21923
RCA_LENGUAZAQUE_CUN_LENGUAZAQUE_BOQUERON [24017610];5,32825;-73,69972222;2590;LENGUAZAQUE;Sogamoso;2401;Río Suárez;CUNDINAMARCA;LENGUAZAQUE;27/02/2013;NITROGENO AMONIACAL;0,59;mg N-NH3-/L;Ideam;22167
RCA_LENGUAZAQUE_CUN_LENGUAZAQUE_BOQUERON [24017610];5,32825;-73,69972222;2590;LENGUAZAQUE;Sogamoso;2401;Río Suárez;CUNDINAMARCA;LENGUAZAQUE;29/05/2013;NITROGENO AMONIACAL;0,37;mg N-NH3-/L;Ideam;22325
RCA_LENGUAZAQUE_CUN_LENGUAZAQUE_BOQUERON [24017610];5,32825;-73,69972222;2590;LENGUAZAQUE;Sogamoso;2401;Río Suárez;CUNDINAMARCA;LENGUAZAQUE;10/10/2013;NITROGENO AMONIACAL;0,33;mg N-NH3-/L;Ideam;22573
RCA_LENGUAZAQUE_CUN_LENGUAZAQUE_BOQUERON [24017610];5,32825;-73,69972222;2590;LENGUAZAQUE;Sogamoso;2401;Río Suárez;CUNDINAMARCA;LENGUAZAQUE;23/11/2013;NITROGENO AMONIACAL;<0.3;mg N-NH3-/L;Ideam;22901
RCA_LENGUAZAQUE_CUN_LENGUAZAQUE_BOQUERON [24017610];5,32825;-73,69972222;2590;LENGUAZAQUE;Sogamoso;2401;Río Suárez;CUNDINAMARCA;LENGUAZAQUE;23/10/2014;NITROGENO AMONIACAL;0,54;mg N-NH3-/L;Ideam;23597
RCA_LENGUAZAQUE_CUN_LENGUAZAQUE_BOQUERON [24017610];5,32825;-73,69972222;2590;LENGUAZAQUE;Sogamoso;2401;Río Suárez;CUNDINAMARCA;LENGUAZAQUE;14/05/2015;NITROGENO AMONIACAL;0,453;mg N-NH3-/L;Ideam;23877
RCA_LENGUAZAQUE_CUN_LENGUAZAQUE_BOQUERON [24017610];5,32825;-73,69972222;2590;LENGUAZAQUE;Sogamoso;2401;Río Suárez;CUNDINAMARCA;LENGUAZAQUE;2/10/2015;NITROGENO AMONIACAL;1,1;mg N-NH3-/L;Ideam;24167
RCA_LENGUAZAQUE_CUN_LENGUAZAQUE_BOQUERON [24017610];5,32825;-73,69972222;2590;LENGUAZAQUE;Sogamoso;2401;Río Suárez;CUNDINAMARCA;LENGUAZAQUE;11/11/2015;NITROGENO AMONIACAL;<0.3;mg N-NH3-/L;Ideam;24336
RCA_LENGUAZAQUE_CUN_LENGUAZAQUE_BOQUERON [24017610];5,32825;-73,69972222;2590;LENGUAZAQUE;Sogamoso;2401;Río Suárez;CUNDINAMARCA;LENGUAZAQUE;15/05/2016;NITROGENO AMONIACAL;<0.3;mg N-NH3-/L;Ideam;24549
RCA_LENGUAZAQUE_CUN_LENGUAZAQUE_BOQUERON [24017610];5,32825;-73,69972222;2590;LENGUAZAQUE;Sogamoso;2401;Río Suárez;CUNDINAMARCA;LENGUAZAQUE;27/07/2016;NITROGENO AMONIACAL;<0.3;mg N-NH3-/L;Ideam;24885
RCA_LENGUAZAQUE_CUN_LENGUAZAQUE_BOQUERON [24017610];5,32825;-73,69972222;2590;LENGUAZAQUE;Sogamoso;2401;Río Suárez;CUNDINAMARCA;LENGUAZAQUE;9/09/2016;NITROGENO AMONIACAL;<0.3;mg N-NH3-/L;Ideam;25101
RCA_LENGUAZAQUE_CUN_LENGUAZAQUE_BOQUERON [24017610];5,32825;-73,69972222;2590;LENGUAZAQUE;Sogamoso;2401;Río Suárez;CUNDINAMARCA;LENGUAZAQUE;14/02/2017;NITROGENO AMONIACAL;0,52;mg N-NH3-/L;Ideam;25798
RCA_LENGUAZAQUE_CUN_LENGUAZAQUE_BOQUERON [24017610];5,32825;-73,69972222;2590;LENGUAZAQUE;Sogamoso;2401;Río Suárez;CUNDINAMARCA;LENGUAZAQUE;21/05/2017;NITROGENO AMONIACAL;<0.3;mg N-NH3-/L;Ideam;26360
RCA_LENGUAZAQUE_CUN_LENGUAZAQUE_BOQUERON [24017610];5,32825;-73,69972222;2590;LENGUAZAQUE;Sogamoso;2401;Río Suárez;CUNDINAMARCA;LENGUAZAQUE;10/09/2017;NITROGENO AMONIACAL;0,41;mg N-NH3-/L;Ideam;26520
RCA_LENGUAZAQUE_CUN_LENGUAZAQUE_BOQUERON [24017610];5,32825;-73,69972222;2590;LENGUAZAQUE;Sogamoso;2401;Río Suárez;CUNDINAMARCA;LENGUAZAQUE;21/03/2018;NITROGENO AMONIACAL;0,86;mg N-NH3-/L;Ideam;26851
RCA_LENGUAZAQUE_CUN_LENGUAZAQUE_BOQUERON [24017610];5,32825;-73,69972222;2590;LENGUAZAQUE;Sogamoso;2401;Río Suárez;CUNDINAMARCA;LENGUAZAQUE;19/09/2018;NITROGENO AMONIACAL;0,16;mg N-NH3-/L;Ideam;27037
RCA_LENGUAZAQUE_CUN_LENGUAZAQUE_BOQUERON [24017610];5,32825;-73,69972222;2590;LENGUAZAQUE;Sogamoso;2401;Río Suárez;CUNDINAMARCA;LENGUAZAQUE;24/03/2009;NITROGENO KJELDAHL TOTAL;1;mg N/L;Ideam;17382
RCA_LENGUAZAQUE_CUN_LENGUAZAQUE_BOQUERON [24017610];5,32825;-73,69972222;2590;LENGUAZAQUE;Sogamoso;2401;Río Suárez;CUNDINAMARCA;LENGUAZAQUE;11/06/2009;NITROGENO KJELDAHL TOTAL;1,3;mg N/L;Ideam;17661
RCA_LENGUAZAQUE_CUN_LENGUAZAQUE_BOQUERON [24017610];5,32825;-73,69972222;2590;LENGUAZAQUE;Sogamoso;2401;Río Suárez;CUNDINAMARCA;LENGUAZAQUE;17/10/2009;NITROGENO KJELDAHL TOTAL;1,1;mg N/L;Ideam;18078
RCA_LENGUAZAQUE_CUN_LENGUAZAQUE_BOQUERON [24017610];5,32825;-73,69972222;2590;LENGUAZAQUE;Sogamoso;2401;Río Suárez;CUNDINAMARCA;LENGUAZAQUE;16/03/2010;NITROGENO KJELDAHL TOTAL;<0.5;mg N/L;Ideam;18530
RCA_LENGUAZAQUE_CUN_LENGUAZAQUE_BOQUERON [24017610];5,32825;-73,69972222;2590;LENGUAZAQUE;Sogamoso;2401;Río Suárez;CUNDINAMARCA;LENGUAZAQUE;2/06/2010;NITROGENO KJELDAHL TOTAL;1,3;mg N/L;Ideam;18765
RCA_LENGUAZAQUE_CUN_LENGUAZAQUE_BOQUERON [24017610];5,32825;-73,69972222;2590;LENGUAZAQUE;Sogamoso;2401;Río Suárez;CUNDINAMARCA;LENGUAZAQUE;9/08/2010;NITROGENO KJELDAHL TOTAL;<0.5;mg N/L;Ideam;19057
RCA_LENGUAZAQUE_CUN_LENGUAZAQUE_BOQUERON [24017610];5,32825;-73,69972222;2590;LENGUAZAQUE;Sogamoso;2401;Río Suárez;CUNDINAMARCA;LENGUAZAQUE;23/11/2010;NITROGENO KJELDAHL TOTAL;0,6;mg N/L;Ideam;19555
RCA_LENGUAZAQUE_CUN_LENGUAZAQUE_BOQUERON [24017610];5,32825;-73,69972222;2590;LENGUAZAQUE;Sogamoso;2401;Río Suárez;CUNDINAMARCA;LENGUAZAQUE;6/02/2011;NITROGENO KJELDAHL TOTAL;1,4;mg N/L;Ideam;19786
RCA_LENGUAZAQUE_CUN_LENGUAZAQUE_BOQUERON [24017610];5,32825;-73,69972222;2590;LENGUAZAQUE;Sogamoso;2401;Río Suárez;CUNDINAMARCA;LENGUAZAQUE;6/07/2011;NITROGENO KJELDAHL TOTAL;<0.5;mg N/L;Ideam;20490
RCA_LENGUAZAQUE_CUN_LENGUAZAQUE_BOQUERON [24017610];5,32825;-73,69972222;2590;LENGUAZAQUE;Sogamoso;2401;Río Suárez;CUNDINAMARCA;LENGUAZAQUE;5/10/2011;NITROGENO KJELDAHL TOTAL;0,81;mg N/L;Ideam;20767
RCA_LENGUAZAQUE_CUN_LENGUAZAQUE_BOQUERON [24017610];5,32825;-73,69972222;2590;LENGUAZAQUE;Sogamoso;2401;Río Suárez;CUNDINAMARCA;LENGUAZAQUE;14/04/2012;NITROGENO KJELDAHL TOTAL;1,4;mg N/L;Ideam;21482
RCA_LENGUAZAQUE_CUN_LENGUAZAQUE_BOQUERON [24017610];5,32825;-73,69972222;2590;LENGUAZAQUE;Sogamoso;2401;Río Suárez;CUNDINAMARCA;LENGUAZAQUE;3/08/2012;NITROGENO KJELDAHL TOTAL;<0.5;mg N/L;Ideam;21703
RCA_LENGUAZAQUE_CUN_LENGUAZAQUE_BOQUERON [24017610];5,32825;-73,69972222;2590;LENGUAZAQUE;Sogamoso;2401;Río Suárez;CUNDINAMARCA;LENGUAZAQUE;26/10/2012;NITROGENO KJELDAHL TOTAL;0,54;mg N/L;Ideam;21923
RCA_LENGUAZAQUE_CUN_LENGUAZAQUE_BOQUERON [24017610];5,32825;-73,69972222;2590;LENGUAZAQUE;Sogamoso;2401;Río Suárez;CUNDINAMARCA;LENGUAZAQUE;27/02/2013;NITROGENO KJELDAHL TOTAL;1,7;mg N/L;Ideam;22167
RCA_LENGUAZAQUE_CUN_LENGUAZAQUE_BOQUERON [24017610];5,32825;-73,69972222;2590;LENGUAZAQUE;Sogamoso;2401;Río Suárez;CUNDINAMARCA;LENGUAZAQUE;29/05/2013;NITROGENO KJELDAHL TOTAL;0,95;mg N/L;Ideam;22325
RCA_LENGUAZAQUE_CUN_LENGUAZAQUE_BOQUERON [24017610];5,32825;-73,69972222;2590;LENGUAZAQUE;Sogamoso;2401;Río Suárez;CUNDINAMARCA;LENGUAZAQUE;10/10/2013;NITROGENO KJELDAHL TOTAL;0,85;mg N/L;Ideam;22573
RCA_LENGUAZAQUE_CUN_LENGUAZAQUE_BOQUERON [24017610];5,32825;-73,69972222;2590;LENGUAZAQUE;Sogamoso;2401;Río Suárez;CUNDINAMARCA;LENGUAZAQUE;23/11/2013;NITROGENO KJELDAHL TOTAL;0,53;mg N/L;Ideam;22901
RCA_LENGUAZAQUE_CUN_LENGUAZAQUE_BOQUERON [24017610];5,32825;-73,69972222;2590;LENGUAZAQUE;Sogamoso;2401;Río Suárez;CUNDINAMARCA;LENGUAZAQUE;23/10/2014;NITROGENO KJELDAHL TOTAL;1,7;mg N/L;Ideam;23597
RCA_LENGUAZAQUE_CUN_LENGUAZAQUE_BOQUERON [24017610];5,32825;-73,69972222;2590;LENGUAZAQUE;Sogamoso;2401;Río Suárez;CUNDINAMARCA;LENGUAZAQUE;14/05/2015;NITROGENO KJELDAHL TOTAL;1,2;mg N/L;Ideam;23877
RCA_LENGUAZAQUE_CUN_LENGUAZAQUE_BOQUERON [24017610];5,32825;-73,69972222;2590;LENGUAZAQUE;Sogamoso;2401;Río Suárez;CUNDINAMARCA;LENGUAZAQUE;2/10/2015;NITROGENO KJELDAHL TOTAL;2,9;mg N/L;Ideam;24167
RCA_LENGUAZAQUE_CUN_LENGUAZAQUE_BOQUERON [24017610];5,32825;-73,69972222;2590;LENGUAZAQUE;Sogamoso;2401;Río Suárez;CUNDINAMARCA;LENGUAZAQUE;11/11/2015;NITROGENO KJELDAHL TOTAL;0,57;mg N/L;Ideam;24336
RCA_LENGUAZAQUE_CUN_LENGUAZAQUE_BOQUERON [24017610];5,32825;-73,69972222;2590;LENGUAZAQUE;Sogamoso;2401;Río Suárez;CUNDINAMARCA;LENGUAZAQUE;15/05/2016;NITROGENO KJELDAHL TOTAL;0,94;mg N/L;Ideam;24549
RCA_LENGUAZAQUE_CUN_LENGUAZAQUE_BOQUERON [24017610];5,32825;-73,69972222;2590;LENGUAZAQUE;Sogamoso;2401;Río Suárez;CUNDINAMARCA;LENGUAZAQUE;27/07/2016;NITROGENO KJELDAHL TOTAL;0,72;mg N/L;Ideam;24885
RCA_LENGUAZAQUE_CUN_LENGUAZAQUE_BOQUERON [24017610];5,32825;-73,69972222;2590;LENGUAZAQUE;Sogamoso;2401;Río Suárez;CUNDINAMARCA;LENGUAZAQUE;9/09/2016;NITROGENO KJELDAHL TOTAL;1,2;mg N/L;Ideam;25101
RCA_LENGUAZAQUE_CUN_LENGUAZAQUE_BOQUERON [24017610];5,32825;-73,69972222;2590;LENGUAZAQUE;Sogamoso;2401;Río Suárez;CUNDINAMARCA;LENGUAZAQUE;14/02/2017;NITROGENO KJELDAHL TOTAL;1,2;mg N/L;Ideam;25798
RCA_LENGUAZAQUE_CUN_LENGUAZAQUE_BOQUERON [24017610];5,32825;-73,69972222;2590;LENGUAZAQUE;Sogamoso;2401;Río Suárez;CUNDINAMARCA;LENGUAZAQUE;21/05/2017;NITROGENO KJELDAHL TOTAL;0,98;mg N/L;Ideam;26360
RCA_LENGUAZAQUE_CUN_LENGUAZAQUE_BOQUERON [24017610];5,32825;-73,69972222;2590;LENGUAZAQUE;Sogamoso;2401;Río Suárez;CUNDINAMARCA;LENGUAZAQUE;10/09/2017;NITROGENO KJELDAHL TOTAL;1,8;mg N/L;Ideam;26520
RCA_LENGUAZAQUE_CUN_LENGUAZAQUE_BOQUERON [24017610];5,32825;-73,69972222;2590;LENGUAZAQUE;Sogamoso;2401;Río Suárez;CUNDINAMARCA;LENGUAZAQUE;21/03/2018;NITROGENO KJELDAHL TOTAL;2,8;mg N/L;Ideam;26851
RCA_LENGUAZAQUE_CUN_LENGUAZAQUE_BOQUERON [24017610];5,32825;-73,69972222;2590;LENGUAZAQUE;Sogamoso;2401;Río Suárez;CUNDINAMARCA;LENGUAZAQUE;19/09/2018;NITROGENO KJELDAHL TOTAL;1,6;mg N/L;Ideam;27037
RCA_LENGUAZAQUE_CUN_LENGUAZAQUE_BOQUERON [24017610];5,32825;-73,69972222;2590;LENGUAZAQUE;Sogamoso;2401;Río Suárez;CUNDINAMARCA;LENGUAZAQUE;2/04/2005;OXIGENO DISUELTO (OD);3;mg O2/L;Ideam;11456
RCA_LENGUAZAQUE_CUN_LENGUAZAQUE_BOQUERON [24017610];5,32825;-73,69972222;2590;LENGUAZAQUE;Sogamoso;2401;Río Suárez;CUNDINAMARCA;LENGUAZAQUE;25/08/2005;OXIGENO DISUELTO (OD);7,1;mg O2/L;Ideam;12100
RCA_LENGUAZAQUE_CUN_LENGUAZAQUE_BOQUERON [24017610];5,32825;-73,69972222;2590;LENGUAZAQUE;Sogamoso;2401;Río Suárez;CUNDINAMARCA;LENGUAZAQUE;1/07/2006;OXIGENO DISUELTO (OD);7,4;mg O2/L;Ideam;13604
RCA_LENGUAZAQUE_CUN_LENGUAZAQUE_BOQUERON [24017610];5,32825;-73,69972222;2590;LENGUAZAQUE;Sogamoso;2401;Río Suárez;CUNDINAMARCA;LENGUAZAQUE;15/12/2006;OXIGENO DISUELTO (OD);7,4;mg O2/L;Ideam;14242
RCA_LENGUAZAQUE_CUN_LENGUAZAQUE_BOQUERON [24017610];5,32825;-73,69972222;2590;LENGUAZAQUE;Sogamoso;2401;Río Suárez;CUNDINAMARCA;LENGUAZAQUE;30/10/2007;OXIGENO DISUELTO (OD);6,8;mg O2/L;Ideam;15599
RCA_LENGUAZAQUE_CUN_LENGUAZAQUE_BOQUERON [24017610];5,32825;-73,69972222;2590;LENGUAZAQUE;Sogamoso;2401;Río Suárez;CUNDINAMARCA;LENGUAZAQUE;13/12/2007;OXIGENO DISUELTO (OD);4,7;mg O2/L;Ideam;15739
RCA_LENGUAZAQUE_CUN_LENGUAZAQUE_BOQUERON [24017610];5,32825;-73,69972222;2590;LENGUAZAQUE;Sogamoso;2401;Río Suárez;CUNDINAMARCA;LENGUAZAQUE;22/04/2008;OXIGENO DISUELTO (OD);6,4;mg O2/L;Ideam;16189
RCA_LENGUAZAQUE_CUN_LENGUAZAQUE_BOQUERON [24017610];5,32825;-73,69972222;2590;LENGUAZAQUE;Sogamoso;2401;Río Suárez;CUNDINAMARCA;LENGUAZAQUE;22/07/2008;OXIGENO DISUELTO (OD);6,5;mg O2/L;Ideam;16532
RCA_LENGUAZAQUE_CUN_LENGUAZAQUE_BOQUERON [24017610];5,32825;-73,69972222;2590;LENGUAZAQUE;Sogamoso;2401;Río Suárez;CUNDINAMARCA;LENGUAZAQUE;22/09/2008;OXIGENO DISUELTO (OD);4,4;mg O2/L;Ideam;16742
RCA_LENGUAZAQUE_CUN_LENGUAZAQUE_BOQUERON [24017610];5,32825;-73,69972222;2590;LENGUAZAQUE;Sogamoso;2401;Río Suárez;CUNDINAMARCA;LENGUAZAQUE;10/12/2008;OXIGENO DISUELTO (OD);5,7;mg O2/L;Ideam;17084
RCA_LENGUAZAQUE_CUN_LENGUAZAQUE_BOQUERON [24017610];5,32825;-73,69972222;2590;LENGUAZAQUE;Sogamoso;2401;Río Suárez;CUNDINAMARCA;LENGUAZAQUE;24/03/2009;OXIGENO DISUELTO (OD);6;mg O2/L;Ideam;17382
RCA_LENGUAZAQUE_CUN_LENGUAZAQUE_BOQUERON [24017610];5,32825;-73,69972222;2590;LENGUAZAQUE;Sogamoso;2401;Río Suárez;CUNDINAMARCA;LENGUAZAQUE;11/06/2009;OXIGENO DISUELTO (OD);4,9;mg O2/L;Ideam;17661
RCA_LENGUAZAQUE_CUN_LENGUAZAQUE_BOQUERON [24017610];5,32825;-73,69972222;2590;LENGUAZAQUE;Sogamoso;2401;Río Suárez;CUNDINAMARCA;LENGUAZAQUE;17/10/2009;OXIGENO DISUELTO (OD);6,7;mg O2/L;Ideam;18078
RCA_LENGUAZAQUE_CUN_LENGUAZAQUE_BOQUERON [24017610];5,32825;-73,69972222;2590;LENGUAZAQUE;Sogamoso;2401;Río Suárez;CUNDINAMARCA;LENGUAZAQUE;16/03/2010;OXIGENO DISUELTO (OD);2,5;mg O2/L;Ideam;18530
RCA_LENGUAZAQUE_CUN_LENGUAZAQUE_BOQUERON [24017610];5,32825;-73,69972222;2590;LENGUAZAQUE;Sogamoso;2401;Río Suárez;CUNDINAMARCA;LENGUAZAQUE;2/06/2010;OXIGENO DISUELTO (OD);5,4;mg O2/L;Ideam;18765
RCA_LENGUAZAQUE_CUN_LENGUAZAQUE_BOQUERON [24017610];5,32825;-73,69972222;2590;LENGUAZAQUE;Sogamoso;2401;Río Suárez;CUNDINAMARCA;LENGUAZAQUE;9/08/2010;OXIGENO DISUELTO (OD);6;mg O2/L;Ideam;19057
RCA_LENGUAZAQUE_CUN_LENGUAZAQUE_BOQUERON [24017610];5,32825;-73,69972222;2590;LENGUAZAQUE;Sogamoso;2401;Río Suárez;CUNDINAMARCA;LENGUAZAQUE;23/11/2010;OXIGENO DISUELTO (OD);5,3;mg O2/L;Ideam;19555
RCA_LENGUAZAQUE_CUN_LENGUAZAQUE_BOQUERON [24017610];5,32825;-73,69972222;2590;LENGUAZAQUE;Sogamoso;2401;Río Suárez;CUNDINAMARCA;LENGUAZAQUE;6/02/2011;OXIGENO DISUELTO (OD);5,9;mg O2/L;Ideam;19786
RCA_LENGUAZAQUE_CUN_LENGUAZAQUE_BOQUERON [24017610];5,32825;-73,69972222;2590;LENGUAZAQUE;Sogamoso;2401;Río Suárez;CUNDINAMARCA;LENGUAZAQUE;6/07/2011;OXIGENO DISUELTO (OD);6,4;mg O2/L;Ideam;20490
RCA_LENGUAZAQUE_CUN_LENGUAZAQUE_BOQUERON [24017610];5,32825;-73,69972222;2590;LENGUAZAQUE;Sogamoso;2401;Río Suárez;CUNDINAMARCA;LENGUAZAQUE;5/10/2011;OXIGENO DISUELTO (OD);5,1;mg O2/L;Ideam;20767
RCA_LENGUAZAQUE_CUN_LENGUAZAQUE_BOQUERON [24017610];5,32825;-73,69972222;2590;LENGUAZAQUE;Sogamoso;2401;Río Suárez;CUNDINAMARCA;LENGUAZAQUE;14/04/2012;OXIGENO DISUELTO (OD);7,1;mg O2/L;Ideam;21482
RCA_LENGUAZAQUE_CUN_LENGUAZAQUE_BOQUERON [24017610];5,32825;-73,69972222;2590;LENGUAZAQUE;Sogamoso;2401;Río Suárez;CUNDINAMARCA;LENGUAZAQUE;3/08/2012;OXIGENO DISUELTO (OD);6,5;mg O2/L;Ideam;21703
RCA_LENGUAZAQUE_CUN_LENGUAZAQUE_BOQUERON [24017610];5,32825;-73,69972222;2590;LENGUAZAQUE;Sogamoso;2401;Río Suárez;CUNDINAMARCA;LENGUAZAQUE;26/10/2012;OXIGENO DISUELTO (OD);6,8;mg O2/L;Ideam;21923
RCA_LENGUAZAQUE_CUN_LENGUAZAQUE_BOQUERON [24017610];5,32825;-73,69972222;2590;LENGUAZAQUE;Sogamoso;2401;Río Suárez;CUNDINAMARCA;LENGUAZAQUE;27/02/2013;OXIGENO DISUELTO (OD);6,6;mg O2/L;Ideam;22167
RCA_LENGUAZAQUE_CUN_LENGUAZAQUE_BOQUERON [24017610];5,32825;-73,69972222;2590;LENGUAZAQUE;Sogamoso;2401;Río Suárez;CUNDINAMARCA;LENGUAZAQUE;29/05/2013;OXIGENO DISUELTO (OD);6,01;mg O2/L;Ideam;22325
RCA_LENGUAZAQUE_CUN_LENGUAZAQUE_BOQUERON [24017610];5,32825;-73,69972222;2590;LENGUAZAQUE;Sogamoso;2401;Río Suárez;CUNDINAMARCA;LENGUAZAQUE;10/10/2013;OXIGENO DISUELTO (OD);6,1;mg O2/L;Ideam;22573
RCA_LENGUAZAQUE_CUN_LENGUAZAQUE_BOQUERON [24017610];5,32825;-73,69972222;2590;LENGUAZAQUE;Sogamoso;2401;Río Suárez;CUNDINAMARCA;LENGUAZAQUE;23/11/2013;OXIGENO DISUELTO (OD);5,2;mg O2/L;Ideam;22901
RCA_LENGUAZAQUE_CUN_LENGUAZAQUE_BOQUERON [24017610];5,32825;-73,69972222;2590;LENGUAZAQUE;Sogamoso;2401;Río Suárez;CUNDINAMARCA;LENGUAZAQUE;23/10/2014;OXIGENO DISUELTO (OD);4,1;mg O2/L;Ideam;23597
RCA_LENGUAZAQUE_CUN_LENGUAZAQUE_BOQUERON [24017610];5,32825;-73,69972222;2590;LENGUAZAQUE;Sogamoso;2401;Río Suárez;CUNDINAMARCA;LENGUAZAQUE;14/05/2015;OXIGENO DISUELTO (OD);4,9;mg O2/L;Ideam;23877
RCA_LENGUAZAQUE_CUN_LENGUAZAQUE_BOQUERON [24017610];5,32825;-73,69972222;2590;LENGUAZAQUE;Sogamoso;2401;Río Suárez;CUNDINAMARCA;LENGUAZAQUE;2/10/2015;OXIGENO DISUELTO (OD);4,9;mg O2/L;Ideam;24167
RCA_LENGUAZAQUE_CUN_LENGUAZAQUE_BOQUERON [24017610];5,32825;-73,69972222;2590;LENGUAZAQUE;Sogamoso;2401;Río Suárez;CUNDINAMARCA;LENGUAZAQUE;15/05/2016;OXIGENO DISUELTO (OD);4,3;mg O2/L;Ideam;24549
RCA_LENGUAZAQUE_CUN_LENGUAZAQUE_BOQUERON [24017610];5,32825;-73,69972222;2590;LENGUAZAQUE;Sogamoso;2401;Río Suárez;CUNDINAMARCA;LENGUAZAQUE;27/07/2016;OXIGENO DISUELTO (OD);4,8;mg O2/L;Ideam;24885
RCA_LENGUAZAQUE_CUN_LENGUAZAQUE_BOQUERON [24017610];5,32825;-73,69972222;2590;LENGUAZAQUE;Sogamoso;2401;Río Suárez;CUNDINAMARCA;LENGUAZAQUE;9/09/2016;OXIGENO DISUELTO (OD);5,3;mg O2/L;Ideam;25101
RCA_LENGUAZAQUE_CUN_LENGUAZAQUE_BOQUERON [24017610];5,32825;-73,69972222;2590;LENGUAZAQUE;Sogamoso;2401;Río Suárez;CUNDINAMARCA;LENGUAZAQUE;14/02/2017;OXIGENO DISUELTO (OD);5,7;mg O2/L;Ideam;25798
RCA_LENGUAZAQUE_CUN_LENGUAZAQUE_BOQUERON [24017610];5,32825;-73,69972222;2590;LENGUAZAQUE;Sogamoso;2401;Río Suárez;CUNDINAMARCA;LENGUAZAQUE;21/05/2017;OXIGENO DISUELTO (OD);7;mg O2/L;Ideam;26360
RCA_LENGUAZAQUE_CUN_LENGUAZAQUE_BOQUERON [24017610];5,32825;-73,69972222;2590;LENGUAZAQUE;Sogamoso;2401;Río Suárez;CUNDINAMARCA;LENGUAZAQUE;21/03/2018;OXIGENO DISUELTO (OD);3,9;mg O2/L;Ideam;26851
RCA_LENGUAZAQUE_CUN_LENGUAZAQUE_BOQUERON [24017610];5,32825;-73,69972222;2590;LENGUAZAQUE;Sogamoso;2401;Río Suárez;CUNDINAMARCA;LENGUAZAQUE;23/06/2018;OXIGENO DISUELTO (OD);7,6;mg O2/L;Ideam;26941
RCA_LENGUAZAQUE_CUN_LENGUAZAQUE_BOQUERON [24017610];5,32825;-73,69972222;2590;LENGUAZAQUE;Sogamoso;2401;Río Suárez;CUNDINAMARCA;LENGUAZAQUE;19/09/2018;OXIGENO DISUELTO (OD);6;mg O2/L;Ideam;27037
RCA_LENGUAZAQUE_CUN_LENGUAZAQUE_BOQUERON [24017610];5,32825;-73,69972222;2590;LENGUAZAQUE;Sogamoso;2401;Río Suárez;CUNDINAMARCA;LENGUAZAQUE;2/04/2005;pH;5;Unidades de pH;Ideam;11456
RCA_LENGUAZAQUE_CUN_LENGUAZAQUE_BOQUERON [24017610];5,32825;-73,69972222;2590;LENGUAZAQUE;Sogamoso;2401;Río Suárez;CUNDINAMARCA;LENGUAZAQUE;25/08/2005;pH;7,44;Unidades de pH;Ideam;12100
RCA_LENGUAZAQUE_CUN_LENGUAZAQUE_BOQUERON [24017610];5,32825;-73,69972222;2590;LENGUAZAQUE;Sogamoso;2401;Río Suárez;CUNDINAMARCA;LENGUAZAQUE;1/07/2006;pH;6,66;Unidades de pH;Ideam;13604
RCA_LENGUAZAQUE_CUN_LENGUAZAQUE_BOQUERON [24017610];5,32825;-73,69972222;2590;LENGUAZAQUE;Sogamoso;2401;Río Suárez;CUNDINAMARCA;LENGUAZAQUE;15/12/2006;pH;6,1;Unidades de pH;Ideam;14242
RCA_LENGUAZAQUE_CUN_LENGUAZAQUE_BOQUERON [24017610];5,32825;-73,69972222;2590;LENGUAZAQUE;Sogamoso;2401;Río Suárez;CUNDINAMARCA;LENGUAZAQUE;25/06/2007;pH;5,44;Unidades de pH;Ideam;15094
RCA_LENGUAZAQUE_CUN_LENGUAZAQUE_BOQUERON [24017610];5,32825;-73,69972222;2590;LENGUAZAQUE;Sogamoso;2401;Río Suárez;CUNDINAMARCA;LENGUAZAQUE;30/10/2007;pH;6,06;Unidades de pH;Ideam;15599
RCA_LENGUAZAQUE_CUN_LENGUAZAQUE_BOQUERON [24017610];5,32825;-73,69972222;2590;LENGUAZAQUE;Sogamoso;2401;Río Suárez;CUNDINAMARCA;LENGUAZAQUE;13/12/2007;pH;6,07;Unidades de pH;Ideam;15739
RCA_LENGUAZAQUE_CUN_LENGUAZAQUE_BOQUERON [24017610];5,32825;-73,69972222;2590;LENGUAZAQUE;Sogamoso;2401;Río Suárez;CUNDINAMARCA;LENGUAZAQUE;22/04/2008;pH;6,57;unidades de pH;Ideam;16189
RCA_LENGUAZAQUE_CUN_LENGUAZAQUE_BOQUERON [24017610];5,32825;-73,69972222;2590;LENGUAZAQUE;Sogamoso;2401;Río Suárez;CUNDINAMARCA;LENGUAZAQUE;22/07/2008;pH;6,17;unidades de pH;Ideam;16532
RCA_LENGUAZAQUE_CUN_LENGUAZAQUE_BOQUERON [24017610];5,32825;-73,69972222;2590;LENGUAZAQUE;Sogamoso;2401;Río Suárez;CUNDINAMARCA;LENGUAZAQUE;22/09/2008;pH;6,07;unidades de pH;Ideam;16742
RCA_LENGUAZAQUE_CUN_LENGUAZAQUE_BOQUERON [24017610];5,32825;-73,69972222;2590;LENGUAZAQUE;Sogamoso;2401;Río Suárez;CUNDINAMARCA;LENGUAZAQUE;10/12/2008;pH;6,26;unidades de pH;Ideam;17084
RCA_LENGUAZAQUE_CUN_LENGUAZAQUE_BOQUERON [24017610];5,32825;-73,69972222;2590;LENGUAZAQUE;Sogamoso;2401;Río Suárez;CUNDINAMARCA;LENGUAZAQUE;24/03/2009;pH;6,5;unidades de pH;Ideam;17382
RCA_LENGUAZAQUE_CUN_LENGUAZAQUE_BOQUERON [24017610];5,32825;-73,69972222;2590;LENGUAZAQUE;Sogamoso;2401;Río Suárez;CUNDINAMARCA;LENGUAZAQUE;11/06/2009;pH;6,28;unidades de pH;Ideam;17661
RCA_LENGUAZAQUE_CUN_LENGUAZAQUE_BOQUERON [24017610];5,32825;-73,69972222;2590;LENGUAZAQUE;Sogamoso;2401;Río Suárez;CUNDINAMARCA;LENGUAZAQUE;17/10/2009;pH;5,38;unidades de pH;Ideam;18078
RCA_LENGUAZAQUE_CUN_LENGUAZAQUE_BOQUERON [24017610];5,32825;-73,69972222;2590;LENGUAZAQUE;Sogamoso;2401;Río Suárez;CUNDINAMARCA;LENGUAZAQUE;16/03/2010;pH;6;unidades de pH;Ideam;18530
RCA_LENGUAZAQUE_CUN_LENGUAZAQUE_BOQUERON [24017610];5,32825;-73,69972222;2590;LENGUAZAQUE;Sogamoso;2401;Río Suárez;CUNDINAMARCA;LENGUAZAQUE;2/06/2010;pH;5,41;unidades de pH;Ideam;18765
RCA_LENGUAZAQUE_CUN_LENGUAZAQUE_BOQUERON [24017610];5,32825;-73,69972222;2590;LENGUAZAQUE;Sogamoso;2401;Río Suárez;CUNDINAMARCA;LENGUAZAQUE;9/08/2010;pH;6,35;unidades de pH;Ideam;19057
RCA_LENGUAZAQUE_CUN_LENGUAZAQUE_BOQUERON [24017610];5,32825;-73,69972222;2590;LENGUAZAQUE;Sogamoso;2401;Río Suárez;CUNDINAMARCA;LENGUAZAQUE;23/11/2010;pH;6,43;unidades de pH;Ideam;19555
RCA_LENGUAZAQUE_CUN_LENGUAZAQUE_BOQUERON [24017610];5,32825;-73,69972222;2590;LENGUAZAQUE;Sogamoso;2401;Río Suárez;CUNDINAMARCA;LENGUAZAQUE;6/02/2011;pH;6,39;unidades de pH;Ideam;19786
RCA_LENGUAZAQUE_CUN_LENGUAZAQUE_BOQUERON [24017610];5,32825;-73,69972222;2590;LENGUAZAQUE;Sogamoso;2401;Río Suárez;CUNDINAMARCA;LENGUAZAQUE;6/07/2011;pH;6,35;unidades de pH;Ideam;20490
RCA_LENGUAZAQUE_CUN_LENGUAZAQUE_BOQUERON [24017610];5,32825;-73,69972222;2590;LENGUAZAQUE;Sogamoso;2401;Río Suárez;CUNDINAMARCA;LENGUAZAQUE;5/10/2011;pH;6,65;unidades de pH;Ideam;20767
RCA_LENGUAZAQUE_CUN_LENGUAZAQUE_BOQUERON [24017610];5,32825;-73,69972222;2590;LENGUAZAQUE;Sogamoso;2401;Río Suárez;CUNDINAMARCA;LENGUAZAQUE;14/04/2012;pH;6,39;unidades de pH;Ideam;21482
RCA_LENGUAZAQUE_CUN_LENGUAZAQUE_BOQUERON [24017610];5,32825;-73,69972222;2590;LENGUAZAQUE;Sogamoso;2401;Río Suárez;CUNDINAMARCA;LENGUAZAQUE;3/08/2012;pH;6,63;unidades de pH;Ideam;21703
RCA_LENGUAZAQUE_CUN_LENGUAZAQUE_BOQUERON [24017610];5,32825;-73,69972222;2590;LENGUAZAQUE;Sogamoso;2401;Río Suárez;CUNDINAMARCA;LENGUAZAQUE;26/10/2012;pH;6,78;unidades de pH;Ideam;21923
RCA_LENGUAZAQUE_CUN_LENGUAZAQUE_BOQUERON [24017610];5,32825;-73,69972222;2590;LENGUAZAQUE;Sogamoso;2401;Río Suárez;CUNDINAMARCA;LENGUAZAQUE;27/02/2013;pH;6,09;unidades de pH;Ideam;22167
RCA_LENGUAZAQUE_CUN_LENGUAZAQUE_BOQUERON [24017610];5,32825;-73,69972222;2590;LENGUAZAQUE;Sogamoso;2401;Río Suárez;CUNDINAMARCA;LENGUAZAQUE;29/05/2013;pH;6,48;unidades de pH;Ideam;22325
RCA_LENGUAZAQUE_CUN_LENGUAZAQUE_BOQUERON [24017610];5,32825;-73,69972222;2590;LENGUAZAQUE;Sogamoso;2401;Río Suárez;CUNDINAMARCA;LENGUAZAQUE;10/10/2013;pH;6;unidades de pH;Ideam;22573
RCA_LENGUAZAQUE_CUN_LENGUAZAQUE_BOQUERON [24017610];5,32825;-73,69972222;2590;LENGUAZAQUE;Sogamoso;2401;Río Suárez;CUNDINAMARCA;LENGUAZAQUE;23/11/2013;pH;6,22;unidades de pH;Ideam;22901
RCA_LENGUAZAQUE_CUN_LENGUAZAQUE_BOQUERON [24017610];5,32825;-73,69972222;2590;LENGUAZAQUE;Sogamoso;2401;Río Suárez;CUNDINAMARCA;LENGUAZAQUE;23/10/2014;pH;6,74;unidades de pH;Ideam;23597
RCA_LENGUAZAQUE_CUN_LENGUAZAQUE_BOQUERON [24017610];5,32825;-73,69972222;2590;LENGUAZAQUE;Sogamoso;2401;Río Suárez;CUNDINAMARCA;LENGUAZAQUE;14/05/2015;pH;6,26;unidades de pH;Ideam;23877
RCA_LENGUAZAQUE_CUN_LENGUAZAQUE_BOQUERON [24017610];5,32825;-73,69972222;2590;LENGUAZAQUE;Sogamoso;2401;Río Suárez;CUNDINAMARCA;LENGUAZAQUE;2/10/2015;pH;6,93;unidades de pH;Ideam;24167
RCA_LENGUAZAQUE_CUN_LENGUAZAQUE_BOQUERON [24017610];5,32825;-73,69972222;2590;LENGUAZAQUE;Sogamoso;2401;Río Suárez;CUNDINAMARCA;LENGUAZAQUE;11/11/2015;pH;7,1;unidades de pH;Ideam;24336
RCA_LENGUAZAQUE_CUN_LENGUAZAQUE_BOQUERON [24017610];5,32825;-73,69972222;2590;LENGUAZAQUE;Sogamoso;2401;Río Suárez;CUNDINAMARCA;LENGUAZAQUE;15/05/2016;pH;7,29;unidades de pH;Ideam;24549
RCA_LENGUAZAQUE_CUN_LENGUAZAQUE_BOQUERON [24017610];5,32825;-73,69972222;2590;LENGUAZAQUE;Sogamoso;2401;Río Suárez;CUNDINAMARCA;LENGUAZAQUE;27/07/2016;pH;6,61;unidades de pH;Ideam;24885
RCA_LENGUAZAQUE_CUN_LENGUAZAQUE_BOQUERON [24017610];5,32825;-73,69972222;2590;LENGUAZAQUE;Sogamoso;2401;Río Suárez;CUNDINAMARCA;LENGUAZAQUE;9/09/2016;pH;6,82;unidades de pH;Ideam;25101
RCA_LENGUAZAQUE_CUN_LENGUAZAQUE_BOQUERON [24017610];5,32825;-73,69972222;2590;LENGUAZAQUE;Sogamoso;2401;Río Suárez;CUNDINAMARCA;LENGUAZAQUE;14/02/2017;pH;7,03;unidades de pH;Ideam;25798
RCA_LENGUAZAQUE_CUN_LENGUAZAQUE_BOQUERON [24017610];5,32825;-73,69972222;2590;LENGUAZAQUE;Sogamoso;2401;Río Suárez;CUNDINAMARCA;LENGUAZAQUE;21/05/2017;pH;6,34;unidades de pH;Ideam;26360
RCA_LENGUAZAQUE_CUN_LENGUAZAQUE_BOQUERON [24017610];5,32825;-73,69972222;2590;LENGUAZAQUE;Sogamoso;2401;Río Suárez;CUNDINAMARCA;LENGUAZAQUE;10/09/2017;pH;6,89;unidades de pH;Ideam;26520
RCA_LENGUAZAQUE_CUN_LENGUAZAQUE_BOQUERON [24017610];5,32825;-73,69972222;2590;LENGUAZAQUE;Sogamoso;2401;Río Suárez;CUNDINAMARCA;LENGUAZAQUE;21/03/2018;pH;6,79;unidades de pH;Ideam;26851
RCA_LENGUAZAQUE_CUN_LENGUAZAQUE_BOQUERON [24017610];5,32825;-73,69972222;2590;LENGUAZAQUE;Sogamoso;2401;Río Suárez;CUNDINAMARCA;LENGUAZAQUE;23/06/2018;pH;6,08;unidades de pH;Ideam;26941
RCA_LENGUAZAQUE_CUN_LENGUAZAQUE_BOQUERON [24017610];5,32825;-73,69972222;2590;LENGUAZAQUE;Sogamoso;2401;Río Suárez;CUNDINAMARCA;LENGUAZAQUE;19/09/2018;pH;6,69;unidades de pH;Ideam;27037
RCA_LENGUAZAQUE_CUN_LENGUAZAQUE_BOQUERON [24017610];5,32825;-73,69972222;2590;LENGUAZAQUE;Sogamoso;2401;Río Suárez;CUNDINAMARCA;LENGUAZAQUE;2/04/2005;SOLIDOS SUSPENDIDOS TOTALES;17;mg/L;Ideam;11456
RCA_LENGUAZAQUE_CUN_LENGUAZAQUE_BOQUERON [24017610];5,32825;-73,69972222;2590;LENGUAZAQUE;Sogamoso;2401;Río Suárez;CUNDINAMARCA;LENGUAZAQUE;25/08/2005;SOLIDOS SUSPENDIDOS TOTALES;110;mg/L;Ideam;12100
RCA_LENGUAZAQUE_CUN_LENGUAZAQUE_BOQUERON [24017610];5,32825;-73,69972222;2590;LENGUAZAQUE;Sogamoso;2401;Río Suárez;CUNDINAMARCA;LENGUAZAQUE;1/07/2006;SOLIDOS SUSPENDIDOS TOTALES;35;mg/L;Ideam;13604
RCA_LENGUAZAQUE_CUN_LENGUAZAQUE_BOQUERON [24017610];5,32825;-73,69972222;2590;LENGUAZAQUE;Sogamoso;2401;Río Suárez;CUNDINAMARCA;LENGUAZAQUE;15/12/2006;SOLIDOS SUSPENDIDOS TOTALES;36;mg/L;Ideam;14242
RCA_LENGUAZAQUE_CUN_LENGUAZAQUE_BOQUERON [24017610];5,32825;-73,69972222;2590;LENGUAZAQUE;Sogamoso;2401;Río Suárez;CUNDINAMARCA;LENGUAZAQUE;15/03/2007;SOLIDOS SUSPENDIDOS TOTALES;69;mg/L;Ideam;14676
RCA_LENGUAZAQUE_CUN_LENGUAZAQUE_BOQUERON [24017610];5,32825;-73,69972222;2590;LENGUAZAQUE;Sogamoso;2401;Río Suárez;CUNDINAMARCA;LENGUAZAQUE;25/06/2007;SOLIDOS SUSPENDIDOS TOTALES;32;mg/L;Ideam;15094
RCA_LENGUAZAQUE_CUN_LENGUAZAQUE_BOQUERON [24017610];5,32825;-73,69972222;2590;LENGUAZAQUE;Sogamoso;2401;Río Suárez;CUNDINAMARCA;LENGUAZAQUE;30/10/2007;SOLIDOS SUSPENDIDOS TOTALES;49;mg/L;Ideam;15599
RCA_LENGUAZAQUE_CUN_LENGUAZAQUE_BOQUERON [24017610];5,32825;-73,69972222;2590;LENGUAZAQUE;Sogamoso;2401;Río Suárez;CUNDINAMARCA;LENGUAZAQUE;13/12/2007;SOLIDOS SUSPENDIDOS TOTALES;23;mg/L;Ideam;15739
RCA_LENGUAZAQUE_CUN_LENGUAZAQUE_BOQUERON [24017610];5,32825;-73,69972222;2590;LENGUAZAQUE;Sogamoso;2401;Río Suárez;CUNDINAMARCA;LENGUAZAQUE;22/04/2008;SOLIDOS SUSPENDIDOS TOTALES;5,2;mg/L;Ideam;16189
RCA_LENGUAZAQUE_CUN_LENGUAZAQUE_BOQUERON [24017610];5,32825;-73,69972222;2590;LENGUAZAQUE;Sogamoso;2401;Río Suárez;CUNDINAMARCA;LENGUAZAQUE;22/07/2008;SOLIDOS SUSPENDIDOS TOTALES;36;mg/L;Ideam;16532
RCA_LENGUAZAQUE_CUN_LENGUAZAQUE_BOQUERON [24017610];5,32825;-73,69972222;2590;LENGUAZAQUE;Sogamoso;2401;Río Suárez;CUNDINAMARCA;LENGUAZAQUE;22/09/2008;SOLIDOS SUSPENDIDOS TOTALES;30;mg/L;Ideam;16742
RCA_LENGUAZAQUE_CUN_LENGUAZAQUE_BOQUERON [24017610];5,32825;-73,69972222;2590;LENGUAZAQUE;Sogamoso;2401;Río Suárez;CUNDINAMARCA;LENGUAZAQUE;10/12/2008;SOLIDOS SUSPENDIDOS TOTALES;38;mg/L;Ideam;17084
RCA_LENGUAZAQUE_CUN_LENGUAZAQUE_BOQUERON [24017610];5,32825;-73,69972222;2590;LENGUAZAQUE;Sogamoso;2401;Río Suárez;CUNDINAMARCA;LENGUAZAQUE;24/03/2009;SOLIDOS SUSPENDIDOS TOTALES;9,7;mg/L;Ideam;17382
RCA_LENGUAZAQUE_CUN_LENGUAZAQUE_BOQUERON [24017610];5,32825;-73,69972222;2590;LENGUAZAQUE;Sogamoso;2401;Río Suárez;CUNDINAMARCA;LENGUAZAQUE;11/06/2009;SOLIDOS SUSPENDIDOS TOTALES;11;mg/L;Ideam;17661
RCA_LENGUAZAQUE_CUN_LENGUAZAQUE_BOQUERON [24017610];5,32825;-73,69972222;2590;LENGUAZAQUE;Sogamoso;2401;Río Suárez;CUNDINAMARCA;LENGUAZAQUE;17/10/2009;SOLIDOS SUSPENDIDOS TOTALES;56;mg/L;Ideam;18078
RCA_LENGUAZAQUE_CUN_LENGUAZAQUE_BOQUERON [24017610];5,32825;-73,69972222;2590;LENGUAZAQUE;Sogamoso;2401;Río Suárez;CUNDINAMARCA;LENGUAZAQUE;16/03/2010;SOLIDOS SUSPENDIDOS TOTALES;19;mg/L;Ideam;18530
RCA_LENGUAZAQUE_CUN_LENGUAZAQUE_BOQUERON [24017610];5,32825;-73,69972222;2590;LENGUAZAQUE;Sogamoso;2401;Río Suárez;CUNDINAMARCA;LENGUAZAQUE;2/06/2010;SOLIDOS SUSPENDIDOS TOTALES;80;mg/L;Ideam;18765
RCA_LENGUAZAQUE_CUN_LENGUAZAQUE_BOQUERON [24017610];5,32825;-73,69972222;2590;LENGUAZAQUE;Sogamoso;2401;Río Suárez;CUNDINAMARCA;LENGUAZAQUE;9/08/2010;SOLIDOS SUSPENDIDOS TOTALES;20;mg/L;Ideam;19057
RCA_LENGUAZAQUE_CUN_LENGUAZAQUE_BOQUERON [24017610];5,32825;-73,69972222;2590;LENGUAZAQUE;Sogamoso;2401;Río Suárez;CUNDINAMARCA;LENGUAZAQUE;23/11/2010;SOLIDOS SUSPENDIDOS TOTALES;40;mg/L;Ideam;19555
RCA_LENGUAZAQUE_CUN_LENGUAZAQUE_BOQUERON [24017610];5,32825;-73,69972222;2590;LENGUAZAQUE;Sogamoso;2401;Río Suárez;CUNDINAMARCA;LENGUAZAQUE;6/02/2011;SOLIDOS SUSPENDIDOS TOTALES;120;mg/L;Ideam;19786
RCA_LENGUAZAQUE_CUN_LENGUAZAQUE_BOQUERON [24017610];5,32825;-73,69972222;2590;LENGUAZAQUE;Sogamoso;2401;Río Suárez;CUNDINAMARCA;LENGUAZAQUE;6/07/2011;SOLIDOS SUSPENDIDOS TOTALES;35;mg/L;Ideam;20490
RCA_LENGUAZAQUE_CUN_LENGUAZAQUE_BOQUERON [24017610];5,32825;-73,69972222;2590;LENGUAZAQUE;Sogamoso;2401;Río Suárez;CUNDINAMARCA;LENGUAZAQUE;5/10/2011;SOLIDOS SUSPENDIDOS TOTALES;34;mg/L;Ideam;20767
RCA_LENGUAZAQUE_CUN_LENGUAZAQUE_BOQUERON [24017610];5,32825;-73,69972222;2590;LENGUAZAQUE;Sogamoso;2401;Río Suárez;CUNDINAMARCA;LENGUAZAQUE;14/04/2012;SOLIDOS SUSPENDIDOS TOTALES;300;mg/L;Ideam;21482
RCA_LENGUAZAQUE_CUN_LENGUAZAQUE_BOQUERON [24017610];5,32825;-73,69972222;2590;LENGUAZAQUE;Sogamoso;2401;Río Suárez;CUNDINAMARCA;LENGUAZAQUE;3/08/2012;SOLIDOS SUSPENDIDOS TOTALES;75;mg/L;Ideam;21703
RCA_LENGUAZAQUE_CUN_LENGUAZAQUE_BOQUERON [24017610];5,32825;-73,69972222;2590;LENGUAZAQUE;Sogamoso;2401;Río Suárez;CUNDINAMARCA;LENGUAZAQUE;26/10/2012;SOLIDOS SUSPENDIDOS TOTALES;61;mg/L;Ideam;21923
RCA_LENGUAZAQUE_CUN_LENGUAZAQUE_BOQUERON [24017610];5,32825;-73,69972222;2590;LENGUAZAQUE;Sogamoso;2401;Río Suárez;CUNDINAMARCA;LENGUAZAQUE;27/02/2013;SOLIDOS SUSPENDIDOS TOTALES;38;mg/L;Ideam;22167
RCA_LENGUAZAQUE_CUN_LENGUAZAQUE_BOQUERON [24017610];5,32825;-73,69972222;2590;LENGUAZAQUE;Sogamoso;2401;Río Suárez;CUNDINAMARCA;LENGUAZAQUE;29/05/2013;SOLIDOS SUSPENDIDOS TOTALES;26;mg/L;Ideam;22325
RCA_LENGUAZAQUE_CUN_LENGUAZAQUE_BOQUERON [24017610];5,32825;-73,69972222;2590;LENGUAZAQUE;Sogamoso;2401;Río Suárez;CUNDINAMARCA;LENGUAZAQUE;10/10/2013;SOLIDOS SUSPENDIDOS TOTALES;5,3;mg/L;Ideam;22573
RCA_LENGUAZAQUE_CUN_LENGUAZAQUE_BOQUERON [24017610];5,32825;-73,69972222;2590;LENGUAZAQUE;Sogamoso;2401;Río Suárez;CUNDINAMARCA;LENGUAZAQUE;23/11/2013;SOLIDOS SUSPENDIDOS TOTALES;24;mg/L;Ideam;22901
RCA_LENGUAZAQUE_CUN_LENGUAZAQUE_BOQUERON [24017610];5,32825;-73,69972222;2590;LENGUAZAQUE;Sogamoso;2401;Río Suárez;CUNDINAMARCA;LENGUAZAQUE;23/10/2014;SOLIDOS SUSPENDIDOS TOTALES;9,2;mg/L;Ideam;23597
RCA_LENGUAZAQUE_CUN_LENGUAZAQUE_BOQUERON [24017610];5,32825;-73,69972222;2590;LENGUAZAQUE;Sogamoso;2401;Río Suárez;CUNDINAMARCA;LENGUAZAQUE;14/05/2015;SOLIDOS SUSPENDIDOS TOTALES;4,6;mg/L;Ideam;23877
RCA_LENGUAZAQUE_CUN_LENGUAZAQUE_BOQUERON [24017610];5,32825;-73,69972222;2590;LENGUAZAQUE;Sogamoso;2401;Río Suárez;CUNDINAMARCA;LENGUAZAQUE;2/10/2015;SOLIDOS SUSPENDIDOS TOTALES;21;mg/L;Ideam;24167
RCA_LENGUAZAQUE_CUN_LENGUAZAQUE_BOQUERON [24017610];5,32825;-73,69972222;2590;LENGUAZAQUE;Sogamoso;2401;Río Suárez;CUNDINAMARCA;LENGUAZAQUE;11/11/2015;SOLIDOS SUSPENDIDOS TOTALES;<4.5;mg/L;Ideam;24336
RCA_LENGUAZAQUE_CUN_LENGUAZAQUE_BOQUERON [24017610];5,32825;-73,69972222;2590;LENGUAZAQUE;Sogamoso;2401;Río Suárez;CUNDINAMARCA;LENGUAZAQUE;27/07/2016;SOLIDOS SUSPENDIDOS TOTALES;10;mg/L;Ideam;24885
RCA_LENGUAZAQUE_CUN_LENGUAZAQUE_BOQUERON [24017610];5,32825;-73,69972222;2590;LENGUAZAQUE;Sogamoso;2401;Río Suárez;CUNDINAMARCA;LENGUAZAQUE;9/09/2016;SOLIDOS SUSPENDIDOS TOTALES;7,2;mg/L;Ideam;25101
RCA_LENGUAZAQUE_CUN_LENGUAZAQUE_BOQUERON [24017610];5,32825;-73,69972222;2590;LENGUAZAQUE;Sogamoso;2401;Río Suárez;CUNDINAMARCA;LENGUAZAQUE;14/02/2017;SOLIDOS SUSPENDIDOS TOTALES;4,8;mg/L;Ideam;25798
RCA_LENGUAZAQUE_CUN_LENGUAZAQUE_BOQUERON [24017610];5,32825;-73,69972222;2590;LENGUAZAQUE;Sogamoso;2401;Río Suárez;CUNDINAMARCA;LENGUAZAQUE;21/05/2017;SOLIDOS SUSPENDIDOS TOTALES;50;mg/L;Ideam;26360
RCA_LENGUAZAQUE_CUN_LENGUAZAQUE_BOQUERON [24017610];5,32825;-73,69972222;2590;LENGUAZAQUE;Sogamoso;2401;Río Suárez;CUNDINAMARCA;LENGUAZAQUE;10/09/2017;SOLIDOS SUSPENDIDOS TOTALES;41;mg/L;Ideam;26520
RCA_LENGUAZAQUE_CUN_LENGUAZAQUE_BOQUERON [24017610];5,32825;-73,69972222;2590;LENGUAZAQUE;Sogamoso;2401;Río Suárez;CUNDINAMARCA;LENGUAZAQUE;19/09/2018;SOLIDOS SUSPENDIDOS TOTALES;13;mg/L;Ideam;27037
RCA_LENGUAZAQUE_CUN_LENGUAZAQUE_BOQUERON [24017610];5,32825;-73,69972222;2590;LENGUAZAQUE;Sogamoso;2401;Río Suárez;CUNDINAMARCA;LENGUAZAQUE;2/04/2005;SULFATO;27,2;mg SO4-2/L;Ideam;11456
RCA_LENGUAZAQUE_CUN_LENGUAZAQUE_BOQUERON [24017610];5,32825;-73,69972222;2590;LENGUAZAQUE;Sogamoso;2401;Río Suárez;CUNDINAMARCA;LENGUAZAQUE;25/08/2005;SULFATO;34;mg SO4-2/L;Ideam;12100
RCA_LENGUAZAQUE_CUN_LENGUAZAQUE_BOQUERON [24017610];5,32825;-73,69972222;2590;LENGUAZAQUE;Sogamoso;2401;Río Suárez;CUNDINAMARCA;LENGUAZAQUE;1/07/2006;SULFATO;14,4;mg SO4-2/L;Ideam;13604
RCA_LENGUAZAQUE_CUN_LENGUAZAQUE_BOQUERON [24017610];5,32825;-73,69972222;2590;LENGUAZAQUE;Sogamoso;2401;Río Suárez;CUNDINAMARCA;LENGUAZAQUE;15/12/2006;SULFATO;8,7;mg SO4-2/L;Ideam;14242
RCA_LENGUAZAQUE_CUN_LENGUAZAQUE_BOQUERON [24017610];5,32825;-73,69972222;2590;LENGUAZAQUE;Sogamoso;2401;Río Suárez;CUNDINAMARCA;LENGUAZAQUE;15/03/2007;SULFATO;16;mg SO4-2/L;Ideam;14676
RCA_LENGUAZAQUE_CUN_LENGUAZAQUE_BOQUERON [24017610];5,32825;-73,69972222;2590;LENGUAZAQUE;Sogamoso;2401;Río Suárez;CUNDINAMARCA;LENGUAZAQUE;25/06/2007;SULFATO;12;mg SO4-2/L;Ideam;15094
RCA_LENGUAZAQUE_CUN_LENGUAZAQUE_BOQUERON [24017610];5,32825;-73,69972222;2590;LENGUAZAQUE;Sogamoso;2401;Río Suárez;CUNDINAMARCA;LENGUAZAQUE;30/10/2007;SULFATO;18;mg SO4-2/L;Ideam;15599
RCA_LENGUAZAQUE_CUN_LENGUAZAQUE_BOQUERON [24017610];5,32825;-73,69972222;2590;LENGUAZAQUE;Sogamoso;2401;Río Suárez;CUNDINAMARCA;LENGUAZAQUE;13/12/2007;SULFATO;23;mg SO4-2/L;Ideam;15739
RCA_LENGUAZAQUE_CUN_LENGUAZAQUE_BOQUERON [24017610];5,32825;-73,69972222;2590;LENGUAZAQUE;Sogamoso;2401;Río Suárez;CUNDINAMARCA;LENGUAZAQUE;22/04/2008;SULFATO;17;mg SO4-2/L;Ideam;16189
RCA_LENGUAZAQUE_CUN_LENGUAZAQUE_BOQUERON [24017610];5,32825;-73,69972222;2590;LENGUAZAQUE;Sogamoso;2401;Río Suárez;CUNDINAMARCA;LENGUAZAQUE;22/07/2008;SULFATO;11;mg SO4-2/L;Ideam;16532
RCA_LENGUAZAQUE_CUN_LENGUAZAQUE_BOQUERON [24017610];5,32825;-73,69972222;2590;LENGUAZAQUE;Sogamoso;2401;Río Suárez;CUNDINAMARCA;LENGUAZAQUE;22/09/2008;SULFATO;20;mg SO4-2/L;Ideam;16742
RCA_LENGUAZAQUE_CUN_LENGUAZAQUE_BOQUERON [24017610];5,32825;-73,69972222;2590;LENGUAZAQUE;Sogamoso;2401;Río Suárez;CUNDINAMARCA;LENGUAZAQUE;10/12/2008;SULFATO;22;mg SO4-2/L;Ideam;17084
RCA_LENGUAZAQUE_CUN_LENGUAZAQUE_BOQUERON [24017610];5,32825;-73,69972222;2590;LENGUAZAQUE;Sogamoso;2401;Río Suárez;CUNDINAMARCA;LENGUAZAQUE;24/03/2009;SULFATO;30;mg SO4-2/L;Ideam;17382
RCA_LENGUAZAQUE_CUN_LENGUAZAQUE_BOQUERON [24017610];5,32825;-73,69972222;2590;LENGUAZAQUE;Sogamoso;2401;Río Suárez;CUNDINAMARCA;LENGUAZAQUE;11/06/2009;SULFATO;24;mg SO4-2/L;Ideam;17661
RCA_LENGUAZAQUE_CUN_LENGUAZAQUE_BOQUERON [24017610];5,32825;-73,69972222;2590;LENGUAZAQUE;Sogamoso;2401;Río Suárez;CUNDINAMARCA;LENGUAZAQUE;17/10/2009;SULFATO;<3;mg SO4-2/L;Ideam;18078
RCA_LENGUAZAQUE_CUN_LENGUAZAQUE_BOQUERON [24017610];5,32825;-73,69972222;2590;LENGUAZAQUE;Sogamoso;2401;Río Suárez;CUNDINAMARCA;LENGUAZAQUE;16/03/2010;SULFATO;<3;mg SO4-2/L;Ideam;18530
RCA_LENGUAZAQUE_CUN_LENGUAZAQUE_BOQUERON [24017610];5,32825;-73,69972222;2590;LENGUAZAQUE;Sogamoso;2401;Río Suárez;CUNDINAMARCA;LENGUAZAQUE;2/06/2010;SULFATO;27;mg SO4-2/L;Ideam;18765
RCA_LENGUAZAQUE_CUN_LENGUAZAQUE_BOQUERON [24017610];5,32825;-73,69972222;2590;LENGUAZAQUE;Sogamoso;2401;Río Suárez;CUNDINAMARCA;LENGUAZAQUE;9/08/2010;SULFATO;20;mg SO4-2/L;Ideam;19057
RCA_LENGUAZAQUE_CUN_LENGUAZAQUE_BOQUERON [24017610];5,32825;-73,69972222;2590;LENGUAZAQUE;Sogamoso;2401;Río Suárez;CUNDINAMARCA;LENGUAZAQUE;23/11/2010;SULFATO;24;mg SO4-2/L;Ideam;19555
RCA_LENGUAZAQUE_CUN_LENGUAZAQUE_BOQUERON [24017610];5,32825;-73,69972222;2590;LENGUAZAQUE;Sogamoso;2401;Río Suárez;CUNDINAMARCA;LENGUAZAQUE;6/02/2011;SULFATO;35;mg SO4-2/L;Ideam;19786
RCA_LENGUAZAQUE_CUN_LENGUAZAQUE_BOQUERON [24017610];5,32825;-73,69972222;2590;LENGUAZAQUE;Sogamoso;2401;Río Suárez;CUNDINAMARCA;LENGUAZAQUE;6/07/2011;SULFATO;26;mg SO4-2/L;Ideam;20490
RCA_LENGUAZAQUE_CUN_LENGUAZAQUE_BOQUERON [24017610];5,32825;-73,69972222;2590;LENGUAZAQUE;Sogamoso;2401;Río Suárez;CUNDINAMARCA;LENGUAZAQUE;14/04/2012;SULFATO;20;mg SO4-2/L;Ideam;21482
RCA_LENGUAZAQUE_CUN_LENGUAZAQUE_BOQUERON [24017610];5,32825;-73,69972222;2590;LENGUAZAQUE;Sogamoso;2401;Río Suárez;CUNDINAMARCA;LENGUAZAQUE;3/08/2012;SULFATO;14;mg SO4-2/L;Ideam;21703
RCA_LENGUAZAQUE_CUN_LENGUAZAQUE_BOQUERON [24017610];5,32825;-73,69972222;2590;LENGUAZAQUE;Sogamoso;2401;Río Suárez;CUNDINAMARCA;LENGUAZAQUE;26/10/2012;SULFATO;9,1;mg SO4-2/L;Ideam;21923
RCA_LENGUAZAQUE_CUN_LENGUAZAQUE_BOQUERON [24017610];5,32825;-73,69972222;2590;LENGUAZAQUE;Sogamoso;2401;Río Suárez;CUNDINAMARCA;LENGUAZAQUE;27/02/2013;SULFATO;24;mg SO4-2/L;Ideam;22167
RCA_LENGUAZAQUE_CUN_LENGUAZAQUE_BOQUERON [24017610];5,32825;-73,69972222;2590;LENGUAZAQUE;Sogamoso;2401;Río Suárez;CUNDINAMARCA;LENGUAZAQUE;29/05/2013;SULFATO;24;mg SO4-2/L;Ideam;22325
RCA_LENGUAZAQUE_CUN_LENGUAZAQUE_BOQUERON [24017610];5,32825;-73,69972222;2590;LENGUAZAQUE;Sogamoso;2401;Río Suárez;CUNDINAMARCA;LENGUAZAQUE;10/10/2013;SULFATO;15;mg SO4-2/L;Ideam;22573
RCA_LENGUAZAQUE_CUN_LENGUAZAQUE_BOQUERON [24017610];5,32825;-73,69972222;2590;LENGUAZAQUE;Sogamoso;2401;Río Suárez;CUNDINAMARCA;LENGUAZAQUE;23/11/2013;SULFATO;23;mg SO4-2/L;Ideam;22901
RCA_LENGUAZAQUE_CUN_LENGUAZAQUE_BOQUERON [24017610];5,32825;-73,69972222;2590;LENGUAZAQUE;Sogamoso;2401;Río Suárez;CUNDINAMARCA;LENGUAZAQUE;2/04/2005;TEMPERATURA;15,2;°C;Ideam;11456
RCA_LENGUAZAQUE_CUN_LENGUAZAQUE_BOQUERON [24017610];5,32825;-73,69972222;2590;LENGUAZAQUE;Sogamoso;2401;Río Suárez;CUNDINAMARCA;LENGUAZAQUE;25/08/2005;TEMPERATURA;10,8;°C;Ideam;12100
RCA_LENGUAZAQUE_CUN_LENGUAZAQUE_BOQUERON [24017610];5,32825;-73,69972222;2590;LENGUAZAQUE;Sogamoso;2401;Río Suárez;CUNDINAMARCA;LENGUAZAQUE;1/07/2006;TEMPERATURA;15,2;°C;Ideam;13604
RCA_LENGUAZAQUE_CUN_LENGUAZAQUE_BOQUERON [24017610];5,32825;-73,69972222;2590;LENGUAZAQUE;Sogamoso;2401;Río Suárez;CUNDINAMARCA;LENGUAZAQUE;15/12/2006;TEMPERATURA;14,7;°C;Ideam;14242
RCA_LENGUAZAQUE_CUN_LENGUAZAQUE_BOQUERON [24017610];5,32825;-73,69972222;2590;LENGUAZAQUE;Sogamoso;2401;Río Suárez;CUNDINAMARCA;LENGUAZAQUE;15/03/2007;TEMPERATURA;14,1;°C;Ideam;14676
RCA_LENGUAZAQUE_CUN_LENGUAZAQUE_BOQUERON [24017610];5,32825;-73,69972222;2590;LENGUAZAQUE;Sogamoso;2401;Río Suárez;CUNDINAMARCA;LENGUAZAQUE;25/06/2007;TEMPERATURA;14,2;°C;Ideam;15094
RCA_LENGUAZAQUE_CUN_LENGUAZAQUE_BOQUERON [24017610];5,32825;-73,69972222;2590;LENGUAZAQUE;Sogamoso;2401;Río Suárez;CUNDINAMARCA;LENGUAZAQUE;30/10/2007;TEMPERATURA;15,5;°C;Ideam;15599
RCA_LENGUAZAQUE_CUN_LENGUAZAQUE_BOQUERON [24017610];5,32825;-73,69972222;2590;LENGUAZAQUE;Sogamoso;2401;Río Suárez;CUNDINAMARCA;LENGUAZAQUE;13/12/2007;TEMPERATURA;14,6;°C;Ideam;15739
RCA_LENGUAZAQUE_CUN_LENGUAZAQUE_BOQUERON [24017610];5,32825;-73,69972222;2590;LENGUAZAQUE;Sogamoso;2401;Río Suárez;CUNDINAMARCA;LENGUAZAQUE;22/04/2008;TEMPERATURA;15,5;°C;Ideam;16189
RCA_LENGUAZAQUE_CUN_LENGUAZAQUE_BOQUERON [24017610];5,32825;-73,69972222;2590;LENGUAZAQUE;Sogamoso;2401;Río Suárez;CUNDINAMARCA;LENGUAZAQUE;22/07/2008;TEMPERATURA;13;°C;Ideam;16532
RCA_LENGUAZAQUE_CUN_LENGUAZAQUE_BOQUERON [24017610];5,32825;-73,69972222;2590;LENGUAZAQUE;Sogamoso;2401;Río Suárez;CUNDINAMARCA;LENGUAZAQUE;22/09/2008;TEMPERATURA;14,6;°C;Ideam;16742
RCA_LENGUAZAQUE_CUN_LENGUAZAQUE_BOQUERON [24017610];5,32825;-73,69972222;2590;LENGUAZAQUE;Sogamoso;2401;Río Suárez;CUNDINAMARCA;LENGUAZAQUE;10/12/2008;TEMPERATURA;14,7;°C;Ideam;17084
RCA_LENGUAZAQUE_CUN_LENGUAZAQUE_BOQUERON [24017610];5,32825;-73,69972222;2590;LENGUAZAQUE;Sogamoso;2401;Río Suárez;CUNDINAMARCA;LENGUAZAQUE;24/03/2009;TEMPERATURA;14,7;°C;Ideam;17382
RCA_LENGUAZAQUE_CUN_LENGUAZAQUE_BOQUERON [24017610];5,32825;-73,69972222;2590;LENGUAZAQUE;Sogamoso;2401;Río Suárez;CUNDINAMARCA;LENGUAZAQUE;11/06/2009;TEMPERATURA;15,3;°C;Ideam;17661
RCA_LENGUAZAQUE_CUN_LENGUAZAQUE_BOQUERON [24017610];5,32825;-73,69972222;2590;LENGUAZAQUE;Sogamoso;2401;Río Suárez;CUNDINAMARCA;LENGUAZAQUE;17/10/2009;TEMPERATURA;12,3;°C;Ideam;18078
RCA_LENGUAZAQUE_CUN_LENGUAZAQUE_BOQUERON [24017610];5,32825;-73,69972222;2590;LENGUAZAQUE;Sogamoso;2401;Río Suárez;CUNDINAMARCA;LENGUAZAQUE;16/03/2010;TEMPERATURA;17,3;°C;Ideam;18530
RCA_LENGUAZAQUE_CUN_LENGUAZAQUE_BOQUERON [24017610];5,32825;-73,69972222;2590;LENGUAZAQUE;Sogamoso;2401;Río Suárez;CUNDINAMARCA;LENGUAZAQUE;2/06/2010;TEMPERATURA;16;°C;Ideam;18765
RCA_LENGUAZAQUE_CUN_LENGUAZAQUE_BOQUERON [24017610];5,32825;-73,69972222;2590;LENGUAZAQUE;Sogamoso;2401;Río Suárez;CUNDINAMARCA;LENGUAZAQUE;9/08/2010;TEMPERATURA;15,7;°C;Ideam;19057
RCA_LENGUAZAQUE_CUN_LENGUAZAQUE_BOQUERON [24017610];5,32825;-73,69972222;2590;LENGUAZAQUE;Sogamoso;2401;Río Suárez;CUNDINAMARCA;LENGUAZAQUE;23/11/2010;TEMPERATURA;17,2;°C;Ideam;19555
RCA_LENGUAZAQUE_CUN_LENGUAZAQUE_BOQUERON [24017610];5,32825;-73,69972222;2590;LENGUAZAQUE;Sogamoso;2401;Río Suárez;CUNDINAMARCA;LENGUAZAQUE;6/02/2011;TEMPERATURA;14,6;°C;Ideam;19786
RCA_LENGUAZAQUE_CUN_LENGUAZAQUE_BOQUERON [24017610];5,32825;-73,69972222;2590;LENGUAZAQUE;Sogamoso;2401;Río Suárez;CUNDINAMARCA;LENGUAZAQUE;6/07/2011;TEMPERATURA;13,5;°C;Ideam;20490
RCA_LENGUAZAQUE_CUN_LENGUAZAQUE_BOQUERON [24017610];5,32825;-73,69972222;2590;LENGUAZAQUE;Sogamoso;2401;Río Suárez;CUNDINAMARCA;LENGUAZAQUE;5/10/2011;TEMPERATURA;14,1;°C;Ideam;20767
RCA_LENGUAZAQUE_CUN_LENGUAZAQUE_BOQUERON [24017610];5,32825;-73,69972222;2590;LENGUAZAQUE;Sogamoso;2401;Río Suárez;CUNDINAMARCA;LENGUAZAQUE;14/04/2012;TEMPERATURA;14,2;°C;Ideam;21482
RCA_LENGUAZAQUE_CUN_LENGUAZAQUE_BOQUERON [24017610];5,32825;-73,69972222;2590;LENGUAZAQUE;Sogamoso;2401;Río Suárez;CUNDINAMARCA;LENGUAZAQUE;3/08/2012;TEMPERATURA;14,2;°C;Ideam;21703
RCA_LENGUAZAQUE_CUN_LENGUAZAQUE_BOQUERON [24017610];5,32825;-73,69972222;2590;LENGUAZAQUE;Sogamoso;2401;Río Suárez;CUNDINAMARCA;LENGUAZAQUE;26/10/2012;TEMPERATURA;17,9;°C;Ideam;21923
RCA_LENGUAZAQUE_CUN_LENGUAZAQUE_BOQUERON [24017610];5,32825;-73,69972222;2590;LENGUAZAQUE;Sogamoso;2401;Río Suárez;CUNDINAMARCA;LENGUAZAQUE;27/02/2013;TEMPERATURA;15,1;°C;Ideam;22167
RCA_LENGUAZAQUE_CUN_LENGUAZAQUE_BOQUERON [24017610];5,32825;-73,69972222;2590;LENGUAZAQUE;Sogamoso;2401;Río Suárez;CUNDINAMARCA;LENGUAZAQUE;29/05/2013;TEMPERATURA;15,2;°C;Ideam;22325
RCA_LENGUAZAQUE_CUN_LENGUAZAQUE_BOQUERON [24017610];5,32825;-73,69972222;2590;LENGUAZAQUE;Sogamoso;2401;Río Suárez;CUNDINAMARCA;LENGUAZAQUE;10/10/2013;TEMPERATURA;15,4;°C;Ideam;22573
RCA_LENGUAZAQUE_CUN_LENGUAZAQUE_BOQUERON [24017610];5,32825;-73,69972222;2590;LENGUAZAQUE;Sogamoso;2401;Río Suárez;CUNDINAMARCA;LENGUAZAQUE;23/11/2013;TEMPERATURA;17,1;°C;Ideam;22901
RCA_LENGUAZAQUE_CUN_LENGUAZAQUE_BOQUERON [24017610];5,32825;-73,69972222;2590;LENGUAZAQUE;Sogamoso;2401;Río Suárez;CUNDINAMARCA;LENGUAZAQUE;23/10/2014;TEMPERATURA;14,8;°C;Ideam;23597
RCA_LENGUAZAQUE_CUN_LENGUAZAQUE_BOQUERON [24017610];5,32825;-73,69972222;2590;LENGUAZAQUE;Sogamoso;2401;Río Suárez;CUNDINAMARCA;LENGUAZAQUE;14/05/2015;TEMPERATURA;16,4;°C;Ideam;23877
RCA_LENGUAZAQUE_CUN_LENGUAZAQUE_BOQUERON [24017610];5,32825;-73,69972222;2590;LENGUAZAQUE;Sogamoso;2401;Río Suárez;CUNDINAMARCA;LENGUAZAQUE;2/10/2015;TEMPERATURA;16,9;°C;Ideam;24167
RCA_LENGUAZAQUE_CUN_LENGUAZAQUE_BOQUERON [24017610];5,32825;-73,69972222;2590;LENGUAZAQUE;Sogamoso;2401;Río Suárez;CUNDINAMARCA;LENGUAZAQUE;11/11/2015;TEMPERATURA;20,9;°C;Ideam;24336
RCA_LENGUAZAQUE_CUN_LENGUAZAQUE_BOQUERON [24017610];5,32825;-73,69972222;2590;LENGUAZAQUE;Sogamoso;2401;Río Suárez;CUNDINAMARCA;LENGUAZAQUE;15/05/2016;TEMPERATURA;16,3;°C;Ideam;24549
RCA_LENGUAZAQUE_CUN_LENGUAZAQUE_BOQUERON [24017610];5,32825;-73,69972222;2590;LENGUAZAQUE;Sogamoso;2401;Río Suárez;CUNDINAMARCA;LENGUAZAQUE;27/07/2016;TEMPERATURA;13,6;°C;Ideam;24885
RCA_LENGUAZAQUE_CUN_LENGUAZAQUE_BOQUERON [24017610];5,32825;-73,69972222;2590;LENGUAZAQUE;Sogamoso;2401;Río Suárez;CUNDINAMARCA;LENGUAZAQUE;14/02/2017;TEMPERATURA;15,2;°C;Ideam;25798
RCA_LENGUAZAQUE_CUN_LENGUAZAQUE_BOQUERON [24017610];5,32825;-73,69972222;2590;LENGUAZAQUE;Sogamoso;2401;Río Suárez;CUNDINAMARCA;LENGUAZAQUE;21/05/2017;TEMPERATURA;16,1;°C;Ideam;26360
RCA_LENGUAZAQUE_CUN_LENGUAZAQUE_BOQUERON [24017610];5,32825;-73,69972222;2590;LENGUAZAQUE;Sogamoso;2401;Río Suárez;CUNDINAMARCA;LENGUAZAQUE;21/03/2018;TEMPERATURA;16,2;°C;Ideam;26851
RCA_LENGUAZAQUE_CUN_LENGUAZAQUE_BOQUERON [24017610];5,32825;-73,69972222;2590;LENGUAZAQUE;Sogamoso;2401;Río Suárez;CUNDINAMARCA;LENGUAZAQUE;23/06/2018;TEMPERATURA;14,8;°C;Ideam;26941
RCA_LENGUAZAQUE_CUN_LENGUAZAQUE_BOQUERON [24017610];5,32825;-73,69972222;2590;LENGUAZAQUE;Sogamoso;2401;Río Suárez;CUNDINAMARCA;LENGUAZAQUE;19/09/2018;TEMPERATURA;13,8;°C;Ideam;27037
RCA_LENGUAZAQUE_CUN_LENGUAZAQUE_BOQUERON [24017610];5,32825;-73,69972222;2590;LENGUAZAQUE;Sogamoso;2401;Río Suárez;CUNDINAMARCA;LENGUAZAQUE;2/04/2005;TURBIDEZ;17;NTU;Ideam;11456
RCA_LENGUAZAQUE_CUN_LENGUAZAQUE_BOQUERON [24017610];5,32825;-73,69972222;2590;LENGUAZAQUE;Sogamoso;2401;Río Suárez;CUNDINAMARCA;LENGUAZAQUE;25/08/2005;TURBIDEZ;58;NTU;Ideam;12100
RCA_LENGUAZAQUE_CUN_LENGUAZAQUE_BOQUERON [24017610];5,32825;-73,69972222;2590;LENGUAZAQUE;Sogamoso;2401;Río Suárez;CUNDINAMARCA;LENGUAZAQUE;1/07/2006;TURBIDEZ;39;NTU;Ideam;13604
RCA_LENGUAZAQUE_CUN_LENGUAZAQUE_BOQUERON [24017610];5,32825;-73,69972222;2590;LENGUAZAQUE;Sogamoso;2401;Río Suárez;CUNDINAMARCA;LENGUAZAQUE;15/12/2006;TURBIDEZ;29;NTU;Ideam;14242
RCA_LENGUAZAQUE_CUN_LENGUAZAQUE_BOQUERON [24017610];5,32825;-73,69972222;2590;LENGUAZAQUE;Sogamoso;2401;Río Suárez;CUNDINAMARCA;LENGUAZAQUE;15/03/2007;TURBIDEZ;12;NTU;Ideam;14676
RCA_LENGUAZAQUE_CUN_LENGUAZAQUE_BOQUERON [24017610];5,32825;-73,69972222;2590;LENGUAZAQUE;Sogamoso;2401;Río Suárez;CUNDINAMARCA;LENGUAZAQUE;25/06/2007;TURBIDEZ;38;NTU;Ideam;15094
RCA_LENGUAZAQUE_CUN_LENGUAZAQUE_BOQUERON [24017610];5,32825;-73,69972222;2590;LENGUAZAQUE;Sogamoso;2401;Río Suárez;CUNDINAMARCA;LENGUAZAQUE;30/10/2007;TURBIDEZ;71;NTU;Ideam;15599
RCA_LENGUAZAQUE_CUN_LENGUAZAQUE_BOQUERON [24017610];5,32825;-73,69972222;2590;LENGUAZAQUE;Sogamoso;2401;Río Suárez;CUNDINAMARCA;LENGUAZAQUE;13/12/2007;TURBIDEZ;30;NTU;Ideam;15739
RCA_LENGUAZAQUE_CUN_LENGUAZAQUE_BOQUERON [24017610];5,32825;-73,69972222;2590;LENGUAZAQUE;Sogamoso;2401;Río Suárez;CUNDINAMARCA;LENGUAZAQUE;22/04/2008;TURBIDEZ;12;NTU;Ideam;16189
RCA_LENGUAZAQUE_CUN_LENGUAZAQUE_BOQUERON [24017610];5,32825;-73,69972222;2590;LENGUAZAQUE;Sogamoso;2401;Río Suárez;CUNDINAMARCA;LENGUAZAQUE;22/07/2008;TURBIDEZ;34;NTU;Ideam;16532
RCA_LENGUAZAQUE_CUN_LENGUAZAQUE_BOQUERON [24017610];5,32825;-73,69972222;2590;LENGUAZAQUE;Sogamoso;2401;Río Suárez;CUNDINAMARCA;LENGUAZAQUE;22/09/2008;TURBIDEZ;16;NTU;Ideam;16742
RCA_LENGUAZAQUE_CUN_LENGUAZAQUE_BOQUERON [24017610];5,32825;-73,69972222;2590;LENGUAZAQUE;Sogamoso;2401;Río Suárez;CUNDINAMARCA;LENGUAZAQUE;10/12/2008;TURBIDEZ;37;NTU;Ideam;17084
RCA_LENGUAZAQUE_CUN_LENGUAZAQUE_BOQUERON [24017610];5,32825;-73,69972222;2590;LENGUAZAQUE;Sogamoso;2401;Río Suárez;CUNDINAMARCA;LENGUAZAQUE;24/03/2009;TURBIDEZ;16;NTU;Ideam;17382
RCA_LENGUAZAQUE_CUN_LENGUAZAQUE_BOQUERON [24017610];5,32825;-73,69972222;2590;LENGUAZAQUE;Sogamoso;2401;Río Suárez;CUNDINAMARCA;LENGUAZAQUE;11/06/2009;TURBIDEZ;14;NTU;Ideam;17661
RCA_LENGUAZAQUE_CUN_LENGUAZAQUE_BOQUERON [24017610];5,32825;-73,69972222;2590;LENGUAZAQUE;Sogamoso;2401;Río Suárez;CUNDINAMARCA;LENGUAZAQUE;17/10/2009;TURBIDEZ;69;NTU;Ideam;18078
RCA_LENGUAZAQUE_CUN_LENGUAZAQUE_BOQUERON [24017610];5,32825;-73,69972222;2590;LENGUAZAQUE;Sogamoso;2401;Río Suárez;CUNDINAMARCA;LENGUAZAQUE;16/03/2010;TURBIDEZ;16;NTU;Ideam;18530
RCA_LENGUAZAQUE_CUN_LENGUAZAQUE_BOQUERON [24017610];5,32825;-73,69972222;2590;LENGUAZAQUE;Sogamoso;2401;Río Suárez;CUNDINAMARCA;LENGUAZAQUE;2/06/2010;TURBIDEZ;66;NTU;Ideam;18765
RCA_LENGUAZAQUE_CUN_LENGUAZAQUE_BOQUERON [24017610];5,32825;-73,69972222;2590;LENGUAZAQUE;Sogamoso;2401;Río Suárez;CUNDINAMARCA;LENGUAZAQUE;9/08/2010;TURBIDEZ;20;NTU;Ideam;19057
RCA_LENGUAZAQUE_CUN_LENGUAZAQUE_BOQUERON [24017610];5,32825;-73,69972222;2590;LENGUAZAQUE;Sogamoso;2401;Río Suárez;CUNDINAMARCA;LENGUAZAQUE;23/11/2010;TURBIDEZ;43;NTU;Ideam;19555
RCA_LENGUAZAQUE_CUN_LENGUAZAQUE_BOQUERON [24017610];5,32825;-73,69972222;2590;LENGUAZAQUE;Sogamoso;2401;Río Suárez;CUNDINAMARCA;LENGUAZAQUE;6/02/2011;TURBIDEZ;160;NTU;Ideam;19786
RCA_LENGUAZAQUE_CUN_LENGUAZAQUE_BOQUERON [24017610];5,32825;-73,69972222;2590;LENGUAZAQUE;Sogamoso;2401;Río Suárez;CUNDINAMARCA;LENGUAZAQUE;6/07/2011;TURBIDEZ;44;NTU;Ideam;20490
RCA_LENGUAZAQUE_CUN_LENGUAZAQUE_BOQUERON [24017610];5,32825;-73,69972222;2590;LENGUAZAQUE;Sogamoso;2401;Río Suárez;CUNDINAMARCA;LENGUAZAQUE;5/10/2011;TURBIDEZ;54;NTU;Ideam;20767
RCA_LENGUAZAQUE_CUN_LENGUAZAQUE_BOQUERON [24017610];5,32825;-73,69972222;2590;LENGUAZAQUE;Sogamoso;2401;Río Suárez;CUNDINAMARCA;LENGUAZAQUE;14/04/2012;TURBIDEZ;300;NTU;Ideam;21482
RCA_LENGUAZAQUE_CUN_LENGUAZAQUE_BOQUERON [24017610];5,32825;-73,69972222;2590;LENGUAZAQUE;Sogamoso;2401;Río Suárez;CUNDINAMARCA;LENGUAZAQUE;3/08/2012;TURBIDEZ;70;NTU;Ideam;21703
RCA_LENGUAZAQUE_CUN_LENGUAZAQUE_BOQUERON [24017610];5,32825;-73,69972222;2590;LENGUAZAQUE;Sogamoso;2401;Río Suárez;CUNDINAMARCA;LENGUAZAQUE;26/10/2012;TURBIDEZ;56;NTU;Ideam;21923
RCA_LENGUAZAQUE_CUN_LENGUAZAQUE_BOQUERON [24017610];5,32825;-73,69972222;2590;LENGUAZAQUE;Sogamoso;2401;Río Suárez;CUNDINAMARCA;LENGUAZAQUE;27/02/2013;TURBIDEZ;34;NTU;Ideam;22167
RCA_LENGUAZAQUE_CUN_LENGUAZAQUE_BOQUERON [24017610];5,32825;-73,69972222;2590;LENGUAZAQUE;Sogamoso;2401;Río Suárez;CUNDINAMARCA;LENGUAZAQUE;29/05/2013;TURBIDEZ;31;NTU;Ideam;22325
RCA_LENGUAZAQUE_CUN_LENGUAZAQUE_BOQUERON [24017610];5,32825;-73,69972222;2590;LENGUAZAQUE;Sogamoso;2401;Río Suárez;CUNDINAMARCA;LENGUAZAQUE;10/10/2013;TURBIDEZ;12;NTU;Ideam;22573
RCA_LENGUAZAQUE_CUN_LENGUAZAQUE_BOQUERON [24017610];5,32825;-73,69972222;2590;LENGUAZAQUE;Sogamoso;2401;Río Suárez;CUNDINAMARCA;LENGUAZAQUE;23/11/2013;TURBIDEZ;14;NTU;Ideam;22901
RCA_LENGUAZAQUE_CUN_LENGUAZAQUE_BOQUERON [24017610];5,32825;-73,69972222;2590;LENGUAZAQUE;Sogamoso;2401;Río Suárez;CUNDINAMARCA;LENGUAZAQUE;23/10/2014;TURBIDEZ;6,1;NTU;Ideam;23597
RCA_LENGUAZAQUE_CUN_LENGUAZAQUE_BOQUERON [24017610];5,32825;-73,69972222;2590;LENGUAZAQUE;Sogamoso;2401;Río Suárez;CUNDINAMARCA;LENGUAZAQUE;14/05/2015;TURBIDEZ;4,2;NTU;Ideam;23877
RCA_LENGUAZAQUE_CUN_LENGUAZAQUE_BOQUERON [24017610];5,32825;-73,69972222;2590;LENGUAZAQUE;Sogamoso;2401;Río Suárez;CUNDINAMARCA;LENGUAZAQUE;2/10/2015;TURBIDEZ;5,9;NTU;Ideam;24167
RCA_LENGUAZAQUE_CUN_LENGUAZAQUE_BOQUERON [24017610];5,32825;-73,69972222;2590;LENGUAZAQUE;Sogamoso;2401;Río Suárez;CUNDINAMARCA;LENGUAZAQUE;11/11/2015;TURBIDEZ;6,2;NTU;Ideam;24336
RCA_LENGUAZAQUE_CUN_LENGUAZAQUE_BOQUERON [24017610];5,32825;-73,69972222;2590;LENGUAZAQUE;Sogamoso;2401;Río Suárez;CUNDINAMARCA;LENGUAZAQUE;15/05/2016;TURBIDEZ;19;NTU;Ideam;24549
RCA_LENGUAZAQUE_CUN_LENGUAZAQUE_BOQUERON [24017610];5,32825;-73,69972222;2590;LENGUAZAQUE;Sogamoso;2401;Río Suárez;CUNDINAMARCA;LENGUAZAQUE;27/07/2016;TURBIDEZ;14;NTU;Ideam;24885
RCA_LENGUAZAQUE_CUN_LENGUAZAQUE_BOQUERON [24017610];5,32825;-73,69972222;2590;LENGUAZAQUE;Sogamoso;2401;Río Suárez;CUNDINAMARCA;LENGUAZAQUE;9/09/2016;TURBIDEZ;10;NTU;Ideam;25101
RCA_LENGUAZAQUE_CUN_LENGUAZAQUE_BOQUERON [24017610];5,32825;-73,69972222;2590;LENGUAZAQUE;Sogamoso;2401;Río Suárez;CUNDINAMARCA;LENGUAZAQUE;14/02/2017;TURBIDEZ;7;NTU;Ideam;25798
RCA_LENGUAZAQUE_CUN_LENGUAZAQUE_BOQUERON [24017610];5,32825;-73,69972222;2590;LENGUAZAQUE;Sogamoso;2401;Río Suárez;CUNDINAMARCA;LENGUAZAQUE;21/05/2017;TURBIDEZ;48;NTU;Ideam;26360
RCA_LENGUAZAQUE_CUN_LENGUAZAQUE_BOQUERON [24017610];5,32825;-73,69972222;2590;LENGUAZAQUE;Sogamoso;2401;Río Suárez;CUNDINAMARCA;LENGUAZAQUE;10/09/2017;TURBIDEZ;38;NTU;Ideam;26520
RCA_LENGUAZAQUE_CUN_LENGUAZAQUE_BOQUERON [24017610];5,32825;-73,69972222;2590;LENGUAZAQUE;Sogamoso;2401;Río Suárez;CUNDINAMARCA;LENGUAZAQUE;21/03/2018;TURBIDEZ;5,2;NTU;Ideam;26851
RCA_LENGUAZAQUE_CUN_LENGUAZAQUE_BOQUERON [24017610];5,32825;-73,69972222;2590;LENGUAZAQUE;Sogamoso;2401;Río Suárez;CUNDINAMARCA;LENGUAZAQUE;19/09/2018;TURBIDEZ;13;NTU;Ideam;27037
RCA_LENGUAZAQUE_CUN_LENGUAZAQUE_BOQUERON [24017610];5,32825;-73,69972222;2590;LENGUAZAQUE;Sogamoso;2401;Río Suárez;CUNDINAMARCA;LENGUAZAQUE;27/05/2019;CONDUCTIVIDAD ELECTRICA;178;µS/cm;Ideam;27440
RCA_LENGUAZAQUE_CUN_LENGUAZAQUE_BOQUERON [24017610];5,32825;-73,69972222;2590;LENGUAZAQUE;Sogamoso;2401;Río Suárez;CUNDINAMARCA;LENGUAZAQUE;27/05/2019;DEMANDA QUIMICA DE OXIGENO (DQO);39;mg O2/L;Ideam;27440
RCA_LENGUAZAQUE_CUN_LENGUAZAQUE_BOQUERON [24017610];5,32825;-73,69972222;2590;LENGUAZAQUE;Sogamoso;2401;Río Suárez;CUNDINAMARCA;LENGUAZAQUE;27/05/2019;FOSFORO REACTIVO DISUELTO;0,22;mg P-PO4-3/L;Ideam;27440
RCA_LENGUAZAQUE_CUN_LENGUAZAQUE_BOQUERON [24017610];5,32825;-73,69972222;2590;LENGUAZAQUE;Sogamoso;2401;Río Suárez;CUNDINAMARCA;LENGUAZAQUE;27/05/2019;FOSFORO TOTAL;0,29;mg P/L;Ideam;27440
RCA_LENGUAZAQUE_CUN_LENGUAZAQUE_BOQUERON [24017610];5,32825;-73,69972222;2590;LENGUAZAQUE;Sogamoso;2401;Río Suárez;CUNDINAMARCA;LENGUAZAQUE;27/05/2019;NITRATO;0,56;mg N-NO3-/L;Ideam;27440
RCA_LENGUAZAQUE_CUN_LENGUAZAQUE_BOQUERON [24017610];5,32825;-73,69972222;2590;LENGUAZAQUE;Sogamoso;2401;Río Suárez;CUNDINAMARCA;LENGUAZAQUE;27/05/2019;NITRITO;0,032;mg N-NO2-/L;Ideam;27440
RCA_LENGUAZAQUE_CUN_LENGUAZAQUE_BOQUERON [24017610];5,32825;-73,69972222;2590;LENGUAZAQUE;Sogamoso;2401;Río Suárez;CUNDINAMARCA;LENGUAZAQUE;27/05/2019;NITROGENO AMONIACAL;0,86;mg N-NH3-/L;Ideam;27440
RCA_LENGUAZAQUE_CUN_LENGUAZAQUE_BOQUERON [24017610];5,32825;-73,69972222;2590;LENGUAZAQUE;Sogamoso;2401;Río Suárez;CUNDINAMARCA;LENGUAZAQUE;27/05/2019;NITROGENO TOTAL;1,8;mg/L;Ideam;27440
RCA_LENGUAZAQUE_CUN_LENGUAZAQUE_BOQUERON [24017610];5,32825;-73,69972222;2590;LENGUAZAQUE;Sogamoso;2401;Río Suárez;CUNDINAMARCA;LENGUAZAQUE;27/05/2019;OXIGENO DISUELTO (OD);5,2;mg O2/L;Ideam;27440
RCA_LENGUAZAQUE_CUN_LENGUAZAQUE_BOQUERON [24017610];5,32825;-73,69972222;2590;LENGUAZAQUE;Sogamoso;2401;Río Suárez;CUNDINAMARCA;LENGUAZAQUE;27/05/2019;pH;6,74;Unidades de pH;Ideam;27440
RCA_LENGUAZAQUE_CUN_LENGUAZAQUE_BOQUERON [24017610];5,32825;-73,69972222;2590;LENGUAZAQUE;Sogamoso;2401;Río Suárez;CUNDINAMARCA;LENGUAZAQUE;27/05/2019;SOLIDOS SUSPENDIDOS TOTALES;32;mg/L;Ideam;27440
RCA_LENGUAZAQUE_CUN_LENGUAZAQUE_BOQUERON [24017610];5,32825;-73,69972222;2590;LENGUAZAQUE;Sogamoso;2401;Río Suárez;CUNDINAMARCA;LENGUAZAQUE;27/05/2019;TEMPERATURA;16;°C;Ideam;27440
RCA_LENGUAZAQUE_CUN_LENGUAZAQUE_BOQUERON [24017610];5,32825;-73,69972222;2590;LENGUAZAQUE;Sogamoso;2401;Río Suárez;CUNDINAMARCA;LENGUAZAQUE;27/05/2019;TURBIDEZ;34,4;NTU;Ideam;27440
RCA_LENGUAZAQUE_CUN_LENGUAZAQUE_BOQUERON [24017610];5,32825;-73,69972222;2590;LENGUAZAQUE;Sogamoso;2401;Río Suárez;CUNDINAMARCA;LENGUAZAQUE;17/08/2019;DEMANDA QUIMICA DE OXIGENO (DQO);<10;mg O2/L;Ideam;27586
RCA_LENGUAZAQUE_CUN_LENGUAZAQUE_BOQUERON [24017610];5,32825;-73,69972222;2590;LENGUAZAQUE;Sogamoso;2401;Río Suárez;CUNDINAMARCA;LENGUAZAQUE;17/08/2019;FOSFORO REACTIVO DISUELTO;<0.03;mg P-PO4-3/L;Ideam;27586
RCA_LENGUAZAQUE_CUN_LENGUAZAQUE_BOQUERON [24017610];5,32825;-73,69972222;2590;LENGUAZAQUE;Sogamoso;2401;Río Suárez;CUNDINAMARCA;LENGUAZAQUE;17/08/2019;FOSFORO TOTAL;0,13;mg P/L;Ideam;27586
RCA_LENGUAZAQUE_CUN_LENGUAZAQUE_BOQUERON [24017610];5,32825;-73,69972222;2590;LENGUAZAQUE;Sogamoso;2401;Río Suárez;CUNDINAMARCA;LENGUAZAQUE;17/08/2019;NITRATO;0,5;mg N-NO3-/L;Ideam;27586
RCA_LENGUAZAQUE_CUN_LENGUAZAQUE_BOQUERON [24017610];5,32825;-73,69972222;2590;LENGUAZAQUE;Sogamoso;2401;Río Suárez;CUNDINAMARCA;LENGUAZAQUE;17/08/2019;NITRITO;0,008;mg N-NO2-/L;Ideam;27586
RCA_LENGUAZAQUE_CUN_LENGUAZAQUE_BOQUERON [24017610];5,32825;-73,69972222;2590;LENGUAZAQUE;Sogamoso;2401;Río Suárez;CUNDINAMARCA;LENGUAZAQUE;17/08/2019;NITROGENO AMONIACAL;0,11;mg N-NH3-/L;Ideam;27586
RCA_LENGUAZAQUE_CUN_LENGUAZAQUE_BOQUERON [24017610];5,32825;-73,69972222;2590;LENGUAZAQUE;Sogamoso;2401;Río Suárez;CUNDINAMARCA;LENGUAZAQUE;17/08/2019;NITROGENO TOTAL;<0.8;mg/L;Ideam;27586
RCA_LENGUAZAQUE_CUN_LENGUAZAQUE_BOQUERON [24017610];5,32825;-73,69972222;2590;LENGUAZAQUE;Sogamoso;2401;Río Suárez;CUNDINAMARCA;LENGUAZAQUE;17/08/2019;SOLIDOS SUSPENDIDOS TOTALES;40;mg/L;Ideam;27586
RCA_LENGUAZAQUE_CUN_LENGUAZAQUE_BOQUERON [24017610];5,32825;-73,69972222;2590;LENGUAZAQUE;Sogamoso;2401;Río Suárez;CUNDINAMARCA;LENGUAZAQUE;17/08/2019;SULFATO;7,52;mg SO4-2/L;Ideam;27586
RCA_LENGUAZAQUE_CUN_LENGUAZAQUE_BOQUERON [24017610];5,32825;-73,69972222;2590;LENGUAZAQUE;Sogamoso;2401;Río Suárez;CUNDINAMARCA;LENGUAZAQUE;17/08/2019;TURBIDEZ;38,3;NTU;Ideam;27586
RCA_LENGUAZAQUE_CUN_LENGUAZAQUE_BOQUERON [24017610];5,32825;-73,69972222;2590;LENGUAZAQUE;Sogamoso;2401;Río Suárez;CUNDINAMARCA;LENGUAZAQUE;17/08/2019;CONDUCTIVIDAD ELECTRICA;63;µS/cm;Ideam;27586
RCA_LENGUAZAQUE_CUN_LENGUAZAQUE_BOQUERON [24017610];5,32825;-73,69972222;2590;LENGUAZAQUE;Sogamoso;2401;Río Suárez;CUNDINAMARCA;LENGUAZAQUE;17/08/2019;OXIGENO DISUELTO (OD);6,7;mg O2/L;Ideam;27586
RCA_LENGUAZAQUE_CUN_LENGUAZAQUE_BOQUERON [24017610];5,32825;-73,69972222;2590;LENGUAZAQUE;Sogamoso;2401;Río Suárez;CUNDINAMARCA;LENGUAZAQUE;17/08/2019;pH;6,56;Unidades de pH;Ideam;27586
RCA_LENGUAZAQUE_CUN_LENGUAZAQUE_BOQUERON [24017610];5,32825;-73,69972222;2590;LENGUAZAQUE;Sogamoso;2401;Río Suárez;CUNDINAMARCA;LENGUAZAQUE;17/08/2019;TEMPERATURA;12,1;°C;Ideam;27586
RCA_LENGUAZAQUE_CUN_LENGUAZAQUE_BOQUERON [24017610];5,32825;-73,69972222;2590;LENGUAZAQUE;Sogamoso;2401;Río Suárez;CUNDINAMARCA;LENGUAZAQUE;18/02/2020;CONDUCTIVIDAD ELECTRICA;160;µS/cm;Ideam;27823
RCA_LENGUAZAQUE_CUN_LENGUAZAQUE_BOQUERON [24017610];5,32825;-73,69972222;2590;LENGUAZAQUE;Sogamoso;2401;Río Suárez;CUNDINAMARCA;LENGUAZAQUE;18/02/2020;DEMANDA QUIMICA DE OXIGENO (DQO);23;mg O2/L;Ideam;27823
RCA_LENGUAZAQUE_CUN_LENGUAZAQUE_BOQUERON [24017610];5,32825;-73,69972222;2590;LENGUAZAQUE;Sogamoso;2401;Río Suárez;CUNDINAMARCA;LENGUAZAQUE;18/02/2020;FOSFORO REACTIVO DISUELTO;0,14;mg P-PO4-3/L;Ideam;27823
RCA_LENGUAZAQUE_CUN_LENGUAZAQUE_BOQUERON [24017610];5,32825;-73,69972222;2590;LENGUAZAQUE;Sogamoso;2401;Río Suárez;CUNDINAMARCA;LENGUAZAQUE;18/02/2020;FOSFORO TOTAL;0,27;mg P/L;Ideam;27823
RCA_LENGUAZAQUE_CUN_LENGUAZAQUE_BOQUERON [24017610];5,32825;-73,69972222;2590;LENGUAZAQUE;Sogamoso;2401;Río Suárez;CUNDINAMARCA;LENGUAZAQUE;18/02/2020;NITRATO;0,26;mg N-NO3-/L;Ideam;27823
RCA_LENGUAZAQUE_CUN_LENGUAZAQUE_BOQUERON [24017610];5,32825;-73,69972222;2590;LENGUAZAQUE;Sogamoso;2401;Río Suárez;CUNDINAMARCA;LENGUAZAQUE;18/02/2020;NITRITO;0,013;mg N-NO2-/L;Ideam;27823
RCA_LENGUAZAQUE_CUN_LENGUAZAQUE_BOQUERON [24017610];5,32825;-73,69972222;2590;LENGUAZAQUE;Sogamoso;2401;Río Suárez;CUNDINAMARCA;LENGUAZAQUE;18/02/2020;NITROGENO AMONIACAL;3;mg N-NH3-/L;Ideam;27823
RCA_LENGUAZAQUE_CUN_LENGUAZAQUE_BOQUERON [24017610];5,32825;-73,69972222;2590;LENGUAZAQUE;Sogamoso;2401;Río Suárez;CUNDINAMARCA;LENGUAZAQUE;18/02/2020;NITROGENO TOTAL;3,52;mg/L;Ideam;27823
RCA_LENGUAZAQUE_CUN_LENGUAZAQUE_BOQUERON [24017610];5,32825;-73,69972222;2590;LENGUAZAQUE;Sogamoso;2401;Río Suárez;CUNDINAMARCA;LENGUAZAQUE;18/02/2020;OXIGENO DISUELTO (OD);3,1;mg O2/L;Ideam;27823
RCA_LENGUAZAQUE_CUN_LENGUAZAQUE_BOQUERON [24017610];5,32825;-73,69972222;2590;LENGUAZAQUE;Sogamoso;2401;Río Suárez;CUNDINAMARCA;LENGUAZAQUE;18/02/2020;pH;6,73;Unidades de pH;Ideam;27823
RCA_LENGUAZAQUE_CUN_LENGUAZAQUE_BOQUERON [24017610];5,32825;-73,69972222;2590;LENGUAZAQUE;Sogamoso;2401;Río Suárez;CUNDINAMARCA;LENGUAZAQUE;18/02/2020;SOLIDOS SUSPENDIDOS TOTALES;<5;mg/L;Ideam;27823
RCA_LENGUAZAQUE_CUN_LENGUAZAQUE_BOQUERON [24017610];5,32825;-73,69972222;2590;LENGUAZAQUE;Sogamoso;2401;Río Suárez;CUNDINAMARCA;LENGUAZAQUE;18/02/2020;SULFATO;17,48;mg SO4-2/L;Ideam;27823
RCA_LENGUAZAQUE_CUN_LENGUAZAQUE_BOQUERON [24017610];5,32825;-73,69972222;2590;LENGUAZAQUE;Sogamoso;2401;Río Suárez;CUNDINAMARCA;LENGUAZAQUE;18/02/2020;TEMPERATURA;14,8;°C;Ideam;27823
RCA_LENGUAZAQUE_CUN_LENGUAZAQUE_BOQUERON [24017610];5,32825;-73,69972222;2590;LENGUAZAQUE;Sogamoso;2401;Río Suárez;CUNDINAMARCA;LENGUAZAQUE;18/02/2020;TURBIDEZ;8,8;NTU;Ideam;27823
RCA_LENGUAZAQUE_CUN_LENGUAZAQUE_BOQUERON [24017610];5,32825;-73,69972222;2590;LENGUAZAQUE;Sogamoso;2401;Río Suárez;CUNDINAMARCA;LENGUAZAQUE;12/12/2020;CONDUCTIVIDAD ELECTRICA;168;µS/cm;Ideam;28169
RCA_LENGUAZAQUE_CUN_LENGUAZAQUE_BOQUERON [24017610];5,32825;-73,69972222;2590;LENGUAZAQUE;Sogamoso;2401;Río Suárez;CUNDINAMARCA;LENGUAZAQUE;12/12/2020;OXIGENO DISUELTO (OD);6;mg O2/L;Ideam;28169
RCA_LENGUAZAQUE_CUN_LENGUAZAQUE_BOQUERON [24017610];5,32825;-73,69972222;2590;LENGUAZAQUE;Sogamoso;2401;Río Suárez;CUNDINAMARCA;LENGUAZAQUE;12/12/2020;pH;7,12;Unidades de pH;Ideam;28169
RCA_LENGUAZAQUE_CUN_LENGUAZAQUE_BOQUERON [24017610];5,32825;-73,69972222;2590;LENGUAZAQUE;Sogamoso;2401;Río Suárez;CUNDINAMARCA;LENGUAZAQUE;12/12/2020;TEMPERATURA;14,6;°C;Ideam;28169
RCA_LENGUAZAQUE_CUN_LENGUAZAQUE_BOQUERON [24017610];5,32825;-73,69972222;2590;LENGUAZAQUE;Sogamoso;2401;Río Suárez;CUNDINAMARCA;LENGUAZAQUE;12/12/2020;DEMANDA QUIMICA DE OXIGENO (DQO);11;mg O2/L;Ideam;28169
RCA_LENGUAZAQUE_CUN_LENGUAZAQUE_BOQUERON [24017610];5,32825;-73,69972222;2590;LENGUAZAQUE;Sogamoso;2401;Río Suárez;CUNDINAMARCA;LENGUAZAQUE;12/12/2020;FOSFORO REACTIVO DISUELTO;<0.03;mg P-PO4-3/L;Ideam;28169
RCA_LENGUAZAQUE_CUN_LENGUAZAQUE_BOQUERON [24017610];5,32825;-73,69972222;2590;LENGUAZAQUE;Sogamoso;2401;Río Suárez;CUNDINAMARCA;LENGUAZAQUE;12/12/2020;FOSFORO TOTAL;0,11;mg P/L;Ideam;28169
RCA_LENGUAZAQUE_CUN_LENGUAZAQUE_BOQUERON [24017610];5,32825;-73,69972222;2590;LENGUAZAQUE;Sogamoso;2401;Río Suárez;CUNDINAMARCA;LENGUAZAQUE;12/12/2020;NITRATO;0,42;mg N-NO3-/L;Ideam;28169
RCA_LENGUAZAQUE_CUN_LENGUAZAQUE_BOQUERON [24017610];5,32825;-73,69972222;2590;LENGUAZAQUE;Sogamoso;2401;Río Suárez;CUNDINAMARCA;LENGUAZAQUE;12/12/2020;NITRITO;0,01;mg N-NO2-/L;Ideam;28169
RCA_LENGUAZAQUE_CUN_LENGUAZAQUE_BOQUERON [24017610];5,32825;-73,69972222;2590;LENGUAZAQUE;Sogamoso;2401;Río Suárez;CUNDINAMARCA;LENGUAZAQUE;12/12/2020;NITROGENO AMONIACAL;0,23;mg N-NH3-/L;Ideam;28169
RCA_LENGUAZAQUE_CUN_LENGUAZAQUE_BOQUERON [24017610];5,32825;-73,69972222;2590;LENGUAZAQUE;Sogamoso;2401;Río Suárez;CUNDINAMARCA;LENGUAZAQUE;12/12/2020;NITROGENO TOTAL;1,57;mg/L;Ideam;28169
RCA_LENGUAZAQUE_CUN_LENGUAZAQUE_BOQUERON [24017610];5,32825;-73,69972222;2590;LENGUAZAQUE;Sogamoso;2401;Río Suárez;CUNDINAMARCA;LENGUAZAQUE;12/12/2020;SOLIDOS SUSPENDIDOS TOTALES;14;mg/L;Ideam;28169
RCA_LENGUAZAQUE_CUN_LENGUAZAQUE_BOQUERON [24017610];5,32825;-73,69972222;2590;LENGUAZAQUE;Sogamoso;2401;Río Suárez;CUNDINAMARCA;LENGUAZAQUE;12/12/2020;SULFATO;45,28;mg SO4-2/L;Ideam;28169
RCA_LENGUAZAQUE_CUN_LENGUAZAQUE_BOQUERON [24017610];5,32825;-73,69972222;2590;LENGUAZAQUE;Sogamoso;2401;Río Suárez;CUNDINAMARCA;LENGUAZAQUE;12/12/2020;TURBIDEZ;11;NTU;Ideam;28169
RCA_LENGUAZAQUE_CUN_LENGUAZAQUE_BOQUERON [24017610];5,32825;-73,69972222;2590;LENGUAZAQUE;Sogamoso;2401;Río Suárez;CUNDINAMARCA;LENGUAZAQUE;10/07/2021;ALUMINIO POTENCIALMENTE BIODISPONIBLE;1422;mg Al/kg;Ideam;28375
RCA_LENGUAZAQUE_CUN_LENGUAZAQUE_BOQUERON [24017610];5,32825;-73,69972222;2590;LENGUAZAQUE;Sogamoso;2401;Río Suárez;CUNDINAMARCA;LENGUAZAQUE;10/07/2021;CADMIO POTENCIALMENTE BIODISPONIBLE;<1;mg Cd/kg;Ideam;28375
RCA_LENGUAZAQUE_CUN_LENGUAZAQUE_BOQUERON [24017610];5,32825;-73,69972222;2590;LENGUAZAQUE;Sogamoso;2401;Río Suárez;CUNDINAMARCA;LENGUAZAQUE;10/07/2021;CARBONO ORGANICO TOTAL (COT);6,36;mg/L;Ideam;28375
RCA_LENGUAZAQUE_CUN_LENGUAZAQUE_BOQUERON [24017610];5,32825;-73,69972222;2590;LENGUAZAQUE;Sogamoso;2401;Río Suárez;CUNDINAMARCA;LENGUAZAQUE;10/07/2021;COBRE POTENCIALMENTE BIODISPONIBLE;5,17;mg Cu/kg;Ideam;28375
RCA_LENGUAZAQUE_CUN_LENGUAZAQUE_BOQUERON [24017610];5,32825;-73,69972222;2590;LENGUAZAQUE;Sogamoso;2401;Río Suárez;CUNDINAMARCA;LENGUAZAQUE;10/07/2021;CONDUCTIVIDAD ELECTRICA;152;µS/cm;Ideam;28375
RCA_LENGUAZAQUE_CUN_LENGUAZAQUE_BOQUERON [24017610];5,32825;-73,69972222;2590;LENGUAZAQUE;Sogamoso;2401;Río Suárez;CUNDINAMARCA;LENGUAZAQUE;10/07/2021;CROMO POTENCIALMENTE BIODISPONIBLE;4,59;mg Cr/kg;Ideam;28375
RCA_LENGUAZAQUE_CUN_LENGUAZAQUE_BOQUERON [24017610];5,32825;-73,69972222;2590;LENGUAZAQUE;Sogamoso;2401;Río Suárez;CUNDINAMARCA;LENGUAZAQUE;10/07/2021;DEMANDA QUIMICA DE OXIGENO (DQO);18;mg O2/L;Ideam;28375
RCA_LENGUAZAQUE_CUN_LENGUAZAQUE_BOQUERON [24017610];5,32825;-73,69972222;2590;LENGUAZAQUE;Sogamoso;2401;Río Suárez;CUNDINAMARCA;LENGUAZAQUE;10/07/2021;FOSFORO REACTIVO DISUELTO;0,04;mg P-PO4-3/L;Ideam;28375
RCA_LENGUAZAQUE_CUN_LENGUAZAQUE_BOQUERON [24017610];5,32825;-73,69972222;2590;LENGUAZAQUE;Sogamoso;2401;Río Suárez;CUNDINAMARCA;LENGUAZAQUE;10/07/2021;FOSFORO TOTAL;0,15;mg P/L;Ideam;28375
RCA_LENGUAZAQUE_CUN_LENGUAZAQUE_BOQUERON [24017610];5,32825;-73,69972222;2590;LENGUAZAQUE;Sogamoso;2401;Río Suárez;CUNDINAMARCA;LENGUAZAQUE;10/07/2021;HIERRO POTENCIALMENTE BIODISPONIBLE;5036;mg Fe/kg;Ideam;28375
RCA_LENGUAZAQUE_CUN_LENGUAZAQUE_BOQUERON [24017610];5,32825;-73,69972222;2590;LENGUAZAQUE;Sogamoso;2401;Río Suárez;CUNDINAMARCA;LENGUAZAQUE;10/07/2021;MANGANESO POTENCIALMENTE BIODISPONIBLE;129;mg Mn/kg;Ideam;28375
RCA_LENGUAZAQUE_CUN_LENGUAZAQUE_BOQUERON [24017610];5,32825;-73,69972222;2590;LENGUAZAQUE;Sogamoso;2401;Río Suárez;CUNDINAMARCA;LENGUAZAQUE;10/07/2021;MERCURIO TOTAL EN SEDIMENTOS;<0.5;mg Hg/kg;Ideam;28375
RCA_LENGUAZAQUE_CUN_LENGUAZAQUE_BOQUERON [24017610];5,32825;-73,69972222;2590;LENGUAZAQUE;Sogamoso;2401;Río Suárez;CUNDINAMARCA;LENGUAZAQUE;10/07/2021;NIQUEL POTENCIALMENTE BIODISPONIBLE;4,77;mg Ni/kg;Ideam;28375
RCA_LENGUAZAQUE_CUN_LENGUAZAQUE_BOQUERON [24017610];5,32825;-73,69972222;2590;LENGUAZAQUE;Sogamoso;2401;Río Suárez;CUNDINAMARCA;LENGUAZAQUE;10/07/2021;NITRATO;0,49;mg N-NO3-/L;Ideam;28375
RCA_LENGUAZAQUE_CUN_LENGUAZAQUE_BOQUERON [24017610];5,32825;-73,69972222;2590;LENGUAZAQUE;Sogamoso;2401;Río Suárez;CUNDINAMARCA;LENGUAZAQUE;10/07/2021;NITRITO;0,009;mg N-NO2-/L;Ideam;28375
RCA_LENGUAZAQUE_CUN_LENGUAZAQUE_BOQUERON [24017610];5,32825;-73,69972222;2590;LENGUAZAQUE;Sogamoso;2401;Río Suárez;CUNDINAMARCA;LENGUAZAQUE;10/07/2021;NITROGENO AMONIACAL;0,62;mg N-NH3-/L;Ideam;28375
RCA_LENGUAZAQUE_CUN_LENGUAZAQUE_BOQUERON [24017610];5,32825;-73,69972222;2590;LENGUAZAQUE;Sogamoso;2401;Río Suárez;CUNDINAMARCA;LENGUAZAQUE;10/07/2021;NITROGENO TOTAL;1,07;mg/L;Ideam;28375
RCA_LENGUAZAQUE_CUN_LENGUAZAQUE_BOQUERON [24017610];5,32825;-73,69972222;2590;LENGUAZAQUE;Sogamoso;2401;Río Suárez;CUNDINAMARCA;LENGUAZAQUE;10/07/2021;OXIGENO DISUELTO (OD);6,9;mg O2/L;Ideam;28375
RCA_LENGUAZAQUE_CUN_LENGUAZAQUE_BOQUERON [24017610];5,32825;-73,69972222;2590;LENGUAZAQUE;Sogamoso;2401;Río Suárez;CUNDINAMARCA;LENGUAZAQUE;10/07/2021;pH;6,55;Unidades de pH;Ideam;28375
RCA_LENGUAZAQUE_CUN_LENGUAZAQUE_BOQUERON [24017610];5,32825;-73,69972222;2590;LENGUAZAQUE;Sogamoso;2401;Río Suárez;CUNDINAMARCA;LENGUAZAQUE;10/07/2021;PLOMO POTENCIALMENTE BIODISPONIBLE;3,88;mg Pb/kg;Ideam;28375
RCA_LENGUAZAQUE_CUN_LENGUAZAQUE_BOQUERON [24017610];5,32825;-73,69972222;2590;LENGUAZAQUE;Sogamoso;2401;Río Suárez;CUNDINAMARCA;LENGUAZAQUE;10/07/2021;SOLIDOS SUSPENDIDOS TOTALES;34;mg/L;Ideam;28375
RCA_LENGUAZAQUE_CUN_LENGUAZAQUE_BOQUERON [24017610];5,32825;-73,69972222;2590;LENGUAZAQUE;Sogamoso;2401;Río Suárez;CUNDINAMARCA;LENGUAZAQUE;10/07/2021;SOLIDOS TOTALES;129;mg/L;Ideam;28375
RCA_LENGUAZAQUE_CUN_LENGUAZAQUE_BOQUERON [24017610];5,32825;-73,69972222;2590;LENGUAZAQUE;Sogamoso;2401;Río Suárez;CUNDINAMARCA;LENGUAZAQUE;10/07/2021;SULFATO;37;mg SO4-2/L;Ideam;28375
RCA_LENGUAZAQUE_CUN_LENGUAZAQUE_BOQUERON [24017610];5,32825;-73,69972222;2590;LENGUAZAQUE;Sogamoso;2401;Río Suárez;CUNDINAMARCA;LENGUAZAQUE;10/07/2021;TEMPERATURA;13,3;°C;Ideam;28375
RCA_LENGUAZAQUE_CUN_LENGUAZAQUE_BOQUERON [24017610];5,32825;-73,69972222;2590;LENGUAZAQUE;Sogamoso;2401;Río Suárez;CUNDINAMARCA;LENGUAZAQUE;10/07/2021;TURBIDEZ;50;NTU;Ideam;28375
RCA_LENGUAZAQUE_CUN_LENGUAZAQUE_BOQUERON [24017610];5,32825;-73,69972222;2590;LENGUAZAQUE;Sogamoso;2401;Río Suárez;CUNDINAMARCA;LENGUAZAQUE;10/07/2021;ZINC POTENCIALMENTE BIODISPONIBLE;51,9;mg Zn/kg;Ideam;28375
RCA_LENGUAZAQUE_CUN_LENGUAZAQUE_BOQUERON [24017610];5,32825;-73,69972222;2590;LENGUAZAQUE;Sogamoso;2401;Río Suárez;CUNDINAMARCA;LENGUAZAQUE;20/05/2022;ALUMINIO POTENCIALMENTE BIODISPONIBLE;1268;mg Al/kg;Ideam;28847
RCA_LENGUAZAQUE_CUN_LENGUAZAQUE_BOQUERON [24017610];5,32825;-73,69972222;2590;LENGUAZAQUE;Sogamoso;2401;Río Suárez;CUNDINAMARCA;LENGUAZAQUE;20/05/2022;CADMIO POTENCIALMENTE BIODISPONIBLE;<1;mg Cd/kg;Ideam;28847
RCA_LENGUAZAQUE_CUN_LENGUAZAQUE_BOQUERON [24017610];5,32825;-73,69972222;2590;LENGUAZAQUE;Sogamoso;2401;Río Suárez;CUNDINAMARCA;LENGUAZAQUE;20/05/2022;CARBONO ORGANICO TOTAL (COT);12,6;mg/L;Ideam;28847
RCA_LENGUAZAQUE_CUN_LENGUAZAQUE_BOQUERON [24017610];5,32825;-73,69972222;2590;LENGUAZAQUE;Sogamoso;2401;Río Suárez;CUNDINAMARCA;LENGUAZAQUE;20/05/2022;COBRE POTENCIALMENTE BIODISPONIBLE;2,88;mg Cu/kg;Ideam;28847
RCA_LENGUAZAQUE_CUN_LENGUAZAQUE_BOQUERON [24017610];5,32825;-73,69972222;2590;LENGUAZAQUE;Sogamoso;2401;Río Suárez;CUNDINAMARCA;LENGUAZAQUE;20/05/2022;CONDUCTIVIDAD ELECTRICA;125;µS/cm;Ideam;28847
RCA_LENGUAZAQUE_CUN_LENGUAZAQUE_BOQUERON [24017610];5,32825;-73,69972222;2590;LENGUAZAQUE;Sogamoso;2401;Río Suárez;CUNDINAMARCA;LENGUAZAQUE;20/05/2022;CROMO POTENCIALMENTE BIODISPONIBLE;8,51;mg Cr/kg;Ideam;28847
RCA_LENGUAZAQUE_CUN_LENGUAZAQUE_BOQUERON [24017610];5,32825;-73,69972222;2590;LENGUAZAQUE;Sogamoso;2401;Río Suárez;CUNDINAMARCA;LENGUAZAQUE;20/05/2022;DEMANDA QUIMICA DE OXIGENO (DQO);23;mg O2/L;Ideam;28847
RCA_LENGUAZAQUE_CUN_LENGUAZAQUE_BOQUERON [24017610];5,32825;-73,69972222;2590;LENGUAZAQUE;Sogamoso;2401;Río Suárez;CUNDINAMARCA;LENGUAZAQUE;20/05/2022;FOSFORO REACTIVO DISUELTO;<0.03;mg P-PO4-3/L;Ideam;28847
RCA_LENGUAZAQUE_CUN_LENGUAZAQUE_BOQUERON [24017610];5,32825;-73,69972222;2590;LENGUAZAQUE;Sogamoso;2401;Río Suárez;CUNDINAMARCA;LENGUAZAQUE;20/05/2022;FOSFORO TOTAL;0,1;mg P/L;Ideam;28847
RCA_LENGUAZAQUE_CUN_LENGUAZAQUE_BOQUERON [24017610];5,32825;-73,69972222;2590;LENGUAZAQUE;Sogamoso;2401;Río Suárez;CUNDINAMARCA;LENGUAZAQUE;20/05/2022;HIERRO POTENCIALMENTE BIODISPONIBLE;4019;mg Fe/kg;Ideam;28847
RCA_LENGUAZAQUE_CUN_LENGUAZAQUE_BOQUERON [24017610];5,32825;-73,69972222;2590;LENGUAZAQUE;Sogamoso;2401;Río Suárez;CUNDINAMARCA;LENGUAZAQUE;20/05/2022;MANGANESO POTENCIALMENTE BIODISPONIBLE;67,5;mg Mn/kg;Ideam;28847
RCA_LENGUAZAQUE_CUN_LENGUAZAQUE_BOQUERON [24017610];5,32825;-73,69972222;2590;LENGUAZAQUE;Sogamoso;2401;Río Suárez;CUNDINAMARCA;LENGUAZAQUE;20/05/2022;MERCURIO TOTAL EN SEDIMENTOS;<0.5;mg Hg/kg;Ideam;28847
RCA_LENGUAZAQUE_CUN_LENGUAZAQUE_BOQUERON [24017610];5,32825;-73,69972222;2590;LENGUAZAQUE;Sogamoso;2401;Río Suárez;CUNDINAMARCA;LENGUAZAQUE;20/05/2022;NIQUEL POTENCIALMENTE BIODISPONIBLE;2,98;mg Ni/kg;Ideam;28847
RCA_LENGUAZAQUE_CUN_LENGUAZAQUE_BOQUERON [24017610];5,32825;-73,69972222;2590;LENGUAZAQUE;Sogamoso;2401;Río Suárez;CUNDINAMARCA;LENGUAZAQUE;20/05/2022;NITRATO;0,31;mg N-NO3-/L;Ideam;28847
RCA_LENGUAZAQUE_CUN_LENGUAZAQUE_BOQUERON [24017610];5,32825;-73,69972222;2590;LENGUAZAQUE;Sogamoso;2401;Río Suárez;CUNDINAMARCA;LENGUAZAQUE;20/05/2022;NITRITO;0,12;mg N-NO2-/L;Ideam;28847
RCA_LENGUAZAQUE_CUN_LENGUAZAQUE_BOQUERON [24017610];5,32825;-73,69972222;2590;LENGUAZAQUE;Sogamoso;2401;Río Suárez;CUNDINAMARCA;LENGUAZAQUE;20/05/2022;NITROGENO AMONIACAL;0,22;mg N-NH3-/L;Ideam;28847
RCA_LENGUAZAQUE_CUN_LENGUAZAQUE_BOQUERON [24017610];5,32825;-73,69972222;2590;LENGUAZAQUE;Sogamoso;2401;Río Suárez;CUNDINAMARCA;LENGUAZAQUE;20/05/2022;NITROGENO TOTAL;13,2;mg/L;Ideam;28847
RCA_LENGUAZAQUE_CUN_LENGUAZAQUE_BOQUERON [24017610];5,32825;-73,69972222;2590;LENGUAZAQUE;Sogamoso;2401;Río Suárez;CUNDINAMARCA;LENGUAZAQUE;20/05/2022;OXIGENO DISUELTO (OD);5,5;mg O2/L;Ideam;28847
RCA_LENGUAZAQUE_CUN_LENGUAZAQUE_BOQUERON [24017610];5,32825;-73,69972222;2590;LENGUAZAQUE;Sogamoso;2401;Río Suárez;CUNDINAMARCA;LENGUAZAQUE;20/05/2022;PLOMO POTENCIALMENTE BIODISPONIBLE;2,3;mg Pb/kg;Ideam;28847
RCA_LENGUAZAQUE_CUN_LENGUAZAQUE_BOQUERON [24017610];5,32825;-73,69972222;2590;LENGUAZAQUE;Sogamoso;2401;Río Suárez;CUNDINAMARCA;LENGUAZAQUE;20/05/2022;SOLIDOS SUSPENDIDOS TOTALES;52;mg/L;Ideam;28847
RCA_LENGUAZAQUE_CUN_LENGUAZAQUE_BOQUERON [24017610];5,32825;-73,69972222;2590;LENGUAZAQUE;Sogamoso;2401;Río Suárez;CUNDINAMARCA;LENGUAZAQUE;20/05/2022;SOLIDOS TOTALES;117;mg/L;Ideam;28847
RCA_LENGUAZAQUE_CUN_LENGUAZAQUE_BOQUERON [24017610];5,32825;-73,69972222;2590;LENGUAZAQUE;Sogamoso;2401;Río Suárez;CUNDINAMARCA;LENGUAZAQUE;20/05/2022;SULFATO;29,02;mg SO4-2/L;Ideam;28847
RCA_LENGUAZAQUE_CUN_LENGUAZAQUE_BOQUERON [24017610];5,32825;-73,69972222;2590;LENGUAZAQUE;Sogamoso;2401;Río Suárez;CUNDINAMARCA;LENGUAZAQUE;20/05/2022;TEMPERATURA;14,4;°C;Ideam;28847
RCA_LENGUAZAQUE_CUN_LENGUAZAQUE_BOQUERON [24017610];5,32825;-73,69972222;2590;LENGUAZAQUE;Sogamoso;2401;Río Suárez;CUNDINAMARCA;LENGUAZAQUE;20/05/2022;TURBIDEZ;24;NTU;Ideam;28847
RCA_LENGUAZAQUE_CUN_LENGUAZAQUE_BOQUERON [24017610];5,32825;-73,69972222;2590;LENGUAZAQUE;Sogamoso;2401;Río Suárez;CUNDINAMARCA;LENGUAZAQUE;20/05/2022;ZINC POTENCIALMENTE BIODISPONIBLE;21;mg Zn/kg;Ideam;28847
RCA_LENGUAZAQUE_CUN_LENGUAZAQUE_BOQUERON [24017610];5,32825;-73,69972222;2590;LENGUAZAQUE;Sogamoso;2401;Río Suárez;CUNDINAMARCA;LENGUAZAQUE;26/05/2022;pH;7,12;Unidades de pH;Ideam;28847
RCA_LENGUAZAQUE_CUN_LENGUAZAQUE_BOQUERON [24017610];5,32825;-73,69972222;2590;LENGUAZAQUE;Sogamoso;2401;Río Suárez;CUNDINAMARCA;LENGUAZAQUE;20/07/2023;ALUMINIO POTENCIALMENTE BIODISPONIBLE;1373;mg Al/kg;Ideam;29459
RCA_LENGUAZAQUE_CUN_LENGUAZAQUE_BOQUERON [24017610];5,32825;-73,69972222;2590;LENGUAZAQUE;Sogamoso;2401;Río Suárez;CUNDINAMARCA;LENGUAZAQUE;20/07/2023;CADMIO POTENCIALMENTE BIODISPONIBLE;<1;mg Cd/kg;Ideam;29459
RCA_LENGUAZAQUE_CUN_LENGUAZAQUE_BOQUERON [24017610];5,32825;-73,69972222;2590;LENGUAZAQUE;Sogamoso;2401;Río Suárez;CUNDINAMARCA;LENGUAZAQUE;20/07/2023;CARBONO ORGANICO TOTAL (COT);5,69;mg/L;Ideam;29459
RCA_LENGUAZAQUE_CUN_LENGUAZAQUE_BOQUERON [24017610];5,32825;-73,69972222;2590;LENGUAZAQUE;Sogamoso;2401;Río Suárez;CUNDINAMARCA;LENGUAZAQUE;20/07/2023;COBRE POTENCIALMENTE BIODISPONIBLE;3,83;mg Cu/kg;Ideam;29459
RCA_LENGUAZAQUE_CUN_LENGUAZAQUE_BOQUERON [24017610];5,32825;-73,69972222;2590;LENGUAZAQUE;Sogamoso;2401;Río Suárez;CUNDINAMARCA;LENGUAZAQUE;20/07/2023;CONDUCTIVIDAD ELECTRICA;105;µS/cm;Ideam;29459
RCA_LENGUAZAQUE_CUN_LENGUAZAQUE_BOQUERON [24017610];5,32825;-73,69972222;2590;LENGUAZAQUE;Sogamoso;2401;Río Suárez;CUNDINAMARCA;LENGUAZAQUE;20/07/2023;CROMO POTENCIALMENTE BIODISPONIBLE;2,46;mg Cr/kg;Ideam;29459
RCA_LENGUAZAQUE_CUN_LENGUAZAQUE_BOQUERON [24017610];5,32825;-73,69972222;2590;LENGUAZAQUE;Sogamoso;2401;Río Suárez;CUNDINAMARCA;LENGUAZAQUE;20/07/2023;DEMANDA QUIMICA DE OXIGENO (DQO);24;mg O2/L;Ideam;29459
RCA_LENGUAZAQUE_CUN_LENGUAZAQUE_BOQUERON [24017610];5,32825;-73,69972222;2590;LENGUAZAQUE;Sogamoso;2401;Río Suárez;CUNDINAMARCA;LENGUAZAQUE;20/07/2023;FOSFORO REACTIVO DISUELTO;<0.03;mg P-PO4-3/L;Ideam;29459
RCA_LENGUAZAQUE_CUN_LENGUAZAQUE_BOQUERON [24017610];5,32825;-73,69972222;2590;LENGUAZAQUE;Sogamoso;2401;Río Suárez;CUNDINAMARCA;LENGUAZAQUE;20/07/2023;FOSFORO TOTAL;0,17;mg P/L;Ideam;29459
RCA_LENGUAZAQUE_CUN_LENGUAZAQUE_BOQUERON [24017610];5,32825;-73,69972222;2590;LENGUAZAQUE;Sogamoso;2401;Río Suárez;CUNDINAMARCA;LENGUAZAQUE;20/07/2023;HIERRO POTENCIALMENTE BIODISPONIBLE;3951;mg Fe/kg;Ideam;29459
RCA_LENGUAZAQUE_CUN_LENGUAZAQUE_BOQUERON [24017610];5,32825;-73,69972222;2590;LENGUAZAQUE;Sogamoso;2401;Río Suárez;CUNDINAMARCA;LENGUAZAQUE;20/07/2023;MANGANESO POTENCIALMENTE BIODISPONIBLE;87;mg Mn/kg;Ideam;29459
RCA_LENGUAZAQUE_CUN_LENGUAZAQUE_BOQUERON [24017610];5,32825;-73,69972222;2590;LENGUAZAQUE;Sogamoso;2401;Río Suárez;CUNDINAMARCA;LENGUAZAQUE;20/07/2023;MERCURIO TOTAL EN SEDIMENTOS;<0.5;mg Hg/kg;Ideam;29459
RCA_LENGUAZAQUE_CUN_LENGUAZAQUE_BOQUERON [24017610];5,32825;-73,69972222;2590;LENGUAZAQUE;Sogamoso;2401;Río Suárez;CUNDINAMARCA;LENGUAZAQUE;20/07/2023;NIQUEL POTENCIALMENTE BIODISPONIBLE;2,17;mg Ni/kg;Ideam;29459
RCA_LENGUAZAQUE_CUN_LENGUAZAQUE_BOQUERON [24017610];5,32825;-73,69972222;2590;LENGUAZAQUE;Sogamoso;2401;Río Suárez;CUNDINAMARCA;LENGUAZAQUE;20/07/2023;NITRATO;0,272;mg N-NO3-/L;Ideam;29459
RCA_LENGUAZAQUE_CUN_LENGUAZAQUE_BOQUERON [24017610];5,32825;-73,69972222;2590;LENGUAZAQUE;Sogamoso;2401;Río Suárez;CUNDINAMARCA;LENGUAZAQUE;20/07/2023;NITRITO;0,015;mg N-NO2-/L;Ideam;29459
RCA_LENGUAZAQUE_CUN_LENGUAZAQUE_BOQUERON [24017610];5,32825;-73,69972222;2590;LENGUAZAQUE;Sogamoso;2401;Río Suárez;CUNDINAMARCA;LENGUAZAQUE;20/07/2023;NITROGENO TOTAL;0,85;mg/L;Ideam;29459
RCA_LENGUAZAQUE_CUN_LENGUAZAQUE_BOQUERON [24017610];5,32825;-73,69972222;2590;LENGUAZAQUE;Sogamoso;2401;Río Suárez;CUNDINAMARCA;LENGUAZAQUE;20/07/2023;OXIGENO DISUELTO (OD);6,1;mg O2/L;Ideam;29459
RCA_LENGUAZAQUE_CUN_LENGUAZAQUE_BOQUERON [24017610];5,32825;-73,69972222;2590;LENGUAZAQUE;Sogamoso;2401;Río Suárez;CUNDINAMARCA;LENGUAZAQUE;20/07/2023;pH;7,2;Unidades de pH;Ideam;29459
RCA_LENGUAZAQUE_CUN_LENGUAZAQUE_BOQUERON [24017610];5,32825;-73,69972222;2590;LENGUAZAQUE;Sogamoso;2401;Río Suárez;CUNDINAMARCA;LENGUAZAQUE;20/07/2023;PLOMO POTENCIALMENTE BIODISPONIBLE;<1;mg Pb/kg;Ideam;29459
RCA_LENGUAZAQUE_CUN_LENGUAZAQUE_BOQUERON [24017610];5,32825;-73,69972222;2590;LENGUAZAQUE;Sogamoso;2401;Río Suárez;CUNDINAMARCA;LENGUAZAQUE;20/07/2023;SOLIDOS SUSPENDIDOS TOTALES;68;mg/L;Ideam;29459
RCA_LENGUAZAQUE_CUN_LENGUAZAQUE_BOQUERON [24017610];5,32825;-73,69972222;2590;LENGUAZAQUE;Sogamoso;2401;Río Suárez;CUNDINAMARCA;LENGUAZAQUE;20/07/2023;SOLIDOS TOTALES;154;mg/L;Ideam;29459
RCA_LENGUAZAQUE_CUN_LENGUAZAQUE_BOQUERON [24017610];5,32825;-73,69972222;2590;LENGUAZAQUE;Sogamoso;2401;Río Suárez;CUNDINAMARCA;LENGUAZAQUE;20/07/2023;SULFATO;19,3;mg SO4-2/L;Ideam;29459
RCA_LENGUAZAQUE_CUN_LENGUAZAQUE_BOQUERON [24017610];5,32825;-73,69972222;2590;LENGUAZAQUE;Sogamoso;2401;Río Suárez;CUNDINAMARCA;LENGUAZAQUE;20/07/2023;TEMPERATURA;13,4;°C;Ideam;29459
RCA_LENGUAZAQUE_CUN_LENGUAZAQUE_BOQUERON [24017610];5,32825;-73,69972222;2590;LENGUAZAQUE;Sogamoso;2401;Río Suárez;CUNDINAMARCA;LENGUAZAQUE;20/07/2023;TURBIDEZ;65;NTU;Ideam;29459
RCA_LENGUAZAQUE_CUN_LENGUAZAQUE_BOQUERON [24017610];5,32825;-73,69972222;2590;LENGUAZAQUE;Sogamoso;2401;Río Suárez;CUNDINAMARCA;LENGUAZAQUE;20/07/2023;ZINC POTENCIALMENTE BIODISPONIBLE;19,6;mg Zn/kg;Ideam;29459
RCA_LENGUAZAQUE_CUN_LENGUAZAQUE_BOQUERON [24017610];5,32825;-73,69972222;2590;LENGUAZAQUE;Sogamoso;2401;Río Suárez;CUNDINAMARCA;LENGUAZAQUE;5/09/2023;ALUMINIO POTENCIALMENTE BIODISPONIBLE;913,4;mg Al/kg;Ideam;29514
RCA_LENGUAZAQUE_CUN_LENGUAZAQUE_BOQUERON [24017610];5,32825;-73,69972222;2590;LENGUAZAQUE;Sogamoso;2401;Río Suárez;CUNDINAMARCA;LENGUAZAQUE;5/09/2023;CADMIO POTENCIALMENTE BIODISPONIBLE;<1;mg Cd/kg;Ideam;29514
RCA_LENGUAZAQUE_CUN_LENGUAZAQUE_BOQUERON [24017610];5,32825;-73,69972222;2590;LENGUAZAQUE;Sogamoso;2401;Río Suárez;CUNDINAMARCA;LENGUAZAQUE;5/09/2023;CARBONO ORGANICO TOTAL (COT);4,32;mg/L;Ideam;29514
RCA_LENGUAZAQUE_CUN_LENGUAZAQUE_BOQUERON [24017610];5,32825;-73,69972222;2590;LENGUAZAQUE;Sogamoso;2401;Río Suárez;CUNDINAMARCA;LENGUAZAQUE;5/09/2023;COBRE POTENCIALMENTE BIODISPONIBLE;3,35;mg Cu/kg;Ideam;29514
RCA_LENGUAZAQUE_CUN_LENGUAZAQUE_BOQUERON [24017610];5,32825;-73,69972222;2590;LENGUAZAQUE;Sogamoso;2401;Río Suárez;CUNDINAMARCA;LENGUAZAQUE;5/09/2023;CONDUCTIVIDAD ELECTRICA;15;µS/cm;Ideam;29514
RCA_LENGUAZAQUE_CUN_LENGUAZAQUE_BOQUERON [24017610];5,32825;-73,69972222;2590;LENGUAZAQUE;Sogamoso;2401;Río Suárez;CUNDINAMARCA;LENGUAZAQUE;5/09/2023;CROMO POTENCIALMENTE BIODISPONIBLE;1,93;mg Cr/kg;Ideam;29514
RCA_LENGUAZAQUE_CUN_LENGUAZAQUE_BOQUERON [24017610];5,32825;-73,69972222;2590;LENGUAZAQUE;Sogamoso;2401;Río Suárez;CUNDINAMARCA;LENGUAZAQUE;5/09/2023;DEMANDA QUIMICA DE OXIGENO (DQO);20;mg O2/L;Ideam;29514
RCA_LENGUAZAQUE_CUN_LENGUAZAQUE_BOQUERON [24017610];5,32825;-73,69972222;2590;LENGUAZAQUE;Sogamoso;2401;Río Suárez;CUNDINAMARCA;LENGUAZAQUE;5/09/2023;FOSFORO REACTIVO DISUELTO;<0.03;mg P-PO4-3/L;Ideam;29514
RCA_LENGUAZAQUE_CUN_LENGUAZAQUE_BOQUERON [24017610];5,32825;-73,69972222;2590;LENGUAZAQUE;Sogamoso;2401;Río Suárez;CUNDINAMARCA;LENGUAZAQUE;5/09/2023;FOSFORO TOTAL;0,097;mg P/L;Ideam;29514
RCA_LENGUAZAQUE_CUN_LENGUAZAQUE_BOQUERON [24017610];5,32825;-73,69972222;2590;LENGUAZAQUE;Sogamoso;2401;Río Suárez;CUNDINAMARCA;LENGUAZAQUE;5/09/2023;HIERRO POTENCIALMENTE BIODISPONIBLE;3243;mg Fe/kg;Ideam;29514
RCA_LENGUAZAQUE_CUN_LENGUAZAQUE_BOQUERON [24017610];5,32825;-73,69972222;2590;LENGUAZAQUE;Sogamoso;2401;Río Suárez;CUNDINAMARCA;LENGUAZAQUE;5/09/2023;MANGANESO POTENCIALMENTE BIODISPONIBLE;71,3;mg Mn/kg;Ideam;29514
RCA_LENGUAZAQUE_CUN_LENGUAZAQUE_BOQUERON [24017610];5,32825;-73,69972222;2590;LENGUAZAQUE;Sogamoso;2401;Río Suárez;CUNDINAMARCA;LENGUAZAQUE;5/09/2023;MERCURIO TOTAL EN SEDIMENTOS;<0.5;mg Hg/kg;Ideam;29514
RCA_LENGUAZAQUE_CUN_LENGUAZAQUE_BOQUERON [24017610];5,32825;-73,69972222;2590;LENGUAZAQUE;Sogamoso;2401;Río Suárez;CUNDINAMARCA;LENGUAZAQUE;5/09/2023;NIQUEL POTENCIALMENTE BIODISPONIBLE;2,46;mg Ni/kg;Ideam;29514
RCA_LENGUAZAQUE_CUN_LENGUAZAQUE_BOQUERON [24017610];5,32825;-73,69972222;2590;LENGUAZAQUE;Sogamoso;2401;Río Suárez;CUNDINAMARCA;LENGUAZAQUE;5/09/2023;NITRATO;0,398;mg N-NO3-/L;Ideam;29514
RCA_LENGUAZAQUE_CUN_LENGUAZAQUE_BOQUERON [24017610];5,32825;-73,69972222;2590;LENGUAZAQUE;Sogamoso;2401;Río Suárez;CUNDINAMARCA;LENGUAZAQUE;5/09/2023;NITRITO;0,019;mg N-NO2-/L;Ideam;29514
RCA_LENGUAZAQUE_CUN_LENGUAZAQUE_BOQUERON [24017610];5,32825;-73,69972222;2590;LENGUAZAQUE;Sogamoso;2401;Río Suárez;CUNDINAMARCA;LENGUAZAQUE;5/09/2023;NITROGENO TOTAL;0,92;mg/L;Ideam;29514
RCA_LENGUAZAQUE_CUN_LENGUAZAQUE_BOQUERON [24017610];5,32825;-73,69972222;2590;LENGUAZAQUE;Sogamoso;2401;Río Suárez;CUNDINAMARCA;LENGUAZAQUE;5/09/2023;OXIGENO DISUELTO (OD);5,4;mg O2/L;Ideam;29514
RCA_LENGUAZAQUE_CUN_LENGUAZAQUE_BOQUERON [24017610];5,32825;-73,69972222;2590;LENGUAZAQUE;Sogamoso;2401;Río Suárez;CUNDINAMARCA;LENGUAZAQUE;5/09/2023;pH;7,57;Unidades de pH;Ideam;29514
RCA_LENGUAZAQUE_CUN_LENGUAZAQUE_BOQUERON [24017610];5,32825;-73,69972222;2590;LENGUAZAQUE;Sogamoso;2401;Río Suárez;CUNDINAMARCA;LENGUAZAQUE;5/09/2023;PLOMO POTENCIALMENTE BIODISPONIBLE;1,93;mg Pb/kg;Ideam;29514
RCA_LENGUAZAQUE_CUN_LENGUAZAQUE_BOQUERON [24017610];5,32825;-73,69972222;2590;LENGUAZAQUE;Sogamoso;2401;Río Suárez;CUNDINAMARCA;LENGUAZAQUE;5/09/2023;SOLIDOS SUSPENDIDOS TOTALES;12;mg/L;Ideam;29514
RCA_LENGUAZAQUE_CUN_LENGUAZAQUE_BOQUERON [24017610];5,32825;-73,69972222;2590;LENGUAZAQUE;Sogamoso;2401;Río Suárez;CUNDINAMARCA;LENGUAZAQUE;5/09/2023;SOLIDOS TOTALES;104;mg/L;Ideam;29514
RCA_LENGUAZAQUE_CUN_LENGUAZAQUE_BOQUERON [24017610];5,32825;-73,69972222;2590;LENGUAZAQUE;Sogamoso;2401;Río Suárez;CUNDINAMARCA;LENGUAZAQUE;5/09/2023;SULFATO;17,7;mg SO4-2/L;Ideam;29514
RCA_LENGUAZAQUE_CUN_LENGUAZAQUE_BOQUERON [24017610];5,32825;-73,69972222;2590;LENGUAZAQUE;Sogamoso;2401;Río Suárez;CUNDINAMARCA;LENGUAZAQUE;5/09/2023;TEMPERATURA;13,8;°C;Ideam;29514
RCA_LENGUAZAQUE_CUN_LENGUAZAQUE_BOQUERON [24017610];5,32825;-73,69972222;2590;LENGUAZAQUE;Sogamoso;2401;Río Suárez;CUNDINAMARCA;LENGUAZAQUE;5/09/2023;TURBIDEZ;17;NTU;Ideam;29514
RCA_LENGUAZAQUE_CUN_LENGUAZAQUE_BOQUERON [24017610];5,32825;-73,69972222;2590;LENGUAZAQUE;Sogamoso;2401;Río Suárez;CUNDINAMARCA;LENGUAZAQUE;5/09/2023;ZINC POTENCIALMENTE BIODISPONIBLE;23,2;mg Zn/kg;Ideam;29514
RCA_LENGUAZAQUE_CUN_LENGUAZAQUE_BOQUERON [24017610];5,32825;-73,69972222;2590;LENGUAZAQUE;Sogamoso;2401;Río Suárez;CUNDINAMARCA;LENGUAZAQUE;18/03/2024;ALUMINIO POTENCIALMENTE BIODISPONIBLE;1973;mg Al/kg;Ideam;29762
RCA_LENGUAZAQUE_CUN_LENGUAZAQUE_BOQUERON [24017610];5,32825;-73,69972222;2590;LENGUAZAQUE;Sogamoso;2401;Río Suárez;CUNDINAMARCA;LENGUAZAQUE;18/03/2024;CADMIO POTENCIALMENTE BIODISPONIBLE;<1;mg Cd/kg;Ideam;29762
RCA_LENGUAZAQUE_CUN_LENGUAZAQUE_BOQUERON [24017610];5,32825;-73,69972222;2590;LENGUAZAQUE;Sogamoso;2401;Río Suárez;CUNDINAMARCA;LENGUAZAQUE;18/03/2024;CARBONO ORGANICO TOTAL (COT);5,82;mg/L;Ideam;29762
RCA_LENGUAZAQUE_CUN_LENGUAZAQUE_BOQUERON [24017610];5,32825;-73,69972222;2590;LENGUAZAQUE;Sogamoso;2401;Río Suárez;CUNDINAMARCA;LENGUAZAQUE;18/03/2024;COBRE POTENCIALMENTE BIODISPONIBLE;1,41;mg Cu/kg;Ideam;29762
RCA_LENGUAZAQUE_CUN_LENGUAZAQUE_BOQUERON [24017610];5,32825;-73,69972222;2590;LENGUAZAQUE;Sogamoso;2401;Río Suárez;CUNDINAMARCA;LENGUAZAQUE;18/03/2024;CONDUCTIVIDAD ELECTRICA;173;µS/cm;Ideam;29762
RCA_LENGUAZAQUE_CUN_LENGUAZAQUE_BOQUERON [24017610];5,32825;-73,69972222;2590;LENGUAZAQUE;Sogamoso;2401;Río Suárez;CUNDINAMARCA;LENGUAZAQUE;18/03/2024;CROMO POTENCIALMENTE BIODISPONIBLE;3,86;mg Cr/kg;Ideam;29762
RCA_LENGUAZAQUE_CUN_LENGUAZAQUE_BOQUERON [24017610];5,32825;-73,69972222;2590;LENGUAZAQUE;Sogamoso;2401;Río Suárez;CUNDINAMARCA;LENGUAZAQUE;18/03/2024;DEMANDA QUIMICA DE OXIGENO (DQO);27;mg O2/L;Ideam;29762
RCA_LENGUAZAQUE_CUN_LENGUAZAQUE_BOQUERON [24017610];5,32825;-73,69972222;2590;LENGUAZAQUE;Sogamoso;2401;Río Suárez;CUNDINAMARCA;LENGUAZAQUE;18/03/2024;FOSFORO REACTIVO DISUELTO;0,18;mg P-PO4-3/L;Ideam;29762
RCA_LENGUAZAQUE_CUN_LENGUAZAQUE_BOQUERON [24017610];5,32825;-73,69972222;2590;LENGUAZAQUE;Sogamoso;2401;Río Suárez;CUNDINAMARCA;LENGUAZAQUE;18/03/2024;FOSFORO TOTAL;0,5;mg P/L;Ideam;29762
RCA_LENGUAZAQUE_CUN_LENGUAZAQUE_BOQUERON [24017610];5,32825;-73,69972222;2590;LENGUAZAQUE;Sogamoso;2401;Río Suárez;CUNDINAMARCA;LENGUAZAQUE;18/03/2024;HIERRO POTENCIALMENTE BIODISPONIBLE;6339;mg Fe/kg;Ideam;29762
RCA_LENGUAZAQUE_CUN_LENGUAZAQUE_BOQUERON [24017610];5,32825;-73,69972222;2590;LENGUAZAQUE;Sogamoso;2401;Río Suárez;CUNDINAMARCA;LENGUAZAQUE;18/03/2024;MANGANESO POTENCIALMENTE BIODISPONIBLE;123;mg Mn/kg;Ideam;29762
RCA_LENGUAZAQUE_CUN_LENGUAZAQUE_BOQUERON [24017610];5,32825;-73,69972222;2590;LENGUAZAQUE;Sogamoso;2401;Río Suárez;CUNDINAMARCA;LENGUAZAQUE;18/03/2024;MERCURIO TOTAL EN SEDIMENTOS;<0.5;mg Hg/kg;Ideam;29762
RCA_LENGUAZAQUE_CUN_LENGUAZAQUE_BOQUERON [24017610];5,32825;-73,69972222;2590;LENGUAZAQUE;Sogamoso;2401;Río Suárez;CUNDINAMARCA;LENGUAZAQUE;18/03/2024;NIQUEL POTENCIALMENTE BIODISPONIBLE;4,36;mg Ni/kg;Ideam;29762
RCA_LENGUAZAQUE_CUN_LENGUAZAQUE_BOQUERON [24017610];5,32825;-73,69972222;2590;LENGUAZAQUE;Sogamoso;2401;Río Suárez;CUNDINAMARCA;LENGUAZAQUE;18/03/2024;NITRATO;0,087;mg N-NO3-/L;Ideam;29762
RCA_LENGUAZAQUE_CUN_LENGUAZAQUE_BOQUERON [24017610];5,32825;-73,69972222;2590;LENGUAZAQUE;Sogamoso;2401;Río Suárez;CUNDINAMARCA;LENGUAZAQUE;18/03/2024;NITRITO;0,0091;mg N-NO2-/L;Ideam;29762
RCA_LENGUAZAQUE_CUN_LENGUAZAQUE_BOQUERON [24017610];5,32825;-73,69972222;2590;LENGUAZAQUE;Sogamoso;2401;Río Suárez;CUNDINAMARCA;LENGUAZAQUE;18/03/2024;NITROGENO AMONIACAL;3,5;mg N-NH3-/L;Ideam;29762
RCA_LENGUAZAQUE_CUN_LENGUAZAQUE_BOQUERON [24017610];5,32825;-73,69972222;2590;LENGUAZAQUE;Sogamoso;2401;Río Suárez;CUNDINAMARCA;LENGUAZAQUE;18/03/2024;NITROGENO TOTAL;2,95;mg/L;Ideam;29762
RCA_LENGUAZAQUE_CUN_LENGUAZAQUE_BOQUERON [24017610];5,32825;-73,69972222;2590;LENGUAZAQUE;Sogamoso;2401;Río Suárez;CUNDINAMARCA;LENGUAZAQUE;18/03/2024;OXIGENO DISUELTO (OD);2,6;mg O2/L;Ideam;29762
RCA_LENGUAZAQUE_CUN_LENGUAZAQUE_BOQUERON [24017610];5,32825;-73,69972222;2590;LENGUAZAQUE;Sogamoso;2401;Río Suárez;CUNDINAMARCA;LENGUAZAQUE;18/03/2024;pH;7,56;Unidades de pH;Ideam;29762
RCA_LENGUAZAQUE_CUN_LENGUAZAQUE_BOQUERON [24017610];5,32825;-73,69972222;2590;LENGUAZAQUE;Sogamoso;2401;Río Suárez;CUNDINAMARCA;LENGUAZAQUE;18/03/2024;PLOMO POTENCIALMENTE BIODISPONIBLE;4,36;mg Pb/kg;Ideam;29762
RCA_LENGUAZAQUE_CUN_LENGUAZAQUE_BOQUERON [24017610];5,32825;-73,69972222;2590;LENGUAZAQUE;Sogamoso;2401;Río Suárez;CUNDINAMARCA;LENGUAZAQUE;18/03/2024;SOLIDOS SUSPENDIDOS TOTALES;12;mg/L;Ideam;29762
RCA_LENGUAZAQUE_CUN_LENGUAZAQUE_BOQUERON [24017610];5,32825;-73,69972222;2590;LENGUAZAQUE;Sogamoso;2401;Río Suárez;CUNDINAMARCA;LENGUAZAQUE;18/03/2024;SOLIDOS TOTALES;105;mg/L;Ideam;29762
RCA_LENGUAZAQUE_CUN_LENGUAZAQUE_BOQUERON [24017610];5,32825;-73,69972222;2590;LENGUAZAQUE;Sogamoso;2401;Río Suárez;CUNDINAMARCA;LENGUAZAQUE;18/03/2024;SULFATO;17,7;mg SO4-2/L;Ideam;29762
RCA_LENGUAZAQUE_CUN_LENGUAZAQUE_BOQUERON [24017610];5,32825;-73,69972222;2590;LENGUAZAQUE;Sogamoso;2401;Río Suárez;CUNDINAMARCA;LENGUAZAQUE;18/03/2024;TEMPERATURA;16,4;°C;Ideam;29762
RCA_LENGUAZAQUE_CUN_LENGUAZAQUE_BOQUERON [24017610];5,32825;-73,69972222;2590;LENGUAZAQUE;Sogamoso;2401;Río Suárez;CUNDINAMARCA;LENGUAZAQUE;18/03/2024;TURBIDEZ;11;NTU;Ideam;29762
RCA_LENGUAZAQUE_CUN_LENGUAZAQUE_BOQUERON [24017610];5,32825;-73,69972222;2590;LENGUAZAQUE;Sogamoso;2401;Río Suárez;CUNDINAMARCA;LENGUAZAQUE;18/03/2024;ZINC POTENCIALMENTE BIODISPONIBLE;35,2;mg Zn/kg;Ideam;29762
RCA_LENGUAZAQUE_CUN_LENGUAZAQUE_BOQUERON [24017610];5,32825;-73,69972222;2590;LENGUAZAQUE;Sogamoso;2401;Río Suárez;CUNDINAMARCA;LENGUAZAQUE;24/06/2024;FOSFORO TOTAL;0,19;mg P/L;Ideam;29890
RCA_LENGUAZAQUE_CUN_LENGUAZAQUE_BOQUERON [24017610];5,32825;-73,69972222;2590;LENGUAZAQUE;Sogamoso;2401;Río Suárez;CUNDINAMARCA;LENGUAZAQUE;24/06/2024;NITRITO;0,024;mg N-NO2-/L;Ideam;29890
RCA_LENGUAZAQUE_CUN_LENGUAZAQUE_BOQUERON [24017610];5,32825;-73,69972222;2590;LENGUAZAQUE;Sogamoso;2401;Río Suárez;CUNDINAMARCA;LENGUAZAQUE;24/06/2024;pH;6,78;Unidades de pH;Ideam;29890
RCA_LENGUAZAQUE_CUN_LENGUAZAQUE_BOQUERON [24017610];5,32825;-73,69972222;2590;LENGUAZAQUE;Sogamoso;2401;Río Suárez;CUNDINAMARCA;LENGUAZAQUE;24/06/2024;COBRE POTENCIALMENTE BIODISPONIBLE;4,68;mg Cu/kg;Ideam;29890
RCA_LENGUAZAQUE_CUN_LENGUAZAQUE_BOQUERON [24017610];5,32825;-73,69972222;2590;LENGUAZAQUE;Sogamoso;2401;Río Suárez;CUNDINAMARCA;LENGUAZAQUE;24/06/2024;NIQUEL POTENCIALMENTE BIODISPONIBLE;2,8;mg Ni/kg;Ideam;29890
RCA_LENGUAZAQUE_CUN_LENGUAZAQUE_BOQUERON [24017610];5,32825;-73,69972222;2590;LENGUAZAQUE;Sogamoso;2401;Río Suárez;CUNDINAMARCA;LENGUAZAQUE;24/06/2024;OXIGENO DISUELTO (OD);6,1;mg O2/L;Ideam;29890
RCA_LENGUAZAQUE_CUN_LENGUAZAQUE_BOQUERON [24017610];5,32825;-73,69972222;2590;LENGUAZAQUE;Sogamoso;2401;Río Suárez;CUNDINAMARCA;LENGUAZAQUE;24/06/2024;CADMIO POTENCIALMENTE BIODISPONIBLE;<1;mg Cd/kg;Ideam;29890
RCA_LENGUAZAQUE_CUN_LENGUAZAQUE_BOQUERON [24017610];5,32825;-73,69972222;2590;LENGUAZAQUE;Sogamoso;2401;Río Suárez;CUNDINAMARCA;LENGUAZAQUE;24/06/2024;PLOMO POTENCIALMENTE BIODISPONIBLE;4,41;mg Pb/kg;Ideam;29890
RCA_LENGUAZAQUE_CUN_LENGUAZAQUE_BOQUERON [24017610];5,32825;-73,69972222;2590;LENGUAZAQUE;Sogamoso;2401;Río Suárez;CUNDINAMARCA;LENGUAZAQUE;24/06/2024;MERCURIO TOTAL EN SEDIMENTOS;<0.5;mg Hg/kg;Ideam;29890
RCA_LENGUAZAQUE_CUN_LENGUAZAQUE_BOQUERON [24017610];5,32825;-73,69972222;2590;LENGUAZAQUE;Sogamoso;2401;Río Suárez;CUNDINAMARCA;LENGUAZAQUE;24/06/2024;HIERRO POTENCIALMENTE BIODISPONIBLE;5075;mg Fe/kg;Ideam;29890
RCA_LENGUAZAQUE_CUN_LENGUAZAQUE_BOQUERON [24017610];5,32825;-73,69972222;2590;LENGUAZAQUE;Sogamoso;2401;Río Suárez;CUNDINAMARCA;LENGUAZAQUE;24/06/2024;TEMPERATURA;14,4;°C;Ideam;29890
RCA_LENGUAZAQUE_CUN_LENGUAZAQUE_BOQUERON [24017610];5,32825;-73,69972222;2590;LENGUAZAQUE;Sogamoso;2401;Río Suárez;CUNDINAMARCA;LENGUAZAQUE;24/06/2024;NITROGENO AMONIACAL;0,19;mg N-NH3-/L;Ideam;29890
RCA_LENGUAZAQUE_CUN_LENGUAZAQUE_BOQUERON [24017610];5,32825;-73,69972222;2590;LENGUAZAQUE;Sogamoso;2401;Río Suárez;CUNDINAMARCA;LENGUAZAQUE;24/06/2024;ALUMINIO POTENCIALMENTE BIODISPONIBLE;1377;mg Al/kg;Ideam;29890
RCA_LENGUAZAQUE_CUN_LENGUAZAQUE_BOQUERON [24017610];5,32825;-73,69972222;2590;LENGUAZAQUE;Sogamoso;2401;Río Suárez;CUNDINAMARCA;LENGUAZAQUE;24/06/2024;SOLIDOS SUSPENDIDOS TOTALES;71;mg/L;Ideam;29890
RCA_LENGUAZAQUE_CUN_LENGUAZAQUE_BOQUERON [24017610];5,32825;-73,69972222;2590;LENGUAZAQUE;Sogamoso;2401;Río Suárez;CUNDINAMARCA;LENGUAZAQUE;24/06/2024;TURBIDEZ;65;NTU;Ideam;29890
RCA_LENGUAZAQUE_CUN_LENGUAZAQUE_BOQUERON [24017610];5,32825;-73,69972222;2590;LENGUAZAQUE;Sogamoso;2401;Río Suárez;CUNDINAMARCA;LENGUAZAQUE;24/06/2024;ZINC POTENCIALMENTE BIODISPONIBLE;38,06;mg Zn/kg;Ideam;29890
RCA_LENGUAZAQUE_CUN_LENGUAZAQUE_BOQUERON [24017610];5,32825;-73,69972222;2590;LENGUAZAQUE;Sogamoso;2401;Río Suárez;CUNDINAMARCA;LENGUAZAQUE;24/06/2024;MANGANESO POTENCIALMENTE BIODISPONIBLE;95,21;mg Mn/kg;Ideam;29890
RCA_LENGUAZAQUE_CUN_LENGUAZAQUE_BOQUERON [24017610];5,32825;-73,69972222;2590;LENGUAZAQUE;Sogamoso;2401;Río Suárez;CUNDINAMARCA;LENGUAZAQUE;24/06/2024;FOSFORO REACTIVO DISUELTO;<0.03;mg P-PO4-3/L;Ideam;29890
RCA_LENGUAZAQUE_CUN_LENGUAZAQUE_BOQUERON [24017610];5,32825;-73,69972222;2590;LENGUAZAQUE;Sogamoso;2401;Río Suárez;CUNDINAMARCA;LENGUAZAQUE;24/06/2024;SULFATO;20,911;mg SO4-2/L;Ideam;29890
RCA_LENGUAZAQUE_CUN_LENGUAZAQUE_BOQUERON [24017610];5,32825;-73,69972222;2590;LENGUAZAQUE;Sogamoso;2401;Río Suárez;CUNDINAMARCA;LENGUAZAQUE;24/06/2024;NITROGENO TOTAL;0,69;mg/L;Ideam;29890
RCA_LENGUAZAQUE_CUN_LENGUAZAQUE_BOQUERON [24017610];5,32825;-73,69972222;2590;LENGUAZAQUE;Sogamoso;2401;Río Suárez;CUNDINAMARCA;LENGUAZAQUE;24/06/2024;SOLIDOS TOTALES;172;mg/L;Ideam;29890
RCA_LENGUAZAQUE_CUN_LENGUAZAQUE_BOQUERON [24017610];5,32825;-73,69972222;2590;LENGUAZAQUE;Sogamoso;2401;Río Suárez;CUNDINAMARCA;LENGUAZAQUE;24/06/2024;CARBONO ORGANICO TOTAL (COT);6,72;mg/L;Ideam;29890
RCA_LENGUAZAQUE_CUN_LENGUAZAQUE_BOQUERON [24017610];5,32825;-73,69972222;2590;LENGUAZAQUE;Sogamoso;2401;Río Suárez;CUNDINAMARCA;LENGUAZAQUE;24/06/2024;CROMO POTENCIALMENTE BIODISPONIBLE;2,57;mg Cr/kg;Ideam;29890
RCA_LENGUAZAQUE_CUN_LENGUAZAQUE_BOQUERON [24017610];5,32825;-73,69972222;2590;LENGUAZAQUE;Sogamoso;2401;Río Suárez;CUNDINAMARCA;LENGUAZAQUE;24/06/2024;CONDUCTIVIDAD ELECTRICA;142;µS/cm;Ideam;29890
RCA_LENGUAZAQUE_CUN_LENGUAZAQUE_BOQUERON [24017610];5,32825;-73,69972222;2590;LENGUAZAQUE;Sogamoso;2401;Río Suárez;CUNDINAMARCA;LENGUAZAQUE;24/06/2024;DEMANDA QUIMICA DE OXIGENO (DQO);28;mg O2/L;Ideam;29890
RCA_LENGUAZAQUE_CUN_LENGUAZAQUE_BOQUERON [24017610];5,32825;-73,69972222;2590;LENGUAZAQUE;Sogamoso;2401;Río Suárez;CUNDINAMARCA;LENGUAZAQUE;24/06/2024;NITRATO;0,304;mg N-NO3-/L;Ideam;29890
