estacion,latitud,longitud,altitud_msnm,municipio,area_hidrografica,codigo_area,cuenca,departamento,municipio_estacion,fecha_muestreo,parametro,valor,unidad,fuente,codigo_registro
RCA_LENGUAZAQUE_CUN_LENGUAZAQUE_BOQUERON [24017610],5.32825,-73.69972222,2590,LENGUAZAQUE,Sogamoso,2401,Río Suárez,CUNDINAMARCA,LENGUAZAQUE,2005-04-02,CONDUCTIVIDAD ELECTRICA,130.0,µS/cm,Ideam,11456
RCA_LENGUAZAQUE_CUN_LENGUAZAQUE_BOQUERON [24017610],5.32825,-73.69972222,2590,LENGUAZAQUE,Sogamoso,2401,Río Suárez,CUNDINAMARCA,LENGUAZAQUE,2005-04-02,pH,5.0,Unidades de pH,Ideam,11456
RCA_LENGUAZAQUE_CUN_LENGUAZAQUE_BOQUERON [24017610],5.32825,-73.69972222,2590,LENGUAZAQUE,Sogamoso,2401,Río Suárez,CUNDINAMARCA,LENGUAZAQUE,2005-04-02,OXIGENO DISUELTO (OD),3.0,mg O2/L,Ideam,11456
RCA_LENGUAZAQUE_CUN_LENGUAZAQUE_BOQUERON [24017610],5.32825,-73.69972222,2590,LENGUAZAQUE,Sogamoso,2401,Río Suárez,CUNDINAMARCA,LENGUAZAQUE,2005-04-02,SULFATO,27.2,mg SO4-2/L,Ideam,11456
RCA_LENGUAZAQUE_CUN_LENGUAZAQUE_BOQUERON [24017610],5.32825,-73.69972222,2590,LENGUAZAQUE,Sogamoso,2401,Río Suárez,CUNDINAMARCA,LENGUAZAQUE,2005-04-02,NITROGENO AMONIACAL,0.89,mg N-NH3-/L,Ideam,11456
RCA_LENGUAZAQUE_CUN_LENGUAZAQUE_BOQUERON [24017610],5.32825,-73.69972222,2590,LENGUAZAQUE,Sogamoso,2401,Río Suárez,CUNDINAMARCA,LENGUAZAQUE,2005-04-02,TEMPERATURA,15.2,°C,Ideam,11456
RCA_LENGUAZAQUE_CUN_LENGUAZAQUE_BOQUERON [24017610],5.32825,-73.69972222,2590,LENGUAZAQUE,Sogamoso,2401,Río Suárez,CUNDINAMARCA,LENGUAZAQUE,2005-04-02,NITRITO,0.016,mg N-NO2-/L,Ideam,11456
RCA_LENGUAZAQUE_CUN_LENGUAZAQUE_BOQUERON [24017610],5.32825,-73.69972222,2590,LENGUAZAQUE,Sogamoso,2401,Río Suárez,CUNDINAMARCA,LENGUAZAQUE,2005-04-02,NITRATO,0.18,mg N-NO3-/L,Ideam,11456
RCA_LENGUAZAQUE_CUN_LENGUAZAQUE_BOQUERON [24017610],5.32825,-73.69972222,2590,LENGUAZAQUE,Sogamoso,2401,Río Suárez,CUNDINAMARCA,LENGUAZAQUE,2005-04-02,TURBIDEZ,17.0,NTU,Ideam,11456
RCA_LENGUAZAQUE_CUN_LENGUAZAQUE_BOQUERON [24017610],5.32825,-73.69972222,2590,LENGUAZAQUE,Sogamoso,2401,Río Suárez,CUNDINAMARCA,LENGUAZAQUE,2005-04-02,FOSFORO REACTIVO DISUELTO,,mg P-PO4-3/L,Ideam,11456
RCA_LENGUAZAQUE_CUN_LENGUAZAQUE_BOQUERON [24017610],5.32825,-73.69972222,2590,LENGUAZAQUE,Sogamoso,2401,Río Suárez,CUNDINAMARCA,LENGUAZAQUE,2005-04-02,DEMANDA QUIMICA DE OXIGENO (DQO),,mg O2/L,Ideam,11456
RCA_LENGUAZAQUE_CUN_LENGUAZAQUE_BOQUERON [24017610],5.32825,-73.69972222,2590,LENGUAZAQUE,Sogamoso,2401,Río Suárez,CUNDINAMARCA,LENGUAZAQUE,2005-04-02,SOLIDOS SUSPENDIDOS TOTALES,17.0,mg/L,Ideam,11456
RCA_LENGUAZAQUE_CUN_LENGUAZAQUE_BOQUERON [24017610],5.32825,-73.69972222,2590,LENGUAZAQUE,Sogamoso,2401,Río Suárez,CUNDINAMARCA,LENGUAZAQUE,2005-08-25,FOSFORO REACTIVO DISUELTO,0.033,mg P-PO4-3/L,Ideam,12100
RCA_LENGUAZAQUE_CUN_LENGUAZAQUE_BOQUERON [24017610],5.32825,-73.69972222,2590,LENGUAZAQUE,Sogamoso,2401,Río Suárez,CUNDINAMARCA,LENGUAZAQUE,2005-08-25,SULFATO,34.0,mg SO4-2/L,Ideam,12100
RCA_LENGUAZAQUE_CUN_LENGUAZAQUE_BOQUERON [24017610],5.32825,-73.69972222,2590,LENGUAZAQUE,Sogamoso,2401,Río Suárez,CUNDINAMARCA,LENGUAZAQUE,2005-08-25,NITRITO,0.0063,mg N-NO2-/L,Ideam,12100
RCA_LENGUAZAQUE_CUN_LENGUAZAQUE_BOQUERON [24017610],5.32825,-73.69972222,2590,LENGUAZAQUE,Sogamoso,2401,Río Suárez,CUNDINAMARCA,LENGUAZAQUE,2005-08-25,TEMPERATURA,10.8,°C,Ideam,12100
RCA_LENGUAZAQUE_CUN_LENGUAZAQUE_BOQUERON [24017610],5.32825,-73.69972222,2590,LENGUAZAQUE,Sogamoso,2401,Río Suárez,CUNDINAMARCA,LENGUAZAQUE,2005-08-25,OXIGENO DISUELTO (OD),7.1,mg O2/L,Ideam,12100
RCA_LENGUAZAQUE_CUN_LENGUAZAQUE_BOQUERON [24017610],5.32825,-73.69972222,2590,LENGUAZAQUE,Sogamoso,2401,Río Suárez,CUNDINAMARCA,LENGUAZAQUE,2005-08-25,SOLIDOS SUSPENDIDOS TOTALES,110.0,mg/L,Ideam,12100
RCA_LENGUAZAQUE_CUN_LENGUAZAQUE_BOQUERON [24017610],5.32825,-73.69972222,2590,LENGUAZAQUE,Sogamoso,2401,Río Suárez,CUNDINAMARCA,LENGUAZAQUE,2005-08-25,NITROGENO AMONIACAL,0.15,mg N-NH3-/L,Ideam,12100
RCA_LENGUAZAQUE_CUN_LENGUAZAQUE_BOQUERON [24017610],5.32825,-73.69972222,2590,LENGUAZAQUE,Sogamoso,2401,Río Suárez,CUNDINAMARCA,LENGUAZAQUE,2005-08-25,DEMANDA QUIMICA DE OXIGENO (DQO),48.0,mg O2/L,Ideam,12100
RCA_LENGUAZAQUE_CUN_LENGUAZAQUE_BOQUERON [24017610],5.32825,-73.69972222,2590,LENGUAZAQUE,Sogamoso,2401,Río Suárez,CUNDINAMARCA,LENGUAZAQUE,2005-08-25,pH,7.44,Unidades de pH,Ideam,12100
RCA_LENGUAZAQUE_CUN_LENGUAZAQUE_BOQUERON [24017610],5.32825,-73.69972222,2590,LENGUAZAQUE,Sogamoso,2401,Río Suárez,CUNDINAMARCA,LENGUAZAQUE,2005-08-25,NITRATO,0.26,mg N-NO3-/L,Ideam,12100
RCA_LENGUAZAQUE_CUN_LENGUAZAQUE_BOQUERON [24017610],5.32825,-73.69972222,2590,LENGUAZAQUE,Sogamoso,2401,Río Suárez,CUNDINAMARCA,LENGUAZAQUE,2005-08-25,TURBIDEZ,58.0,NTU,Ideam,12100
RCA_LENGUAZAQUE_CUN_LENGUAZAQUE_BOQUERON [24017610],5.32825,-73.69972222,2590,LENGUAZAQUE,Sogamoso,2401,Río Suárez,CUNDINAMARCA,LENGUAZAQUE,2005-08-25,CONDUCTIVIDAD ELECTRICA,230.0,µS/cm,Ideam,12100
RCA_LENGUAZAQUE_CUN_LENGUAZAQUE_BOQUERON [24017610],5.32825,-73.69972222,2590,LENGUAZAQUE,Sogamoso,2401,Río Suárez,CUNDINAMARCA,LENGUAZAQUE,2006-07-01,DEMANDA QUIMICA DE OXIGENO (DQO),28.0,mg O2/L,Ideam,13604
RCA_LENGUAZAQUE_CUN_LENGUAZAQUE_BOQUERON [24017610],5.32825,-73.69972222,2590,LENGUAZAQUE,Sogamoso,2401,Río Suárez,CUNDINAMARCA,LENGUAZAQUE,2006-07-01,NITRATO,0.45,mg N-NO3-/L,Ideam,13604
RCA_LENGUAZAQUE_CUN_LENGUAZAQUE_BOQUERON [24017610],5.32825,-73.69972222,2590,LENGUAZAQUE,Sogamoso,2401,Río Suárez,CUNDINAMARCA,LENGUAZAQUE,2006-07-01,TURBIDEZ,39.0,NTU,Ideam,13604
RCA_LENGUAZAQUE_CUN_LENGUAZAQUE_BOQUERON [24017610],5.32825,-73.69972222,2590,LENGUAZAQUE,Sogamoso,2401,Río Suárez,CUNDINAMARCA,LENGUAZAQUE,2006-07-01,NITRITO,,mg N-NO2-/L,Ideam,13604
RCA_LENGUAZAQUE_CUN_LENGUAZAQUE_BOQUERON [24017610],5.32825,-73.69972222,2590,LENGUAZAQUE,Sogamoso,2401,Río Suárez,CUNDINAMARCA,LENGUAZAQUE,2006-07-01,FOSFORO REACTIVO DISUELTO,,mg P-PO4-3/L,Ideam,13604
RCA_LENGUAZAQUE_CUN_LENGUAZAQUE_BOQUERON [24017610],5.32825,-73.69972222,2590,LENGUAZAQUE,Sogamoso,2401,Río Suárez,CUNDINAMARCA,LENGUAZAQUE,2006-07-01,NITROGENO AMONIACAL,,mg N-NH3-/L,Ideam,13604
RCA_LENGUAZAQUE_CUN_LENGUAZAQUE_BOQUERON [24017610],5.32825,-73.69972222,2590,LENGUAZAQUE,Sogamoso,2401,Río Suárez,CUNDINAMARCA,LENGUAZAQUE,2006-07-01,TEMPERATURA,15.2,°C,Ideam,13604
RCA_LENGUAZAQUE_CUN_LENGUAZAQUE_BOQUERON [24017610],5.32825,-73.69972222,2590,LENGUAZAQUE,Sogamoso,2401,Río Suárez,CUNDINAMARCA,LENGUAZAQUE,2006-07-01,SOLIDOS SUSPENDIDOS TOTALES,35.0,mg/L,Ideam,13604
RCA_LENGUAZAQUE_CUN_LENGUAZAQUE_BOQUERON [24017610],5.32825,-73.69972222,2590,LENGUAZAQUE,Sogamoso,2401,Río Suárez,CUNDINAMARCA,LENGUAZAQUE,2006-07-01,SULFATO,14.4,mg SO4-2/L,Ideam,13604
RCA_LENGUAZAQUE_CUN_LENGUAZAQUE_BOQUERON [24017610],5.32825,-73.69972222,2590,LENGUAZAQUE,Sogamoso,2401,Río Suárez,CUNDINAMARCA,LENGUAZAQUE,2006-07-01,pH,6.66,Unidades de pH,Ideam,13604
RCA_LENGUAZAQUE_CUN_LENGUAZAQUE_BOQUERON [24017610],5.32825,-73.69972222,2590,LENGUAZAQUE,Sogamoso,2401,Río Suárez,CUNDINAMARCA,LENGUAZAQUE,2006-07-01,CONDUCTIVIDAD ELECTRICA,78.7,µS/cm,Ideam,13604
RCA_LENGUAZAQUE_CUN_LENGUAZAQUE_BOQUERON [24017610],5.32825,-73.69972222,2590,LENGUAZAQUE,Sogamoso,2401,Río Suárez,CUNDINAMARCA,LENGUAZAQUE,2006-07-01,OXIGENO DISUELTO (OD),7.4,mg O2/L,Ideam,13604
RCA_LENGUAZAQUE_CUN_LENGUAZAQUE_BOQUERON [24017610],5.32825,-73.69972222,2590,LENGUAZAQUE,Sogamoso,2401,Río Suárez,CUNDINAMARCA,LENGUAZAQUE,2006-12-15,TURBIDEZ,29.0,NTU,Ideam,14242
RCA_LENGUAZAQUE_CUN_LENGUAZAQUE_BOQUERON [24017610],5.32825,-73.69972222,2590,LENGUAZAQUE,Sogamoso,2401,Río Suárez,CUNDINAMARCA,LENGUAZAQUE,2006-12-15,pH,6.1,Unidades de pH,Ideam,14242
RCA_LENGUAZAQUE_CUN_LENGUAZAQUE_BOQUERON [24017610],5.32825,-73.69972222,2590,LENGUAZAQUE,Sogamoso,2401,Río Suárez,CUNDINAMARCA,LENGUAZAQUE,2006-12-15,DEMANDA QUIMICA DE OXIGENO (DQO),40.0,mg O2/L,Ideam,14242
RCA_LENGUAZAQUE_CUN_LENGUAZAQUE_BOQUERON [24017610],5.32825,-73.69972222,2590,LENGUAZAQUE,Sogamoso,2401,Río Suárez,CUNDINAMARCA,LENGUAZAQUE,2006-12-15,NITROGENO AMONIACAL,0.3,mg N-NH3-/L,Ideam,14242
RCA_LENGUAZAQUE_CUN_LENGUAZAQUE_BOQUERON [24017610],5.32825,-73.69972222,2590,LENGUAZAQUE,Sogamoso,2401,Río Suárez,CUNDINAMARCA,LENGUAZAQUE,2006-12-15,NITRATO,0.45,mg N-NO3-/L,Ideam,14242
RCA_LENGUAZAQUE_CUN_LENGUAZAQUE_BOQUERON [24017610],5.32825,-73.69972222,2590,LENGUAZAQUE,Sogamoso,2401,Río Suárez,CUNDINAMARCA,LENGUAZAQUE,2006-12-15,OXIGENO DISUELTO (OD),7.4,mg O2/L,Ideam,14242
RCA_LENGUAZAQUE_CUN_LENGUAZAQUE_BOQUERON [24017610],5.32825,-73.69972222,2590,LENGUAZAQUE,Sogamoso,2401,Río Suárez,CUNDINAMARCA,LENGUAZAQUE,2006-12-15,SOLIDOS SUSPENDIDOS TOTALES,36.0,mg/L,Ideam,14242
RCA_LENGUAZAQUE_CUN_LENGUAZAQUE_BOQUERON [24017610],5.32825,-73.69972222,2590,LENGUAZAQUE,Sogamoso,2401,Río Suárez,CUNDINAMARCA,LENGUAZAQUE,2006-12-15,TEMPERATURA,14.7,°C,Ideam,14242
RCA_LENGUAZAQUE_CUN_LENGUAZAQUE_BOQUERON [24017610],5.32825,-73.69972222,2590,LENGUAZAQUE,Sogamoso,2401,Río Suárez,CUNDINAMARCA,LENGUAZAQUE,2006-12-15,CONDUCTIVIDAD ELECTRICA,87.9,µS/cm,Ideam,14242
RCA_LENGUAZAQUE_CUN_LENGUAZAQUE_BOQUERON [24017610],5.32825,-73.69972222,2590,LENGUAZAQUE,Sogamoso,2401,Río Suárez,CUNDINAMARCA,LENGUAZAQUE,2006-12-15,NITRITO,0.0091,mg N-NO2-/L,Ideam,14242
RCA_LENGUAZAQUE_CUN_LENGUAZAQUE_BOQUERON [24017610],5.32825,-73.69972222,2590,LENGUAZAQUE,Sogamoso,2401,Río Suárez,CUNDINAMARCA,LENGUAZAQUE,2006-12-15,SULFATO,8.7,mg SO4-2/L,Ideam,14242
RCA_LENGUAZAQUE_CUN_LENGUAZAQUE_BOQUERON [24017610],5.32825,-73.69972222,2590,LENGUAZAQUE,Sogamoso,2401,Río Suárez,CUNDINAMARCA,LENGUAZAQUE,2006-12-15,FOSFORO REACTIVO DISUELTO,,mg P-PO4-3/L,Ideam,14242
RCA_LENGUAZAQUE_CUN_LENGUAZAQUE_BOQUERON [24017610],5.32825,-73.69972222,2590,LENGUAZAQUE,Sogamoso,2401,Río Suárez,CUNDINAMARCA,LENGUAZAQUE,2007-03-15,TURBIDEZ,12.0,NTU,Ideam,14676
RCA_LENGUAZAQUE_CUN_LENGUAZAQUE_BOQUERON [24017610],5.32825,-73.69972222,2590,LENGUAZAQUE,Sogamoso,2401,Río Suárez,CUNDINAMARCA,LENGUAZAQUE,2007-03-15,FOSFORO REACTIVO DISUELTO,0.062,mg P-PO4-3/L,Ideam,14676
RCA_LENGUAZAQUE_CUN_LENGUAZAQUE_BOQUERON [24017610],5.32825,-73.69972222,2590,LENGUAZAQUE,Sogamoso,2401,Río Suárez,CUNDINAMARCA,LENGUAZAQUE,2007-03-15,NITROGENO AMONIACAL,0.72,mg N-NH3-/L,Ideam,14676
RCA_LENGUAZAQUE_CUN_LENGUAZAQUE_BOQUERON [24017610],5.32825,-73.69972222,2590,LENGUAZAQUE,Sogamoso,2401,Río Suárez,CUNDINAMARCA,LENGUAZAQUE,2007-03-15,NITRATO,0.25,mg N-NO3-/L,Ideam,14676
RCA_LENGUAZAQUE_CUN_LENGUAZAQUE_BOQUERON [24017610],5.32825,-73.69972222,2590,LENGUAZAQUE,Sogamoso,2401,Río Suárez,CUNDINAMARCA,LENGUAZAQUE,2007-03-15,TEMPERATURA,14.1,°C,Ideam,14676
RCA_LENGUAZAQUE_CUN_LENGUAZAQUE_BOQUERON [24017610],5.32825,-73.69972222,2590,LENGUAZAQUE,Sogamoso,2401,Río Suárez,CUNDINAMARCA,LENGUAZAQUE,2007-03-15,SULFATO,16.0,mg SO4-2/L,Ideam,14676
RCA_LENGUAZAQUE_CUN_LENGUAZAQUE_BOQUERON [24017610],5.32825,-73.69972222,2590,LENGUAZAQUE,Sogamoso,2401,Río Suárez,CUNDINAMARCA,LENGUAZAQUE,2007-03-15,SOLIDOS SUSPENDIDOS TOTALES,69.0,mg/L,Ideam,14676
RCA_LENGUAZAQUE_CUN_LENGUAZAQUE_BOQUERON [24017610],5.32825,-73.69972222,2590,LENGUAZAQUE,Sogamoso,2401,Río Suárez,CUNDINAMARCA,LENGUAZAQUE,2007-03-15,CONDUCTIVIDAD ELECTRICA,98.6,µS/cm,Ideam,14676
RCA_LENGUAZAQUE_CUN_LENGUAZAQUE_BOQUERON [24017610],5.32825,-73.69972222,2590,LENGUAZAQUE,Sogamoso,2401,Río Suárez,CUNDINAMARCA,LENGUAZAQUE,2007-03-15,NITRITO,,mg N-NO2-/L,Ideam,14676
RCA_LENGUAZAQUE_CUN_LENGUAZAQUE_BOQUERON [24017610],5.32825,-73.69972222,2590,LENGUAZAQUE,Sogamoso,2401,Río Suárez,CUNDINAMARCA,LENGUAZAQUE,2007-03-15,DEMANDA QUIMICA DE OXIGENO (DQO),17.0,mg O2/L,Ideam,14676
RCA_LENGUAZAQUE_CUN_LENGUAZAQUE_BOQUERON [24017610],5.32825,-73.69972222,2590,LENGUAZAQUE,Sogamoso,2401,Río Suárez,CUNDINAMARCA,LENGUAZAQUE,2007-06-25,DEMANDA QUIMICA DE OXIGENO (DQO),41.0,mg O2/L,Ideam,15094
RCA_LENGUAZAQUE_CUN_LENGUAZAQUE_BOQUERON [24017610],5.32825,-73.69972222,2590,LENGUAZAQUE,Sogamoso,2401,Río Suárez,CUNDINAMARCA,LENGUAZAQUE,2007-06-25,SULFATO,12.0,mg SO4-2/L,Ideam,15094
RCA_LENGUAZAQUE_CUN_LENGUAZAQUE_BOQUERON [24017610],5.32825,-73.69972222,2590,LENGUAZAQUE,Sogamoso,2401,Río Suárez,CUNDINAMARCA,LENGUAZAQUE,2007-06-25,TURBIDEZ,38.0,NTU,Ideam,15094
RCA_LENGUAZAQUE_CUN_LENGUAZAQUE_BOQUERON [24017610],5.32825,-73.69972222,2590,LENGUAZAQUE,Sogamoso,2401,Río Suárez,CUNDINAMARCA,LENGUAZAQUE,2007-06-25,FOSFORO REACTIVO DISUELTO,,mg P-PO4-3/L,Ideam,15094
RCA_LENGUAZAQUE_CUN_LENGUAZAQUE_BOQUERON [24017610],5.32825,-73.69972222,2590,LENGUAZAQUE,Sogamoso,2401,Río Suárez,CUNDINAMARCA,LENGUAZAQUE,2007-06-25,NITROGENO AMONIACAL,,mg N-NH3-/L,Ideam,15094
RCA_LENGUAZAQUE_CUN_LENGUAZAQUE_BOQUERON [24017610],5.32825,-73.69972222,2590,LENGUAZAQUE,Sogamoso,2401,Río Suárez,CUNDINAMARCA,LENGUAZAQUE,2007-06-25,NITRATO,0.4,mg N-NO3-/L,Ideam,15094
RCA_LENGUAZAQUE_CUN_LENGUAZAQUE_BOQUERON [24017610],5.32825,-73.69972222,2590,LENGUAZAQUE,Sogamoso,2401,Río Suárez,CUNDINAMARCA,LENGUAZAQUE,2007-06-25,SOLIDOS SUSPENDIDOS TOTALES,32.0,mg/L,Ideam,15094
RCA_LENGUAZAQUE_CUN_LENGUAZAQUE_BOQUERON [24017610],5.32825,-73.69972222,2590,LENGUAZAQUE,Sogamoso,2401,Río Suárez,CUNDINAMARCA,LENGUAZAQUE,2007-06-25,pH,5.44,Unidades de pH,Ideam,15094
RCA_LENGUAZAQUE_CUN_LENGUAZAQUE_BOQUERON [24017610],5.32825,-73.69972222,2590,LENGUAZAQUE,Sogamoso,2401,Río Suárez,CUNDINAMARCA,LENGUAZAQUE,2007-06-25,TEMPERATURA,14.2,°C,Ideam,15094
RCA_LENGUAZAQUE_CUN_LENGUAZAQUE_BOQUERON [24017610],5.32825,-73.69972222,2590,LENGUAZAQUE,Sogamoso,2401,Río Suárez,CUNDINAMARCA,LENGUAZAQUE,2007-06-25,NITRITO,0.01,mg N-NO2-/L,Ideam,15094
RCA_LENGUAZAQUE_CUN_LENGUAZAQUE_BOQUERON [24017610],5.32825,-73.69972222,2590,LENGUAZAQUE,Sogamoso,2401,Río Suárez,CUNDINAMARCA,LENGUAZAQUE,2007-06-25,CONDUCTIVIDAD ELECTRICA,73.9,µS/cm,Ideam,15094
RCA_LENGUAZAQUE_CUN_LENGUAZAQUE_BOQUERON [24017610],5.32825,-73.69972222,2590,LENGUAZAQUE,Sogamoso,2401,Río Suárez,CUNDINAMARCA,LENGUAZAQUE,2007-10-30,NITROGENO AMONIACAL,,mg N-NH3-/L,Ideam,15599
RCA_LENGUAZAQUE_CUN_LENGUAZAQUE_BOQUERON [24017610],5.32825,-73.69972222,2590,LENGUAZAQUE,Sogamoso,2401,Río Suárez,CUNDINAMARCA,LENGUAZAQUE,2007-10-30,FOSFORO REACTIVO DISUELTO,,mg P-PO4-3/L,Ideam,15599
RCA_LENGUAZAQUE_CUN_LENGUAZAQUE_BOQUERON [24017610],5.32825,-73.69972222,2590,LENGUAZAQUE,Sogamoso,2401,Río Suárez,CUNDINAMARCA,LENGUAZAQUE,2007-10-30,pH,6.06,Unidades de pH,Ideam,15599
RCA_LENGUAZAQUE_CUN_LENGUAZAQUE_BOQUERON [24017610],5.32825,-73.69972222,2590,LENGUAZAQUE,Sogamoso,2401,Río Suárez,CUNDINAMARCA,LENGUAZAQUE,2007-10-30,DEMANDA QUIMICA DE OXIGENO (DQO),30.0,mg O2/L,Ideam,15599
RCA_LENGUAZAQUE_CUN_LENGUAZAQUE_BOQUERON [24017610],5.32825,-73.69972222,2590,LENGUAZAQUE,Sogamoso,2401,Río Suárez,CUNDINAMARCA,LENGUAZAQUE,2007-10-30,TURBIDEZ,71.0,NTU,Ideam,15599
RCA_LENGUAZAQUE_CUN_LENGUAZAQUE_BOQUERON [24017610],5.32825,-73.69972222,2590,LENGUAZAQUE,Sogamoso,2401,Río Suárez,CUNDINAMARCA,LENGUAZAQUE,2007-10-30,OXIGENO DISUELTO (OD),6.8,mg O2/L,Ideam,15599
RCA_LENGUAZAQUE_CUN_LENGUAZAQUE_BOQUERON [24017610],5.32825,-73.69972222,2590,LENGUAZAQUE,Sogamoso,2401,Río Suárez,CUNDINAMARCA,LENGUAZAQUE,2007-10-30,CONDUCTIVIDAD ELECTRICA,104.0,µS/cm,Ideam,15599
RCA_LENGUAZAQUE_CUN_LENGUAZAQUE_BOQUERON [24017610],5.32825,-73.69972222,2590,LENGUAZAQUE,Sogamoso,2401,Río Suárez,CUNDINAMARCA,LENGUAZAQUE,2007-10-30,NITRATO,0.72,mg N-NO3-/L,Ideam,15599
RCA_LENGUAZAQUE_CUN_LENGUAZAQUE_BOQUERON [24017610],5.32825,-73.69972222,2590,LENGUAZAQUE,Sogamoso,2401,Río Suárez,CUNDINAMARCA,LENGUAZAQUE,2007-10-30,NITRITO,0.0062,mg N-NO2-/L,Ideam,15599
RCA_LENGUAZAQUE_CUN_LENGUAZAQUE_BOQUERON [24017610],5.32825,-73.69972222,2590,LENGUAZAQUE,Sogamoso,2401,Río Suárez,CUNDINAMARCA,LENGUAZAQUE,2007-10-30,TEMPERATURA,15.5,°C,Ideam,15599
RCA_LENGUAZAQUE_CUN_LENGUAZAQUE_BOQUERON [24017610],5.32825,-73.69972222,2590,LENGUAZAQUE,Sogamoso,2401,Río Suárez,CUNDINAMARCA,LENGUAZAQUE,2007-10-30,SOLIDOS SUSPENDIDOS TOTALES,49.0,mg/L,Ideam,15599
RCA_LENGUAZAQUE_CUN_LENGUAZAQUE_BOQUERON [24017610],5.32825,-73.69972222,2590,LENGUAZAQUE,Sogamoso,2401,Río Suárez,CUNDINAMARCA,LENGUAZAQUE,2007-10-30,SULFATO,18.0,mg SO4-2/L,Ideam,15599
RCA_LENGUAZAQUE_CUN_LENGUAZAQUE_BOQUERON [24017610],5.32825,-73.69972222,2590,LENGUAZAQUE,Sogamoso,2401,Río Suárez,CUNDINAMARCA,LENGUAZAQUE,2007-12-13,SOLIDOS SUSPENDIDOS TOTALES,23.0,mg/L,Ideam,15739
RCA_LENGUAZAQUE_CUN_LENGUAZAQUE_BOQUERON [24017610],5.32825,-73.69972222,2590,LENGUAZAQUE,Sogamoso,2401,Río Suárez,CUNDINAMARCA,LENGUAZAQUE,2007-12-13,FOSFORO REACTIVO DISUELTO,,mg P-PO4-3/L,Ideam,15739
RCA_LENGUAZAQUE_CUN_LENGUAZAQUE_BOQUERON [24017610],5.32825,-73.69972222,2590,LENGUAZAQUE,Sogamoso,2401,Río Suárez,CUNDINAMARCA,LENGUAZAQUE,2007-12-13,CONDUCTIVIDAD ELECTRICA,120.0,µS/cm,Ideam,15739
RCA_LENGUAZAQUE_CUN_LENGUAZAQUE_BOQUERON [24017610],5.32825,-73.69972222,2590,LENGUAZAQUE,Sogamoso,2401,Río Suárez,CUNDINAMARCA,LENGUAZAQUE,2007-12-13,NITRITO,0.018,mg N-NO2-/L,Ideam,15739
RCA_LENGUAZAQUE_CUN_LENGUAZAQUE_BOQUERON [24017610],5.32825,-73.69972222,2590,LENGUAZAQUE,Sogamoso,2401,Río Suárez,CUNDINAMARCA,LENGUAZAQUE,2007-12-13,TEMPERATURA,14.6,°C,Ideam,15739
RCA_LENGUAZAQUE_CUN_LENGUAZAQUE_BOQUERON [24017610],5.32825,-73.69972222,2590,LENGUAZAQUE,Sogamoso,2401,Río Suárez,CUNDINAMARCA,LENGUAZAQUE,2007-12-13,DEMANDA QUIMICA DE OXIGENO (DQO),24.0,mg O2/L,Ideam,15739
RCA_LENGUAZAQUE_CUN_LENGUAZAQUE_BOQUERON [24017610],5.32825,-73.69972222,2590,LENGUAZAQUE,Sogamoso,2401,Río Suárez,CUNDINAMARCA,LENGUAZAQUE,2007-12-13,OXIGENO DISUELTO (OD),4.7,mg O2/L,Ideam,15739
RCA_LENGUAZAQUE_CUN_LENGUAZAQUE_BOQUERON [24017610],5.32825,-73.69972222,2590,LENGUAZAQUE,Sogamoso,2401,Río Suárez,CUNDINAMARCA,LENGUAZAQUE,2007-12-13,SULFATO,23.0,mg SO4-2/L,Ideam,15739
RCA_LENGUAZAQUE_CUN_LENGUAZAQUE_BOQUERON [24017610],5.32825,-73.69972222,2590,LENGUAZAQUE,Sogamoso,2401,Río Suárez,CUNDINAMARCA,LENGUAZAQUE,2007-12-13,TURBIDEZ,30.0,NTU,Ideam,15739
RCA_LENGUAZAQUE_CUN_LENGUAZAQUE_BOQUERON [24017610],5.32825,-73.69972222,2590,LENGUAZAQUE,Sogamoso,2401,Río Suárez,CUNDINAMARCA,LENGUAZAQUE,2007-12-13,NITROGENO AMONIACAL,,mg N-NH3-/L,Ideam,15739
RCA_LENGUAZAQUE_CUN_LENGUAZAQUE_BOQUERON [24017610],5.32825,-73.69972222,2590,LENGUAZAQUE,Sogamoso,2401,Río Suárez,CUNDINAMARCA,LENGUAZAQUE,2007-12-13,NITRATO,0.47,mg N-NO3-/L,Ideam,15739
RCA_LENGUAZAQUE_CUN_LENGUAZAQUE_BOQUERON [24017610],5.32825,-73.69972222,2590,LENGUAZAQUE,Sogamoso,2401,Río Suárez,CUNDINAMARCA,LENGUAZAQUE,2007-12-13,pH,6.07,Unidades de pH,Ideam,15739
RCA_LENGUAZAQUE_CUN_LENGUAZAQUE_BOQUERON [24017610],5.32825,-73.69972222,2590,LENGUAZAQUE,Sogamoso,2401,Río Suárez,CUNDINAMARCA,LENGUAZAQUE,2008-04-22,OXIGENO DISUELTO (OD),6.4,mg O2/L,Ideam,16189
RCA_LENGUAZAQUE_CUN_LENGUAZAQUE_BOQUERON [24017610],5.32825,-73.69972222,2590,LENGUAZAQUE,Sogamoso,2401,Río Suárez,CUNDINAMARCA,LENGUAZAQUE,2008-04-22,SULFATO,17.0,mg SO4-2/L,Ideam,16189
RCA_LENGUAZAQUE_CUN_LENGUAZAQUE_BOQUERON [24017610],5.32825,-73.69972222,2590,LENGUAZAQUE,Sogamoso,2401,Río Suárez,CUNDINAMARCA,LENGUAZAQUE,2008-04-22,DEMANDA QUIMICA DE OXIGENO (DQO),21.0,mg O2/L,Ideam,16189
RCA_LENGUAZAQUE_CUN_LENGUAZAQUE_BOQUERON [24017610],5.32825,-73.69972222,2590,LENGUAZAQUE,Sogamoso,2401,Río Suárez,CUNDINAMARCA,LENGUAZAQUE,2008-04-22,NITRATO,0.45,mg N-NO3-/L,Ideam,16189
RCA_LENGUAZAQUE_CUN_LENGUAZAQUE_BOQUERON [24017610],5.32825,-73.69972222,2590,LENGUAZAQUE,Sogamoso,2401,Río Suárez,CUNDINAMARCA,LENGUAZAQUE,2008-04-22,NITROGENO AMONIACAL,0.78,mg N-NH3-/L,Ideam,16189
RCA_LENGUAZAQUE_CUN_LENGUAZAQUE_BOQUERON [24017610],5.32825,-73.69972222,2590,LENGUAZAQUE,Sogamoso,2401,Río Suárez,CUNDINAMARCA,LENGUAZAQUE,2008-04-22,CONDUCTIVIDAD ELECTRICA,114.0,µS/cm,Ideam,16189
RCA_LENGUAZAQUE_CUN_LENGUAZAQUE_BOQUERON [24017610],5.32825,-73.69972222,2590,LENGUAZAQUE,Sogamoso,2401,Río Suárez,CUNDINAMARCA,LENGUAZAQUE,2008-04-22,pH,6.57,unidades de pH,Ideam,16189
RCA_LENGUAZAQUE_CUN_LENGUAZAQUE_BOQUERON [24017610],5.32825,-73.69972222,2590,LENGUAZAQUE,Sogamoso,2401,Río Suárez,CUNDINAMARCA,LENGUAZAQUE,2008-04-22,TURBIDEZ,12.0,NTU,Ideam,16189
RCA_LENGUAZAQUE_CUN_LENGUAZAQUE_BOQUERON [24017610],5.32825,-73.69972222,2590,LENGUAZAQUE,Sogamoso,2401,Río Suárez,CUNDINAMARCA,LENGUAZAQUE,2008-04-22,SOLIDOS SUSPENDIDOS TOTALES,5.2,mg/L,Ideam,16189
RCA_LENGUAZAQUE_CUN_LENGUAZAQUE_BOQUERON [24017610],5.32825,-73.69972222,2590,LENGUAZAQUE,Sogamoso,2401,Río Suárez,CUNDINAMARCA,LENGUAZAQUE,2008-04-22,TEMPERATURA,15.5,°C,Ideam,16189
RCA_LENGUAZAQUE_CUN_LENGUAZAQUE_BOQUERON [24017610],5.32825,-73.69972222,2590,LENGUAZAQUE,Sogamoso,2401,Río Suárez,CUNDINAMARCA,LENGUAZAQUE,2008-04-22,NITRITO,0.024,mg/L,Ideam,16189
RCA_LENGUAZAQUE_CUN_LENGUAZAQUE_BOQUERON [24017610],5.32825,-73.69972222,2590,LENGUAZAQUE,Sogamoso,2401,Río Suárez,CUNDINAMARCA,LENGUAZAQUE,2008-04-22,FOSFORO REACTIVO DISUELTO,0.069,mg P-PO4-3/L,Ideam,16189
RCA_LENGUAZAQUE_CUN_LENGUAZAQUE_BOQUERON [24017610],5.32825,-73.69972222,2590,LENGUAZAQUE,Sogamoso,2401,Río Suárez,CUNDINAMARCA,LENGUAZAQUE,2008-07-22,NITROGENO AMONIACAL,,mg N-NH3-/L,Ideam,16532
RCA_LENGUAZAQUE_CUN_LENGUAZAQUE_BOQUERON [24017610],5.32825,-73.69972222,2590,LENGUAZAQUE,Sogamoso,2401,Río Suárez,CUNDINAMARCA,LENGUAZAQUE,2008-07-22,SOLIDOS SUSPENDIDOS TOTALES,36.0,mg/L,Ideam,16532
RCA_LENGUAZAQUE_CUN_LENGUAZAQUE_BOQUERON [24017610],5.32825,-73.69972222,2590,LENGUAZAQUE,Sogamoso,2401,Río Suárez,CUNDINAMARCA,LENGUAZAQUE,2008-07-22,SULFATO,11.0,mg SO4-2/L,Ideam,16532
RCA_LENGUAZAQUE_CUN_LENGUAZAQUE_BOQUERON [24017610],5.32825,-73.69972222,2590,LENGUAZAQUE,Sogamoso,2401,Río Suárez,CUNDINAMARCA,LENGUAZAQUE,2008-07-22,TEMPERATURA,13.0,°C,Ideam,16532
RCA_LENGUAZAQUE_CUN_LENGUAZAQUE_BOQUERON [24017610],5.32825,-73.69972222,2590,LENGUAZAQUE,Sogamoso,2401,Río Suárez,CUNDINAMARCA,LENGUAZAQUE,2008-07-22,TURBIDEZ,34.0,NTU,Ideam,16532
RCA_LENGUAZAQUE_CUN_LENGUAZAQUE_BOQUERON [24017610],5.32825,-73.69972222,2590,LENGUAZAQUE,Sogamoso,2401,Río Suárez,CUNDINAMARCA,LENGUAZAQUE,2008-07-22,CONDUCTIVIDAD ELECTRICA,93.9,µS/cm,Ideam,16532
RCA_LENGUAZAQUE_CUN_LENGUAZAQUE_BOQUERON [24017610],5.32825,-73.69972222,2590,LENGUAZAQUE,Sogamoso,2401,Río Suárez,CUNDINAMARCA,LENGUAZAQUE,2008-07-22,OXIGENO DISUELTO (OD),6.5,mg O2/L,Ideam,16532
RCA_LENGUAZAQUE_CUN_LENGUAZAQUE_BOQUERON [24017610],5.32825,-73.69972222,2590,LENGUAZAQUE,Sogamoso,2401,Río Suárez,CUNDINAMARCA,LENGUAZAQUE,2008-07-22,NITRITO,0.0066,mg/L,Ideam,16532
RCA_LENGUAZAQUE_CUN_LENGUAZAQUE_BOQUERON [24017610],5.32825,-73.69972222,2590,LENGUAZAQUE,Sogamoso,2401,Río Suárez,CUNDINAMARCA,LENGUAZAQUE,2008-07-22,pH,6.17,unidades de pH,Ideam,16532
RCA_LENGUAZAQUE_CUN_LENGUAZAQUE_BOQUERON [24017610],5.32825,-73.69972222,2590,LENGUAZAQUE,Sogamoso,2401,Río Suárez,CUNDINAMARCA,LENGUAZAQUE,2008-07-22,DEMANDA QUIMICA DE OXIGENO (DQO),61.0,mg O2/L,Ideam,16532
RCA_LENGUAZAQUE_CUN_LENGUAZAQUE_BOQUERON [24017610],5.32825,-73.69972222,2590,LENGUAZAQUE,Sogamoso,2401,Río Suárez,CUNDINAMARCA,LENGUAZAQUE,2008-07-22,FOSFORO REACTIVO DISUELTO,,mg P-PO4-3/L,Ideam,16532
RCA_LENGUAZAQUE_CUN_LENGUAZAQUE_BOQUERON [24017610],5.32825,-73.69972222,2590,LENGUAZAQUE,Sogamoso,2401,Río Suárez,CUNDINAMARCA,LENGUAZAQUE,2008-07-22,NITRATO,0.36,mg N-NO3-/L,Ideam,16532
RCA_LENGUAZAQUE_CUN_LENGUAZAQUE_BOQUERON [24017610],5.32825,-73.69972222,2590,LENGUAZAQUE,Sogamoso,2401,Río Suárez,CUNDINAMARCA,LENGUAZAQUE,2008-09-22,pH,6.07,unidades de pH,Ideam,16742
RCA_LENGUAZAQUE_CUN_LENGUAZAQUE_BOQUERON [24017610],5.32825,-73.69972222,2590,LENGUAZAQUE,Sogamoso,2401,Río Suárez,CUNDINAMARCA,LENGUAZAQUE,2008-09-22,OXIGENO DISUELTO (OD),4.4,mg O2/L,Ideam,16742
RCA_LENGUAZAQUE_CUN_LENGUAZAQUE_BOQUERON [24017610],5.32825,-73.69972222,2590,LENGUAZAQUE,Sogamoso,2401,Río Suárez,CUNDINAMARCA,LENGUAZAQUE,2008-09-22,NITRATO,0.37,mg N-NO3-/L,Ideam,16742
RCA_LENGUAZAQUE_CUN_LENGUAZAQUE_BOQUERON [24017610],5.32825,-73.69972222,2590,LENGUAZAQUE,Sogamoso,2401,Río Suárez,CUNDINAMARCA,LENGUAZAQUE,2008-09-22,NITROGENO AMONIACAL,,mg N-NH3-/L,Ideam,16742
RCA_LENGUAZAQUE_CUN_LENGUAZAQUE_BOQUERON [24017610],5.32825,-73.69972222,2590,LENGUAZAQUE,Sogamoso,2401,Río Suárez,CUNDINAMARCA,LENGUAZAQUE,2008-09-22,NITRITO,0.0091,mg/L,Ideam,16742
RCA_LENGUAZAQUE_CUN_LENGUAZAQUE_BOQUERON [24017610],5.32825,-73.69972222,2590,LENGUAZAQUE,Sogamoso,2401,Río Suárez,CUNDINAMARCA,LENGUAZAQUE,2008-09-22,SOLIDOS SUSPENDIDOS TOTALES,30.0,mg/L,Ideam,16742
RCA_LENGUAZAQUE_CUN_LENGUAZAQUE_BOQUERON [24017610],5.32825,-73.69972222,2590,LENGUAZAQUE,Sogamoso,2401,Río Suárez,CUNDINAMARCA,LENGUAZAQUE,2008-09-22,TURBIDEZ,16.0,NTU,Ideam,16742
RCA_LENGUAZAQUE_CUN_LENGUAZAQUE_BOQUERON [24017610],5.32825,-73.69972222,2590,LENGUAZAQUE,Sogamoso,2401,Río Suárez,CUNDINAMARCA,LENGUAZAQUE,2008-09-22,TEMPERATURA,14.6,°C,Ideam,16742
RCA_LENGUAZAQUE_CUN_LENGUAZAQUE_BOQUERON [24017610],5.32825,-73.69972222,2590,LENGUAZAQUE,Sogamoso,2401,Río Suárez,CUNDINAMARCA,LENGUAZAQUE,2008-09-22,SULFATO,20.0,mg SO4-2/L,Ideam,16742
RCA_LENGUAZAQUE_CUN_LENGUAZAQUE_BOQUERON [24017610],5.32825,-73.69972222,2590,LENGUAZAQUE,Sogamoso,2401,Río Suárez,CUNDINAMARCA,LENGUAZAQUE,2008-09-22,CONDUCTIVIDAD ELECTRICA,113.0,µS/cm,Ideam,16742
RCA_LENGUAZAQUE_CUN_LENGUAZAQUE_BOQUERON [24017610],5.32825,-73.69972222,2590,LENGUAZAQUE,Sogamoso,2401,Río Suárez,CUNDINAMARCA,LENGUAZAQUE,2008-09-22,DEMANDA QUIMICA DE OXIGENO (DQO),25.0,mg O2/L,Ideam,16742
RCA_LENGUAZAQUE_CUN_LENGUAZAQUE_BOQUERON [24017610],5.32825,-73.69972222,2590,LENGUAZAQUE,Sogamoso,2401,Río Suárez,CUNDINAMARCA,LENGUAZAQUE,2008-12-10,DEMANDA QUIMICA DE OXIGENO (DQO),17.0,mg O2/L,Ideam,17084
RCA_LENGUAZAQUE_CUN_LENGUAZAQUE_BOQUERON [24017610],5.32825,-73.69972222,2590,LENGUAZAQUE,Sogamoso,2401,Río Suárez,CUNDINAMARCA,LENGUAZAQUE,2008-12-10,NITRITO,,mg/L,Ideam,17084
RCA_LENGUAZAQUE_CUN_LENGUAZAQUE_BOQUERON [24017610],5.32825,-73.69972222,2590,LENGUAZAQUE,Sogamoso,2401,Río Suárez,CUNDINAMARCA,LENGUAZAQUE,2008-12-10,SULFATO,22.0,mg SO4-2/L,Ideam,17084
RCA_LENGUAZAQUE_CUN_LENGUAZAQUE_BOQUERON [24017610],5.32825,-73.69972222,2590,LENGUAZAQUE,Sogamoso,2401,Río Suárez,CUNDINAMARCA,LENGUAZAQUE,2008-12-10,SOLIDOS SUSPENDIDOS TOTALES,38.0,mg/L,Ideam,17084
RCA_LENGUAZAQUE_CUN_LENGUAZAQUE_BOQUERON [24017610],5.32825,-73.69972222,2590,LENGUAZAQUE,Sogamoso,2401,Río Suárez,CUNDINAMARCA,LENGUAZAQUE,2008-12-10,pH,6.26,unidades de pH,Ideam,17084
RCA_LENGUAZAQUE_CUN_LENGUAZAQUE_BOQUERON [24017610],5.32825,-73.69972222,2590,LENGUAZAQUE,Sogamoso,2401,Río Suárez,CUNDINAMARCA,LENGUAZAQUE,2008-12-10,TEMPERATURA,14.7,°C,Ideam,17084
RCA_LENGUAZAQUE_CUN_LENGUAZAQUE_BOQUERON [24017610],5.32825,-73.69972222,2590,LENGUAZAQUE,Sogamoso,2401,Río Suárez,CUNDINAMARCA,LENGUAZAQUE,2008-12-10,TURBIDEZ,37.0,NTU,Ideam,17084
RCA_LENGUAZAQUE_CUN_LENGUAZAQUE_BOQUERON [24017610],5.32825,-73.69972222,2590,LENGUAZAQUE,Sogamoso,2401,Río Suárez,CUNDINAMARCA,LENGUAZAQUE,2008-12-10,CONDUCTIVIDAD ELECTRICA,109.0,µS/cm,Ideam,17084
RCA_LENGUAZAQUE_CUN_LENGUAZAQUE_BOQUERON [24017610],5.32825,-73.69972222,2590,LENGUAZAQUE,Sogamoso,2401,Río Suárez,CUNDINAMARCA,LENGUAZAQUE,2008-12-10,NITRATO,0.4,mg N-NO3-/L,Ideam,17084
RCA_LENGUAZAQUE_CUN_LENGUAZAQUE_BOQUERON [24017610],5.32825,-73.69972222,2590,LENGUAZAQUE,Sogamoso,2401,Río Suárez,CUNDINAMARCA,LENGUAZAQUE,2008-12-10,OXIGENO DISUELTO (OD),5.7,mg O2/L,Ideam,17084
RCA_LENGUAZAQUE_CUN_LENGUAZAQUE_BOQUERON [24017610],5.32825,-73.69972222,2590,LENGUAZAQUE,Sogamoso,2401,Río Suárez,CUNDINAMARCA,LENGUAZAQUE,2008-12-10,FOSFORO REACTIVO DISUELTO,,mg P-PO4-3/L,Ideam,17084
RCA_LENGUAZAQUE_CUN_LENGUAZAQUE_BOQUERON [24017610],5.32825,-73.69972222,2590,LENGUAZAQUE,Sogamoso,2401,Río Suárez,CUNDINAMARCA,LENGUAZAQUE,2008-12-10,NITROGENO AMONIACAL,,mg N-NH3-/L,Ideam,17084
RCA_LENGUAZAQUE_CUN_LENGUAZAQUE_BOQUERON [24017610],5.32825,-73.69972222,2590,LENGUAZAQUE,Sogamoso,2401,Río Suárez,CUNDINAMARCA,LENGUAZAQUE,2009-03-24,NITRATO,0.42,mg N-NO3-/L,Ideam,17382
RCA_LENGUAZAQUE_CUN_LENGUAZAQUE_BOQUERON [24017610],5.32825,-73.69972222,2590,LENGUAZAQUE,Sogamoso,2401,Río Suárez,CUNDINAMARCA,LENGUAZAQUE,2009-03-24,TEMPERATURA,14.7,°C,Ideam,17382
RCA_LENGUAZAQUE_CUN_LENGUAZAQUE_BOQUERON [24017610],5.32825,-73.69972222,2590,LENGUAZAQUE,Sogamoso,2401,Río Suárez,CUNDINAMARCA,LENGUAZAQUE,2009-03-24,NITRITO,0.012,mg/L,Ideam,17382
RCA_LENGUAZAQUE_CUN_LENGUAZAQUE_BOQUERON [24017610],5.32825,-73.69972222,2590,LENGUAZAQUE,Sogamoso,2401,Río Suárez,CUNDINAMARCA,LENGUAZAQUE,2009-03-24,CONDUCTIVIDAD ELECTRICA,124.0,µS/cm,Ideam,17382
RCA_LENGUAZAQUE_CUN_LENGUAZAQUE_BOQUERON [24017610],5.32825,-73.69972222,2590,LENGUAZAQUE,Sogamoso,2401,Río Suárez,CUNDINAMARCA,LENGUAZAQUE,2009-03-24,FOSFORO TOTAL,0.073,mg P/L,Ideam,17382
RCA_LENGUAZAQUE_CUN_LENGUAZAQUE_BOQUERON [24017610],5.32825,-73.69972222,2590,LENGUAZAQUE,Sogamoso,2401,Río Suárez,CUNDINAMARCA,LENGUAZAQUE,2009-03-24,OXIGENO DISUELTO (OD),6.0,mg O2/L,Ideam,17382
RCA_LENGUAZAQUE_CUN_LENGUAZAQUE_BOQUERON [24017610],5.32825,-73.69972222,2590,LENGUAZAQUE,Sogamoso,2401,Río Suárez,CUNDINAMARCA,LENGUAZAQUE,2009-03-24,SOLIDOS SUSPENDIDOS TOTALES,9.7,mg/L,Ideam,17382
RCA_LENGUAZAQUE_CUN_LENGUAZAQUE_BOQUERON [24017610],5.32825,-73.69972222,2590,LENGUAZAQUE,Sogamoso,2401,Río Suárez,CUNDINAMARCA,LENGUAZAQUE,2009-03-24,FOSFORO REACTIVO DISUELTO,,mg P-PO4-3/L,Ideam,17382
RCA_LENGUAZAQUE_CUN_LENGUAZAQUE_BOQUERON [24017610],5.32825,-73.69972222,2590,LENGUAZAQUE,Sogamoso,2401,Río Suárez,CUNDINAMARCA,LENGUAZAQUE,2009-03-24,NITROGENO KJELDAHL TOTAL,1.0,mg N/L,Ideam,17382
RCA_LENGUAZAQUE_CUN_LENGUAZAQUE_BOQUERON [24017610],5.32825,-73.69972222,2590,LENGUAZAQUE,Sogamoso,2401,Río Suárez,CUNDINAMARCA,LENGUAZAQUE,2009-03-24,NITROGENO AMONIACAL,0.15,mg N-NH3-/L,Ideam,17382
RCA_LENGUAZAQUE_CUN_LENGUAZAQUE_BOQUERON [24017610],5.32825,-73.69972222,2590,LENGUAZAQUE,Sogamoso,2401,Río Suárez,CUNDINAMARCA,LENGUAZAQUE,2009-03-24,DEMANDA QUIMICA DE OXIGENO (DQO),10.0,mg O2/L,Ideam,17382
RCA_LENGUAZAQUE_CUN_LENGUAZAQUE_BOQUERON [24017610],5.32825,-73.69972222,2590,LENGUAZAQUE,Sogamoso,2401,Río Suárez,CUNDINAMARCA,LENGUAZAQUE,2009-03-24,SULFATO,30.0,mg SO4-2/L,Ideam,17382
RCA_LENGUAZAQUE_CUN_LENGUAZAQUE_BOQUERON [24017610],5.32825,-73.69972222,2590,LENGUAZAQUE,Sogamoso,2401,Río Suárez,CUNDINAMARCA,LENGUAZAQUE,2009-03-24,TURBIDEZ,16.0,NTU,Ideam,17382
RCA_LENGUAZAQUE_CUN_LENGUAZAQUE_BOQUERON [24017610],5.32825,-73.69972222,2590,LENGUAZAQUE,Sogamoso,2401,Río Suárez,CUNDINAMARCA,LENGUAZAQUE,2009-03-24,pH,6.5,unidades de pH,Ideam,17382
RCA_LENGUAZAQUE_CUN_LENGUAZAQUE_BOQUERON [24017610],5.32825,-73.69972222,2590,LENGUAZAQUE,Sogamoso,2401,Río Suárez,CUNDINAMARCA,LENGUAZAQUE,2009-06-11,TURBIDEZ,14.0,NTU,Ideam,17661
RCA_LENGUAZAQUE_CUN_LENGUAZAQUE_BOQUERON [24017610],5.32825,-73.69972222,2590,LENGUAZAQUE,Sogamoso,2401,Río Suárez,CUNDINAMARCA,LENGUAZAQUE,2009-06-11,FOSFORO REACTIVO DISUELTO,0.048,mg P-PO4-3/L,Ideam,17661
RCA_LENGUAZAQUE_CUN_LENGUAZAQUE_BOQUERON [24017610],5.32825,-73.69972222,2590,LENGUAZAQUE,Sogamoso,2401,Río Suárez,CUNDINAMARCA,LENGUAZAQUE,2009-06-11,NITRITO,0.037,mg/L,Ideam,17661
RCA_LENGUAZAQUE_CUN_LENGUAZAQUE_BOQUERON [24017610],5.32825,-73.69972222,2590,LENGUAZAQUE,Sogamoso,2401,Río Suárez,CUNDINAMARCA,LENGUAZAQUE,2009-06-11,pH,6.28,unidades de pH,Ideam,17661
RCA_LENGUAZAQUE_CUN_LENGUAZAQUE_BOQUERON [24017610],5.32825,-73.69972222,2590,LENGUAZAQUE,Sogamoso,2401,Río Suárez,CUNDINAMARCA,LENGUAZAQUE,2009-06-11,SOLIDOS SUSPENDIDOS TOTALES,11.0,mg/L,Ideam,17661
RCA_LENGUAZAQUE_CUN_LENGUAZAQUE_BOQUERON [24017610],5.32825,-73.69972222,2590,LENGUAZAQUE,Sogamoso,2401,Río Suárez,CUNDINAMARCA,LENGUAZAQUE,2009-06-11,CONDUCTIVIDAD ELECTRICA,128.1,µS/cm,Ideam,17661
RCA_LENGUAZAQUE_CUN_LENGUAZAQUE_BOQUERON [24017610],5.32825,-73.69972222,2590,LENGUAZAQUE,Sogamoso,2401,Río Suárez,CUNDINAMARCA,LENGUAZAQUE,2009-06-11,DEMANDA QUIMICA DE OXIGENO (DQO),14.0,mg O2/L,Ideam,17661
RCA_LENGUAZAQUE_CUN_LENGUAZAQUE_BOQUERON [24017610],5.32825,-73.69972222,2590,LENGUAZAQUE,Sogamoso,2401,Río Suárez,CUNDINAMARCA,LENGUAZAQUE,2009-06-11,NITRATO,0.43,mg N-NO3-/L,Ideam,17661
RCA_LENGUAZAQUE_CUN_LENGUAZAQUE_BOQUERON [24017610],5.32825,-73.69972222,2590,LENGUAZAQUE,Sogamoso,2401,Río Suárez,CUNDINAMARCA,LENGUAZAQUE,2009-06-11,NITROGENO AMONIACAL,0.36,mg N-NH3-/L,Ideam,17661
RCA_LENGUAZAQUE_CUN_LENGUAZAQUE_BOQUERON [24017610],5.32825,-73.69972222,2590,LENGUAZAQUE,Sogamoso,2401,Río Suárez,CUNDINAMARCA,LENGUAZAQUE,2009-06-11,SULFATO,24.0,mg SO4-2/L,Ideam,17661
RCA_LENGUAZAQUE_CUN_LENGUAZAQUE_BOQUERON [24017610],5.32825,-73.69972222,2590,LENGUAZAQUE,Sogamoso,2401,Río Suárez,CUNDINAMARCA,LENGUAZAQUE,2009-06-11,OXIGENO DISUELTO (OD),4.9,mg O2/L,Ideam,17661
RCA_LENGUAZAQUE_CUN_LENGUAZAQUE_BOQUERON [24017610],5.32825,-73.69972222,2590,LENGUAZAQUE,Sogamoso,2401,Río Suárez,CUNDINAMARCA,LENGUAZAQUE,2009-06-11,FOSFORO TOTAL,0.16,mg P/L,Ideam,17661
RCA_LENGUAZAQUE_CUN_LENGUAZAQUE_BOQUERON [24017610],5.32825,-73.69972222,2590,LENGUAZAQUE,Sogamoso,2401,Río Suárez,CUNDINAMARCA,LENGUAZAQUE,2009-06-11,TEMPERATURA,15.3,°C,Ideam,17661
RCA_LENGUAZAQUE_CUN_LENGUAZAQUE_BOQUERON [24017610],5.32825,-73.69972222,2590,LENGUAZAQUE,Sogamoso,2401,Río Suárez,CUNDINAMARCA,LENGUAZAQUE,2009-06-11,NITROGENO KJELDAHL TOTAL,1.3,mg N/L,Ideam,17661
RCA_LENGUAZAQUE_CUN_LENGUAZAQUE_BOQUERON [24017610],5.32825,-73.69972222,2590,LENGUAZAQUE,Sogamoso,2401,Río Suárez,CUNDINAMARCA,LENGUAZAQUE,2009-10-17,NITROGENO AMONIACAL,,mg N-NH3-/L,Ideam,18078
RCA_LENGUAZAQUE_CUN_LENGUAZAQUE_BOQUERON [24017610],5.32825,-73.69972222,2590,LENGUAZAQUE,Sogamoso,2401,Río Suárez,CUNDINAMARCA,LENGUAZAQUE,2009-10-17,CONDUCTIVIDAD ELECTRICA,59.5,µS/cm,Ideam,18078
RCA_LENGUAZAQUE_CUN_LENGUAZAQUE_BOQUERON [24017610],5.32825,-73.69972222,2590,LENGUAZAQUE,Sogamoso,2401,Río Suárez,CUNDINAMARCA,LENGUAZAQUE,2009-10-17,pH,5.38,unidades de pH,Ideam,18078
RCA_LENGUAZAQUE_CUN_LENGUAZAQUE_BOQUERON [24017610],5.32825,-73.69972222,2590,LENGUAZAQUE,Sogamoso,2401,Río Suárez,CUNDINAMARCA,LENGUAZAQUE,2009-10-17,TURBIDEZ,69.0,NTU,Ideam,18078
RCA_LENGUAZAQUE_CUN_LENGUAZAQUE_BOQUERON [24017610],5.32825,-73.69972222,2590,LENGUAZAQUE,Sogamoso,2401,Río Suárez,CUNDINAMARCA,LENGUAZAQUE,2009-10-17,TEMPERATURA,12.3,°C,Ideam,18078
RCA_LENGUAZAQUE_CUN_LENGUAZAQUE_BOQUERON [24017610],5.32825,-73.69972222,2590,LENGUAZAQUE,Sogamoso,2401,Río Suárez,CUNDINAMARCA,LENGUAZAQUE,2009-10-17,SULFATO,,mg SO4-2/L,Ideam,18078
RCA_LENGUAZAQUE_CUN_LENGUAZAQUE_BOQUERON [24017610],5.32825,-73.69972222,2590,LENGUAZAQUE,Sogamoso,2401,Río Suárez,CUNDINAMARCA,LENGUAZAQUE,2009-10-17,SOLIDOS SUSPENDIDOS TOTALES,56.0,mg/L,Ideam,18078
RCA_LENGUAZAQUE_CUN_LENGUAZAQUE_BOQUERON [24017610],5.32825,-73.69972222,2590,LENGUAZAQUE,Sogamoso,2401,Río Suárez,CUNDINAMARCA,LENGUAZAQUE,2009-10-17,FOSFORO REACTIVO DISUELTO,,mg P-PO4-3/L,Ideam,18078
RCA_LENGUAZAQUE_CUN_LENGUAZAQUE_BOQUERON [24017610],5.32825,-73.69972222,2590,LENGUAZAQUE,Sogamoso,2401,Río Suárez,CUNDINAMARCA,LENGUAZAQUE,2009-10-17,FOSFORO TOTAL,0.15,mg P/L,Ideam,18078
RCA_LENGUAZAQUE_CUN_LENGUAZAQUE_BOQUERON [24017610],5.32825,-73.69972222,2590,LENGUAZAQUE,Sogamoso,2401,Río Suárez,CUNDINAMARCA,LENGUAZAQUE,2009-10-17,NITRITO,0.0064,mg/L,Ideam,18078
RCA_LENGUAZAQUE_CUN_LENGUAZAQUE_BOQUERON [24017610],5.32825,-73.69972222,2590,LENGUAZAQUE,Sogamoso,2401,Río Suárez,CUNDINAMARCA,LENGUAZAQUE,2009-10-17,DEMANDA QUIMICA DE OXIGENO (DQO),46.0,mg O2/L,Ideam,18078
RCA_LENGUAZAQUE_CUN_LENGUAZAQUE_BOQUERON [24017610],5.32825,-73.69972222,2590,LENGUAZAQUE,Sogamoso,2401,Río Suárez,CUNDINAMARCA,LENGUAZAQUE,2009-10-17,NITRATO,0.19,mg N-NO3-/L,Ideam,18078
RCA_LENGUAZAQUE_CUN_LENGUAZAQUE_BOQUERON [24017610],5.32825,-73.69972222,2590,LENGUAZAQUE,Sogamoso,2401,Río Suárez,CUNDINAMARCA,LENGUAZAQUE,2009-10-17,OXIGENO DISUELTO (OD),6.7,mg O2/L,Ideam,18078
RCA_LENGUAZAQUE_CUN_LENGUAZAQUE_BOQUERON [24017610],5.32825,-73.69972222,2590,LENGUAZAQUE,Sogamoso,2401,Río Suárez,CUNDINAMARCA,LENGUAZAQUE,2009-10-17,NITROGENO KJELDAHL TOTAL,1.1,mg N/L,Ideam,18078
RCA_LENGUAZAQUE_CUN_LENGUAZAQUE_BOQUERON [24017610],5.32825,-73.69972222,2590,LENGUAZAQUE,Sogamoso,2401,Río Suárez,CUNDINAMARCA,LENGUAZAQUE,2010-03-16,OXIGENO DISUELTO (OD),2.5,mg O2/L,Ideam,18530
RCA_LENGUAZAQUE_CUN_LENGUAZAQUE_BOQUERON [24017610],5.32825,-73.69972222,2590,LENGUAZAQUE,Sogamoso,2401,Río Suárez,CUNDINAMARCA,LENGUAZAQUE,2010-03-16,NITRITO,,mg/L,Ideam,18530
RCA_LENGUAZAQUE_CUN_LENGUAZAQUE_BOQUERON [24017610],5.32825,-73.69972222,2590,LENGUAZAQUE,Sogamoso,2401,Río Suárez,CUNDINAMARCA,LENGUAZAQUE,2010-03-16,SULFATO,,mg SO4-2/L,Ideam,18530
RCA_LENGUAZAQUE_CUN_LENGUAZAQUE_BOQUERON [24017610],5.32825,-73.69972222,2590,LENGUAZAQUE,Sogamoso,2401,Río Suárez,CUNDINAMARCA,LENGUAZAQUE,2010-03-16,NITROGENO AMONIACAL,2.2,mg N-NH3-/L,Ideam,18530
RCA_LENGUAZAQUE_CUN_LENGUAZAQUE_BOQUERON [24017610],5.32825,-73.69972222,2590,LENGUAZAQUE,Sogamoso,2401,Río Suárez,CUNDINAMARCA,LENGUAZAQUE,2010-03-16,NITROGENO KJELDAHL TOTAL,,mg N/L,Ideam,18530
RCA_LENGUAZAQUE_CUN_LENGUAZAQUE_BOQUERON [24017610],5.32825,-73.69972222,2590,LENGUAZAQUE,Sogamoso,2401,Río Suárez,CUNDINAMARCA,LENGUAZAQUE,2010-03-16,pH,6.0,unidades de pH,Ideam,18530
RCA_LENGUAZAQUE_CUN_LENGUAZAQUE_BOQUERON [24017610],5.32825,-73.69972222,2590,LENGUAZAQUE,Sogamoso,2401,Río Suárez,CUNDINAMARCA,LENGUAZAQUE,2010-03-16,CONDUCTIVIDAD ELECTRICA,111.0,µS/cm,Ideam,18530
RCA_LENGUAZAQUE_CUN_LENGUAZAQUE_BOQUERON [24017610],5.32825,-73.69972222,2590,LENGUAZAQUE,Sogamoso,2401,Río Suárez,CUNDINAMARCA,LENGUAZAQUE,2010-03-16,SOLIDOS SUSPENDIDOS TOTALES,19.0,mg/L,Ideam,18530
RCA_LENGUAZAQUE_CUN_LENGUAZAQUE_BOQUERON [24017610],5.32825,-73.69972222,2590,LENGUAZAQUE,Sogamoso,2401,Río Suárez,CUNDINAMARCA,LENGUAZAQUE,2010-03-16,DEMANDA QUIMICA DE OXIGENO (DQO),24.0,mg O2/L,Ideam,18530
RCA_LENGUAZAQUE_CUN_LENGUAZAQUE_BOQUERON [24017610],5.32825,-73.69972222,2590,LENGUAZAQUE,Sogamoso,2401,Río Suárez,CUNDINAMARCA,LENGUAZAQUE,2010-03-16,FOSFORO REACTIVO DISUELTO,0.11,mg P-PO4-3/L,Ideam,18530
RCA_LENGUAZAQUE_CUN_LENGUAZAQUE_BOQUERON [24017610],5.32825,-73.69972222,2590,LENGUAZAQUE,Sogamoso,2401,Río Suárez,CUNDINAMARCA,LENGUAZAQUE,2010-03-16,TURBIDEZ,16.0,NTU,Ideam,18530
RCA_LENGUAZAQUE_CUN_LENGUAZAQUE_BOQUERON [24017610],5.32825,-73.69972222,2590,LENGUAZAQUE,Sogamoso,2401,Río Suárez,CUNDINAMARCA,LENGUAZAQUE,2010-03-16,TEMPERATURA,17.3,°C,Ideam,18530
RCA_LENGUAZAQUE_CUN_LENGUAZAQUE_BOQUERON [24017610],5.32825,-73.69972222,2590,LENGUAZAQUE,Sogamoso,2401,Río Suárez,CUNDINAMARCA,LENGUAZAQUE,2010-03-16,NITRATO,0.019,mg N-NO3-/L,Ideam,18530
RCA_LENGUAZAQUE_CUN_LENGUAZAQUE_BOQUERON [24017610],5.32825,-73.69972222,2590,LENGUAZAQUE,Sogamoso,2401,Río Suárez,CUNDINAMARCA,LENGUAZAQUE,2010-03-16,FOSFORO TOTAL,0.28,mg P/L,Ideam,18530
RCA_LENGUAZAQUE_CUN_LENGUAZAQUE_BOQUERON [24017610],5.32825,-73.69972222,2590,LENGUAZAQUE,Sogamoso,2401,Río Suárez,CUNDINAMARCA,LENGUAZAQUE,2010-06-02,NITROGENO AMONIACAL,0.096,mg N-NH3-/L,Ideam,18765
RCA_LENGUAZAQUE_CUN_LENGUAZAQUE_BOQUERON [24017610],5.32825,-73.69972222,2590,LENGUAZAQUE,Sogamoso,2401,Río Suárez,CUNDINAMARCA,LENGUAZAQUE,2010-06-02,SULFATO,27.0,mg SO4-2/L,Ideam,18765
RCA_LENGUAZAQUE_CUN_LENGUAZAQUE_BOQUERON [24017610],5.32825,-73.69972222,2590,LENGUAZAQUE,Sogamoso,2401,Río Suárez,CUNDINAMARCA,LENGUAZAQUE,2010-06-02,CONDUCTIVIDAD ELECTRICA,130.3,µS/cm,Ideam,18765
RCA_LENGUAZAQUE_CUN_LENGUAZAQUE_BOQUERON [24017610],5.32825,-73.69972222,2590,LENGUAZAQUE,Sogamoso,2401,Río Suárez,CUNDINAMARCA,LENGUAZAQUE,2010-06-02,NITRITO,,mg/L,Ideam,18765
RCA_LENGUAZAQUE_CUN_LENGUAZAQUE_BOQUERON [24017610],5.32825,-73.69972222,2590,LENGUAZAQUE,Sogamoso,2401,Río Suárez,CUNDINAMARCA,LENGUAZAQUE,2010-06-02,TEMPERATURA,16.0,°C,Ideam,18765
RCA_LENGUAZAQUE_CUN_LENGUAZAQUE_BOQUERON [24017610],5.32825,-73.69972222,2590,LENGUAZAQUE,Sogamoso,2401,Río Suárez,CUNDINAMARCA,LENGUAZAQUE,2010-06-02,FOSFORO REACTIVO DISUELTO,,mg P-PO4-3/L,Ideam,18765
RCA_LENGUAZAQUE_CUN_LENGUAZAQUE_BOQUERON [24017610],5.32825,-73.69972222,2590,LENGUAZAQUE,Sogamoso,2401,Río Suárez,CUNDINAMARCA,LENGUAZAQUE,2010-06-02,OXIGENO DISUELTO (OD),5.4,mg O2/L,Ideam,18765
RCA_LENGUAZAQUE_CUN_LENGUAZAQUE_BOQUERON [24017610],5.32825,-73.69972222,2590,LENGUAZAQUE,Sogamoso,2401,Río Suárez,CUNDINAMARCA,LENGUAZAQUE,2010-06-02,NITRATO,0.83,mg N-NO3-/L,Ideam,18765
RCA_LENGUAZAQUE_CUN_LENGUAZAQUE_BOQUERON [24017610],5.32825,-73.69972222,2590,LENGUAZAQUE,Sogamoso,2401,Río Suárez,CUNDINAMARCA,LENGUAZAQUE,2010-06-02,SOLIDOS SUSPENDIDOS TOTALES,80.0,mg/L,Ideam,18765
RCA_LENGUAZAQUE_CUN_LENGUAZAQUE_BOQUERON [24017610],5.32825,-73.69972222,2590,LENGUAZAQUE,Sogamoso,2401,Río Suárez,CUNDINAMARCA,LENGUAZAQUE,2010-06-02,TURBIDEZ,66.0,NTU,Ideam,18765
RCA_LENGUAZAQUE_CUN_LENGUAZAQUE_BOQUERON [24017610],5.32825,-73.69972222,2590,LENGUAZAQUE,Sogamoso,2401,Río Suárez,CUNDINAMARCA,LENGUAZAQUE,2010-06-02,DEMANDA QUIMICA DE OXIGENO (DQO),56.0,mg O2/L,Ideam,18765
RCA_LENGUAZAQUE_CUN_LENGUAZAQUE_BOQUERON [24017610],5.32825,-73.69972222,2590,LENGUAZAQUE,Sogamoso,2401,Río Suárez,CUNDINAMARCA,LENGUAZAQUE,2010-06-02,pH,5.41,unidades de pH,Ideam,18765
RCA_LENGUAZAQUE_CUN_LENGUAZAQUE_BOQUERON [24017610],5.32825,-73.69972222,2590,LENGUAZAQUE,Sogamoso,2401,Río Suárez,CUNDINAMARCA,LENGUAZAQUE,2010-06-02,NITROGENO KJELDAHL TOTAL,1.3,mg N/L,Ideam,18765
RCA_LENGUAZAQUE_CUN_LENGUAZAQUE_BOQUERON [24017610],5.32825,-73.69972222,2590,LENGUAZAQUE,Sogamoso,2401,Río Suárez,CUNDINAMARCA,LENGUAZAQUE,2010-06-02,FOSFORO TOTAL,0.23,mg P/L,Ideam,18765
RCA_LENGUAZAQUE_CUN_LENGUAZAQUE_BOQUERON [24017610],5.32825,-73.69972222,2590,LENGUAZAQUE,Sogamoso,2401,Río Suárez,CUNDINAMARCA,LENGUAZAQUE,2010-08-09,TURBIDEZ,20.0,NTU,Ideam,19057
RCA_LENGUAZAQUE_CUN_LENGUAZAQUE_BOQUERON [24017610],5.32825,-73.69972222,2590,LENGUAZAQUE,Sogamoso,2401,Río Suárez,CUNDINAMARCA,LENGUAZAQUE,2010-08-09,NITRATO,0.43,mg N-NO3-/L,Ideam,19057
RCA_LENGUAZAQUE_CUN_LENGUAZAQUE_BOQUERON [24017610],5.32825,-73.69972222,2590,LENGUAZAQUE,Sogamoso,2401,Río Suárez,CUNDINAMARCA,LENGUAZAQUE,2010-08-09,TEMPERATURA,15.7,°C,Ideam,19057
RCA_LENGUAZAQUE_CUN_LENGUAZAQUE_BOQUERON [24017610],5.32825,-73.69972222,2590,LENGUAZAQUE,Sogamoso,2401,Río Suárez,CUNDINAMARCA,LENGUAZAQUE,2010-08-09,pH,6.35,unidades de pH,Ideam,19057
RCA_LENGUAZAQUE_CUN_LENGUAZAQUE_BOQUERON [24017610],5.32825,-73.69972222,2590,LENGUAZAQUE,Sogamoso,2401,Río Suárez,CUNDINAMARCA,LENGUAZAQUE,2010-08-09,NITROGENO AMONIACAL,0.26,mg N-NH3-/L,Ideam,19057
RCA_LENGUAZAQUE_CUN_LENGUAZAQUE_BOQUERON [24017610],5.32825,-73.69972222,2590,LENGUAZAQUE,Sogamoso,2401,Río Suárez,CUNDINAMARCA,LENGUAZAQUE,2010-08-09,SULFATO,20.0,mg SO4-2/L,Ideam,19057
RCA_LENGUAZAQUE_CUN_LENGUAZAQUE_BOQUERON [24017610],5.32825,-73.69972222,2590,LENGUAZAQUE,Sogamoso,2401,Río Suárez,CUNDINAMARCA,LENGUAZAQUE,2010-08-09,FOSFORO REACTIVO DISUELTO,,mg P-PO4-3/L,Ideam,19057
RCA_LENGUAZAQUE_CUN_LENGUAZAQUE_BOQUERON [24017610],5.32825,-73.69972222,2590,LENGUAZAQUE,Sogamoso,2401,Río Suárez,CUNDINAMARCA,LENGUAZAQUE,2010-08-09,NITRITO,0.0073,mg/L,Ideam,19057
RCA_LENGUAZAQUE_CUN_LENGUAZAQUE_BOQUERON [24017610],5.32825,-73.69972222,2590,LENGUAZAQUE,Sogamoso,2401,Río Suárez,CUNDINAMARCA,LENGUAZAQUE,2010-08-09,CONDUCTIVIDAD ELECTRICA,110.1,µS/cm,Ideam,19057
RCA_LENGUAZAQUE_CUN_LENGUAZAQUE_BOQUERON [24017610],5.32825,-73.69972222,2590,LENGUAZAQUE,Sogamoso,2401,Río Suárez,CUNDINAMARCA,LENGUAZAQUE,2010-08-09,FOSFORO TOTAL,0.12,mg P/L,Ideam,19057
RCA_LENGUAZAQUE_CUN_LENGUAZAQUE_BOQUERON [24017610],5.32825,-73.69972222,2590,LENGUAZAQUE,Sogamoso,2401,Río Suárez,CUNDINAMARCA,LENGUAZAQUE,2010-08-09,NITROGENO KJELDAHL TOTAL,,mg N/L,Ideam,19057
RCA_LENGUAZAQUE_CUN_LENGUAZAQUE_BOQUERON [24017610],5.32825,-73.69972222,2590,LENGUAZAQUE,Sogamoso,2401,Río Suárez,CUNDINAMARCA,LENGUAZAQUE,2010-08-09,DEMANDA QUIMICA DE OXIGENO (DQO),19.0,mg O2/L,Ideam,19057
RCA_LENGUAZAQUE_CUN_LENGUAZAQUE_BOQUERON [24017610],5.32825,-73.69972222,2590,LENGUAZAQUE,Sogamoso,2401,Río Suárez,CUNDINAMARCA,LENGUAZAQUE,2010-08-09,SOLIDOS SUSPENDIDOS TOTALES,20.0,mg/L,Ideam,19057
RCA_LENGUAZAQUE_CUN_LENGUAZAQUE_BOQUERON [24017610],5.32825,-73.69972222,2590,LENGUAZAQUE,Sogamoso,2401,Río Suárez,CUNDINAMARCA,LENGUAZAQUE,2010-08-09,OXIGENO DISUELTO (OD),6.0,mg O2/L,Ideam,19057
RCA_LENGUAZAQUE_CUN_LENGUAZAQUE_BOQUERON [24017610],5.32825,-73.69972222,2590,LENGUAZAQUE,Sogamoso,2401,Río Suárez,CUNDINAMARCA,LENGUAZAQUE,2010-11-23,pH,6.43,unidades de pH,Ideam,19555
RCA_LENGUAZAQUE_CUN_LENGUAZAQUE_BOQUERON [24017610],5.32825,-73.69972222,2590,LENGUAZAQUE,Sogamoso,2401,Río Suárez,CUNDINAMARCA,LENGUAZAQUE,2010-11-23,TEMPERATURA,17.2,°C,Ideam,19555
RCA_LENGUAZAQUE_CUN_LENGUAZAQUE_BOQUERON [24017610],5.32825,-73.69972222,2590,LENGUAZAQUE,Sogamoso,2401,Río Suárez,CUNDINAMARCA,LENGUAZAQUE,2010-11-23,CONDUCTIVIDAD ELECTRICA,111.6,µS/cm,Ideam,19555
RCA_LENGUAZAQUE_CUN_LENGUAZAQUE_BOQUERON [24017610],5.32825,-73.69972222,2590,LENGUAZAQUE,Sogamoso,2401,Río Suárez,CUNDINAMARCA,LENGUAZAQUE,2010-11-23,FOSFORO TOTAL,0.11,mg P/L,Ideam,19555
RCA_LENGUAZAQUE_CUN_LENGUAZAQUE_BOQUERON [24017610],5.32825,-73.69972222,2590,LENGUAZAQUE,Sogamoso,2401,Río Suárez,CUNDINAMARCA,LENGUAZAQUE,2010-11-23,NITROGENO KJELDAHL TOTAL,0.6,mg N/L,Ideam,19555
RCA_LENGUAZAQUE_CUN_LENGUAZAQUE_BOQUERON [24017610],5.32825,-73.69972222,2590,LENGUAZAQUE,Sogamoso,2401,Río Suárez,CUNDINAMARCA,LENGUAZAQUE,2010-11-23,SOLIDOS SUSPENDIDOS TOTALES,40.0,mg/L,Ideam,19555
RCA_LENGUAZAQUE_CUN_LENGUAZAQUE_BOQUERON [24017610],5.32825,-73.69972222,2590,LENGUAZAQUE,Sogamoso,2401,Río Suárez,CUNDINAMARCA,LENGUAZAQUE,2010-11-23,OXIGENO DISUELTO (OD),5.3,mg O2/L,Ideam,19555
RCA_LENGUAZAQUE_CUN_LENGUAZAQUE_BOQUERON [24017610],5.32825,-73.69972222,2590,LENGUAZAQUE,Sogamoso,2401,Río Suárez,CUNDINAMARCA,LENGUAZAQUE,2010-11-23,FOSFORO REACTIVO DISUELTO,,mg P-PO4-3/L,Ideam,19555
RCA_LENGUAZAQUE_CUN_LENGUAZAQUE_BOQUERON [24017610],5.32825,-73.69972222,2590,LENGUAZAQUE,Sogamoso,2401,Río Suárez,CUNDINAMARCA,LENGUAZAQUE,2010-11-23,NITROGENO AMONIACAL,0.096,mg N-NH3-/L,Ideam,19555
RCA_LENGUAZAQUE_CUN_LENGUAZAQUE_BOQUERON [24017610],5.32825,-73.69972222,2590,LENGUAZAQUE,Sogamoso,2401,Río Suárez,CUNDINAMARCA,LENGUAZAQUE,2010-11-23,TURBIDEZ,43.0,NTU,Ideam,19555
RCA_LENGUAZAQUE_CUN_LENGUAZAQUE_BOQUERON [24017610],5.32825,-73.69972222,2590,LENGUAZAQUE,Sogamoso,2401,Río Suárez,CUNDINAMARCA,LENGUAZAQUE,2010-11-23,DEMANDA QUIMICA DE OXIGENO (DQO),25.0,mg O2/L,Ideam,19555
RCA_LENGUAZAQUE_CUN_LENGUAZAQUE_BOQUERON [24017610],5.32825,-73.69972222,2590,LENGUAZAQUE,Sogamoso,2401,Río Suárez,CUNDINAMARCA,LENGUAZAQUE,2010-11-23,SULFATO,24.0,mg SO4-2/L,Ideam,19555
RCA_LENGUAZAQUE_CUN_LENGUAZAQUE_BOQUERON [24017610],5.32825,-73.69972222,2590,LENGUAZAQUE,Sogamoso,2401,Río Suárez,CUNDINAMARCA,LENGUAZAQUE,2010-11-23,NITRATO,0.42,mg N-NO3-/L,Ideam,19555
RCA_LENGUAZAQUE_CUN_LENGUAZAQUE_BOQUERON [24017610],5.32825,-73.69972222,2590,LENGUAZAQUE,Sogamoso,2401,Río Suárez,CUNDINAMARCA,LENGUAZAQUE,2010-11-23,NITRITO,0.0085,mg/L,Ideam,19555
RCA_LENGUAZAQUE_CUN_LENGUAZAQUE_BOQUERON [24017610],5.32825,-73.69972222,2590,LENGUAZAQUE,Sogamoso,2401,Río Suárez,CUNDINAMARCA,LENGUAZAQUE,2011-02-06,SULFATO,35.0,mg SO4-2/L,Ideam,19786
RCA_LENGUAZAQUE_CUN_LENGUAZAQUE_BOQUERON [24017610],5.32825,-73.69972222,2590,LENGUAZAQUE,Sogamoso,2401,Río Suárez,CUNDINAMARCA,LENGUAZAQUE,2011-02-06,OXIGENO DISUELTO (OD),5.9,mg O2/L,Ideam,19786
RCA_LENGUAZAQUE_CUN_LENGUAZAQUE_BOQUERON [24017610],5.32825,-73.69972222,2590,LENGUAZAQUE,Sogamoso,2401,Río Suárez,CUNDINAMARCA,LENGUAZAQUE,2011-02-06,SOLIDOS SUSPENDIDOS TOTALES,120.0,mg/L,Ideam,19786
RCA_LENGUAZAQUE_CUN_LENGUAZAQUE_BOQUERON [24017610],5.32825,-73.69972222,2590,LENGUAZAQUE,Sogamoso,2401,Río Suárez,CUNDINAMARCA,LENGUAZAQUE,2011-02-06,TURBIDEZ,160.0,NTU,Ideam,19786
RCA_LENGUAZAQUE_CUN_LENGUAZAQUE_BOQUERON [24017610],5.32825,-73.69972222,2590,LENGUAZAQUE,Sogamoso,2401,Río Suárez,CUNDINAMARCA,LENGUAZAQUE,2011-02-06,NITROGENO KJELDAHL TOTAL,1.4,mg N/L,Ideam,19786
RCA_LENGUAZAQUE_CUN_LENGUAZAQUE_BOQUERON [24017610],5.32825,-73.69972222,2590,LENGUAZAQUE,Sogamoso,2401,Río Suárez,CUNDINAMARCA,LENGUAZAQUE,2011-02-06,DEMANDA QUIMICA DE OXIGENO (DQO),32.0,mg O2/L,Ideam,19786
RCA_LENGUAZAQUE_CUN_LENGUAZAQUE_BOQUERON [24017610],5.32825,-73.69972222,2590,LENGUAZAQUE,Sogamoso,2401,Río Suárez,CUNDINAMARCA,LENGUAZAQUE,2011-02-06,CONDUCTIVIDAD ELECTRICA,126.7,µS/cm,Ideam,19786
RCA_LENGUAZAQUE_CUN_LENGUAZAQUE_BOQUERON [24017610],5.32825,-73.69972222,2590,LENGUAZAQUE,Sogamoso,2401,Río Suárez,CUNDINAMARCA,LENGUAZAQUE,2011-02-06,NITRATO,0.55,mg N-NO3-/L,Ideam,19786
RCA_LENGUAZAQUE_CUN_LENGUAZAQUE_BOQUERON [24017610],5.32825,-73.69972222,2590,LENGUAZAQUE,Sogamoso,2401,Río Suárez,CUNDINAMARCA,LENGUAZAQUE,2011-02-06,NITRITO,0.01,mg/L,Ideam,19786
RCA_LENGUAZAQUE_CUN_LENGUAZAQUE_BOQUERON [24017610],5.32825,-73.69972222,2590,LENGUAZAQUE,Sogamoso,2401,Río Suárez,CUNDINAMARCA,LENGUAZAQUE,2011-02-06,FOSFORO REACTIVO DISUELTO,,mg P-PO4-3/L,Ideam,19786
RCA_LENGUAZAQUE_CUN_LENGUAZAQUE_BOQUERON [24017610],5.32825,-73.69972222,2590,LENGUAZAQUE,Sogamoso,2401,Río Suárez,CUNDINAMARCA,LENGUAZAQUE,2011-02-06,NITROGENO AMONIACAL,,mg N-NH3-/L,Ideam,19786
RCA_LENGUAZAQUE_CUN_LENGUAZAQUE_BOQUERON [24017610],5.32825,-73.69972222,2590,LENGUAZAQUE,Sogamoso,2401,Río Suárez,CUNDINAMARCA,LENGUAZAQUE,2011-02-06,FOSFORO TOTAL,0.21,mg P/L,Ideam,19786
RCA_LENGUAZAQUE_CUN_LENGUAZAQUE_BOQUERON [24017610],5.32825,-73.69972222,2590,LENGUAZAQUE,Sogamoso,2401,Río Suárez,CUNDINAMARCA,LENGUAZAQUE,2011-02-06,pH,6.39,unidades de pH,Ideam,19786
RCA_LENGUAZAQUE_CUN_LENGUAZAQUE_BOQUERON [24017610],5.32825,-73.69972222,2590,LENGUAZAQUE,Sogamoso,2401,Río Suárez,CUNDINAMARCA,LENGUAZAQUE,2011-02-06,TEMPERATURA,14.6,°C,Ideam,19786
RCA_LENGUAZAQUE_CUN_LENGUAZAQUE_BOQUERON [24017610],5.32825,-73.69972222,2590,LENGUAZAQUE,Sogamoso,2401,Río Suárez,CUNDINAMARCA,LENGUAZAQUE,2011-07-06,pH,6.35,unidades de pH,Ideam,20490
RCA_LENGUAZAQUE_CUN_LENGUAZAQUE_BOQUERON [24017610],5.32825,-73.69972222,2590,LENGUAZAQUE,Sogamoso,2401,Río Suárez,CUNDINAMARCA,LENGUAZAQUE,2011-07-06,SULFATO,26.0,mg SO4-2/L,Ideam,20490
RCA_LENGUAZAQUE_CUN_LENGUAZAQUE_BOQUERON [24017610],5.32825,-73.69972222,2590,LENGUAZAQUE,Sogamoso,2401,Río Suárez,CUNDINAMARCA,LENGUAZAQUE,2011-07-06,OXIGENO DISUELTO (OD),6.4,mg O2/L,Ideam,20490
RCA_LENGUAZAQUE_CUN_LENGUAZAQUE_BOQUERON [24017610],5.32825,-73.69972222,2590,LENGUAZAQUE,Sogamoso,2401,Río Suárez,CUNDINAMARCA,LENGUAZAQUE,2011-07-06,CONDUCTIVIDAD ELECTRICA,122.8,µS/cm,Ideam,20490
RCA_LENGUAZAQUE_CUN_LENGUAZAQUE_BOQUERON [24017610],5.32825,-73.69972222,2590,LENGUAZAQUE,Sogamoso,2401,Río Suárez,CUNDINAMARCA,LENGUAZAQUE,2011-07-06,SOLIDOS SUSPENDIDOS TOTALES,35.0,mg/L,Ideam,20490
RCA_LENGUAZAQUE_CUN_LENGUAZAQUE_BOQUERON [24017610],5.32825,-73.69972222,2590,LENGUAZAQUE,Sogamoso,2401,Río Suárez,CUNDINAMARCA,LENGUAZAQUE,2011-07-06,NITROGENO KJELDAHL TOTAL,,mg N/L,Ideam,20490
RCA_LENGUAZAQUE_CUN_LENGUAZAQUE_BOQUERON [24017610],5.32825,-73.69972222,2590,LENGUAZAQUE,Sogamoso,2401,Río Suárez,CUNDINAMARCA,LENGUAZAQUE,2011-07-06,DEMANDA QUIMICA DE OXIGENO (DQO),12.0,mg O2/L,Ideam,20490
RCA_LENGUAZAQUE_CUN_LENGUAZAQUE_BOQUERON [24017610],5.32825,-73.69972222,2590,LENGUAZAQUE,Sogamoso,2401,Río Suárez,CUNDINAMARCA,LENGUAZAQUE,2011-07-06,FOSFORO TOTAL,0.14,mg P/L,Ideam,20490
RCA_LENGUAZAQUE_CUN_LENGUAZAQUE_BOQUERON [24017610],5.32825,-73.69972222,2590,LENGUAZAQUE,Sogamoso,2401,Río Suárez,CUNDINAMARCA,LENGUAZAQUE,2011-07-06,NITRATO,0.58,mg N-NO3-/L,Ideam,20490
RCA_LENGUAZAQUE_CUN_LENGUAZAQUE_BOQUERON [24017610],5.32825,-73.69972222,2590,LENGUAZAQUE,Sogamoso,2401,Río Suárez,CUNDINAMARCA,LENGUAZAQUE,2011-07-06,TEMPERATURA,13.5,°C,Ideam,20490
RCA_LENGUAZAQUE_CUN_LENGUAZAQUE_BOQUERON [24017610],5.32825,-73.69972222,2590,LENGUAZAQUE,Sogamoso,2401,Río Suárez,CUNDINAMARCA,LENGUAZAQUE,2011-07-06,TURBIDEZ,44.0,NTU,Ideam,20490
RCA_LENGUAZAQUE_CUN_LENGUAZAQUE_BOQUERON [24017610],5.32825,-73.69972222,2590,LENGUAZAQUE,Sogamoso,2401,Río Suárez,CUNDINAMARCA,LENGUAZAQUE,2011-07-06,NITROGENO AMONIACAL,,mg N-NH3-/L,Ideam,20490
RCA_LENGUAZAQUE_CUN_LENGUAZAQUE_BOQUERON [24017610],5.32825,-73.69972222,2590,LENGUAZAQUE,Sogamoso,2401,Río Suárez,CUNDINAMARCA,LENGUAZAQUE,2011-07-06,NITRITO,0.0084,mg/L,Ideam,20490
RCA_LENGUAZAQUE_CUN_LENGUAZAQUE_BOQUERON [24017610],5.32825,-73.69972222,2590,LENGUAZAQUE,Sogamoso,2401,Río Suárez,CUNDINAMARCA,LENGUAZAQUE,2011-07-06,FOSFORO REACTIVO DISUELTO,,mg P-PO4-3/L,Ideam,20490
RCA_LENGUAZAQUE_CUN_LENGUAZAQUE_BOQUERON [24017610],5.32825,-73.69972222,2590,LENGUAZAQUE,Sogamoso,2401,Río Suárez,CUNDINAMARCA,LENGUAZAQUE,2011-10-05,TEMPERATURA,14.1,°C,Ideam,20767
RCA_LENGUAZAQUE_CUN_LENGUAZAQUE_BOQUERON [24017610],5.32825,-73.69972222,2590,LENGUAZAQUE,Sogamoso,2401,Río Suárez,CUNDINAMARCA,LENGUAZAQUE,2011-10-05,NITROGENO AMONIACAL,,mg N-NH3-/L,Ideam,20767
RCA_LENGUAZAQUE_CUN_LENGUAZAQUE_BOQUERON [24017610],5.32825,-73.69972222,2590,LENGUAZAQUE,Sogamoso,2401,Río Suárez,CUNDINAMARCA,LENGUAZAQUE,2011-10-05,CONDUCTIVIDAD ELECTRICA,96.6,µS/cm,Ideam,20767
RCA_LENGUAZAQUE_CUN_LENGUAZAQUE_BOQUERON [24017610],5.32825,-73.69972222,2590,LENGUAZAQUE,Sogamoso,2401,Río Suárez,CUNDINAMARCA,LENGUAZAQUE,2011-10-05,OXIGENO DISUELTO (OD),5.1,mg O2/L,Ideam,20767
RCA_LENGUAZAQUE_CUN_LENGUAZAQUE_BOQUERON [24017610],5.32825,-73.69972222,2590,LENGUAZAQUE,Sogamoso,2401,Río Suárez,CUNDINAMARCA,LENGUAZAQUE,2011-10-05,SOLIDOS SUSPENDIDOS TOTALES,34.0,mg/L,Ideam,20767
RCA_LENGUAZAQUE_CUN_LENGUAZAQUE_BOQUERON [24017610],5.32825,-73.69972222,2590,LENGUAZAQUE,Sogamoso,2401,Río Suárez,CUNDINAMARCA,LENGUAZAQUE,2011-10-05,TURBIDEZ,54.0,NTU,Ideam,20767
RCA_LENGUAZAQUE_CUN_LENGUAZAQUE_BOQUERON [24017610],5.32825,-73.69972222,2590,LENGUAZAQUE,Sogamoso,2401,Río Suárez,CUNDINAMARCA,LENGUAZAQUE,2011-10-05,NITROGENO KJELDAHL TOTAL,0.81,mg N/L,Ideam,20767
RCA_LENGUAZAQUE_CUN_LENGUAZAQUE_BOQUERON [24017610],5.32825,-73.69972222,2590,LENGUAZAQUE,Sogamoso,2401,Río Suárez,CUNDINAMARCA,LENGUAZAQUE,2011-10-05,pH,6.65,unidades de pH,Ideam,20767
RCA_LENGUAZAQUE_CUN_LENGUAZAQUE_BOQUERON [24017610],5.32825,-73.69972222,2590,LENGUAZAQUE,Sogamoso,2401,Río Suárez,CUNDINAMARCA,LENGUAZAQUE,2011-10-05,DEMANDA QUIMICA DE OXIGENO (DQO),23.0,mg O2/L,Ideam,20767
RCA_LENGUAZAQUE_CUN_LENGUAZAQUE_BOQUERON [24017610],5.32825,-73.69972222,2590,LENGUAZAQUE,Sogamoso,2401,Río Suárez,CUNDINAMARCA,LENGUAZAQUE,2011-10-05,FOSFORO REACTIVO DISUELTO,,mg P-PO4-3/L,Ideam,20767
RCA_LENGUAZAQUE_CUN_LENGUAZAQUE_BOQUERON [24017610],5.32825,-73.69972222,2590,LENGUAZAQUE,Sogamoso,2401,Río Suárez,CUNDINAMARCA,LENGUAZAQUE,2011-10-05,NITRATO,0.42,mg N-NO3-/L,Ideam,20767
RCA_LENGUAZAQUE_CUN_LENGUAZAQUE_BOQUERON [24017610],5.32825,-73.69972222,2590,LENGUAZAQUE,Sogamoso,2401,Río Suárez,CUNDINAMARCA,LENGUAZAQUE,2011-10-05,FOSFORO TOTAL,0.11,mg P/L,Ideam,20767
RCA_LENGUAZAQUE_CUN_LENGUAZAQUE_BOQUERON [24017610],5.32825,-73.69972222,2590,LENGUAZAQUE,Sogamoso,2401,Río Suárez,CUNDINAMARCA,LENGUAZAQUE,2011-10-05,NITRITO,0.012,mg/L,Ideam,20767
RCA_LENGUAZAQUE_CUN_LENGUAZAQUE_BOQUERON [24017610],5.32825,-73.69972222,2590,LENGUAZAQUE,Sogamoso,2401,Río Suárez,CUNDINAMARCA,LENGUAZAQUE,2012-04-14,SULFATO,20.0,mg SO4-2/L,Ideam,21482
RCA_LENGUAZAQUE_CUN_LENGUAZAQUE_BOQUERON [24017610],5.32825,-73.69972222,2590,LENGUAZAQUE,Sogamoso,2401,Río Suárez,CUNDINAMARCA,LENGUAZAQUE,2012-04-14,TURBIDEZ,300.0,NTU,Ideam,21482
RCA_LENGUAZAQUE_CUN_LENGUAZAQUE_BOQUERON [24017610],5.32825,-73.69972222,2590,LENGUAZAQUE,Sogamoso,2401,Río Suárez,CUNDINAMARCA,LENGUAZAQUE,2012-04-14,TEMPERATURA,14.2,°C,Ideam,21482
RCA_LENGUAZAQUE_CUN_LENGUAZAQUE_BOQUERON [24017610],5.32825,-73.69972222,2590,LENGUAZAQUE,Sogamoso,2401,Río Suárez,CUNDINAMARCA,LENGUAZAQUE,2012-04-14,CONDUCTIVIDAD ELECTRICA,67.6,µS/cm,Ideam,21482
RCA_LENGUAZAQUE_CUN_LENGUAZAQUE_BOQUERON [24017610],5.32825,-73.69972222,2590,LENGUAZAQUE,Sogamoso,2401,Río Suárez,CUNDINAMARCA,LENGUAZAQUE,2012-04-14,FOSFORO TOTAL,0.21,mg P/L,Ideam,21482
RCA_LENGUAZAQUE_CUN_LENGUAZAQUE_BOQUERON [24017610],5.32825,-73.69972222,2590,LENGUAZAQUE,Sogamoso,2401,Río Suárez,CUNDINAMARCA,LENGUAZAQUE,2012-04-14,OXIGENO DISUELTO (OD),7.1,mg O2/L,Ideam,21482
RCA_LENGUAZAQUE_CUN_LENGUAZAQUE_BOQUERON [24017610],5.32825,-73.69972222,2590,LENGUAZAQUE,Sogamoso,2401,Río Suárez,CUNDINAMARCA,LENGUAZAQUE,2012-04-14,SOLIDOS SUSPENDIDOS TOTALES,300.0,mg/L,Ideam,21482
RCA_LENGUAZAQUE_CUN_LENGUAZAQUE_BOQUERON [24017610],5.32825,-73.69972222,2590,LENGUAZAQUE,Sogamoso,2401,Río Suárez,CUNDINAMARCA,LENGUAZAQUE,2012-04-14,NITROGENO AMONIACAL,,mg N-NH3-/L,Ideam,21482
RCA_LENGUAZAQUE_CUN_LENGUAZAQUE_BOQUERON [24017610],5.32825,-73.69972222,2590,LENGUAZAQUE,Sogamoso,2401,Río Suárez,CUNDINAMARCA,LENGUAZAQUE,2012-04-14,DEMANDA QUIMICA DE OXIGENO (DQO),76.0,mg O2/L,Ideam,21482
RCA_LENGUAZAQUE_CUN_LENGUAZAQUE_BOQUERON [24017610],5.32825,-73.69972222,2590,LENGUAZAQUE,Sogamoso,2401,Río Suárez,CUNDINAMARCA,LENGUAZAQUE,2012-04-14,NITRITO,0.0065,mg/L,Ideam,21482
RCA_LENGUAZAQUE_CUN_LENGUAZAQUE_BOQUERON [24017610],5.32825,-73.69972222,2590,LENGUAZAQUE,Sogamoso,2401,Río Suárez,CUNDINAMARCA,LENGUAZAQUE,2012-04-14,pH,6.39,unidades de pH,Ideam,21482
RCA_LENGUAZAQUE_CUN_LENGUAZAQUE_BOQUERON [24017610],5.32825,-73.69972222,2590,LENGUAZAQUE,Sogamoso,2401,Río Suárez,CUNDINAMARCA,LENGUAZAQUE,2012-04-14,NITRATO,0.76,mg N-NO3-/L,Ideam,21482
RCA_LENGUAZAQUE_CUN_LENGUAZAQUE_BOQUERON [24017610],5.32825,-73.69972222,2590,LENGUAZAQUE,Sogamoso,2401,Río Suárez,CUNDINAMARCA,LENGUAZAQUE,2012-04-14,NITROGENO KJELDAHL TOTAL,1.4,mg N/L,Ideam,21482
RCA_LENGUAZAQUE_CUN_LENGUAZAQUE_BOQUERON [24017610],5.32825,-73.69972222,2590,LENGUAZAQUE,Sogamoso,2401,Río Suárez,CUNDINAMARCA,LENGUAZAQUE,2012-04-14,FOSFORO REACTIVO DISUELTO,,mg P-PO4-3/L,Ideam,21482
RCA_LENGUAZAQUE_CUN_LENGUAZAQUE_BOQUERON [24017610],5.32825,-73.69972222,2590,LENGUAZAQUE,Sogamoso,2401,Río Suárez,CUNDINAMARCA,LENGUAZAQUE,2012-08-03,FOSFORO REACTIVO DISUELTO,0.087,mg P-PO4-3/L,Ideam,21703
RCA_LENGUAZAQUE_CUN_LENGUAZAQUE_BOQUERON [24017610],5.32825,-73.69972222,2590,LENGUAZAQUE,Sogamoso,2401,Río Suárez,CUNDINAMARCA,LENGUAZAQUE,2012-08-03,FOSFORO TOTAL,0.21,mg P/L,Ideam,21703
RCA_LENGUAZAQUE_CUN_LENGUAZAQUE_BOQUERON [24017610],5.32825,-73.69972222,2590,LENGUAZAQUE,Sogamoso,2401,Río Suárez,CUNDINAMARCA,LENGUAZAQUE,2012-08-03,CONDUCTIVIDAD ELECTRICA,79.1,µS/cm,Ideam,21703
RCA_LENGUAZAQUE_CUN_LENGUAZAQUE_BOQUERON [24017610],5.32825,-73.69972222,2590,LENGUAZAQUE,Sogamoso,2401,Río Suárez,CUNDINAMARCA,LENGUAZAQUE,2012-08-03,SOLIDOS SUSPENDIDOS TOTALES,75.0,mg/L,Ideam,21703
RCA_LENGUAZAQUE_CUN_LENGUAZAQUE_BOQUERON [24017610],5.32825,-73.69972222,2590,LENGUAZAQUE,Sogamoso,2401,Río Suárez,CUNDINAMARCA,LENGUAZAQUE,2012-08-03,DEMANDA QUIMICA DE OXIGENO (DQO),22.0,mg O2/L,Ideam,21703
RCA_LENGUAZAQUE_CUN_LENGUAZAQUE_BOQUERON [24017610],5.32825,-73.69972222,2590,LENGUAZAQUE,Sogamoso,2401,Río Suárez,CUNDINAMARCA,LENGUAZAQUE,2012-08-03,NITRITO,0.0082,mg/L,Ideam,21703
RCA_LENGUAZAQUE_CUN_LENGUAZAQUE_BOQUERON [24017610],5.32825,-73.69972222,2590,LENGUAZAQUE,Sogamoso,2401,Río Suárez,CUNDINAMARCA,LENGUAZAQUE,2012-08-03,NITROGENO KJELDAHL TOTAL,,mg N/L,Ideam,21703
RCA_LENGUAZAQUE_CUN_LENGUAZAQUE_BOQUERON [24017610],5.32825,-73.69972222,2590,LENGUAZAQUE,Sogamoso,2401,Río Suárez,CUNDINAMARCA,LENGUAZAQUE,2012-08-03,pH,6.63,unidades de pH,Ideam,21703
RCA_LENGUAZAQUE_CUN_LENGUAZAQUE_BOQUERON [24017610],5.32825,-73.69972222,2590,LENGUAZAQUE,Sogamoso,2401,Río Suárez,CUNDINAMARCA,LENGUAZAQUE,2012-08-03,NITRATO,0.52,mg N-NO3-/L,Ideam,21703
RCA_LENGUAZAQUE_CUN_LENGUAZAQUE_BOQUERON [24017610],5.32825,-73.69972222,2590,LENGUAZAQUE,Sogamoso,2401,Río Suárez,CUNDINAMARCA,LENGUAZAQUE,2012-08-03,TURBIDEZ,70.0,NTU,Ideam,21703
RCA_LENGUAZAQUE_CUN_LENGUAZAQUE_BOQUERON [24017610],5.32825,-73.69972222,2590,LENGUAZAQUE,Sogamoso,2401,Río Suárez,CUNDINAMARCA,LENGUAZAQUE,2012-08-03,SULFATO,14.0,mg SO4-2/L,Ideam,21703
RCA_LENGUAZAQUE_CUN_LENGUAZAQUE_BOQUERON [24017610],5.32825,-73.69972222,2590,LENGUAZAQUE,Sogamoso,2401,Río Suárez,CUNDINAMARCA,LENGUAZAQUE,2012-08-03,NITROGENO AMONIACAL,,mg N-NH3-/L,Ideam,21703
RCA_LENGUAZAQUE_CUN_LENGUAZAQUE_BOQUERON [24017610],5.32825,-73.69972222,2590,LENGUAZAQUE,Sogamoso,2401,Río Suárez,CUNDINAMARCA,LENGUAZAQUE,2012-08-03,OXIGENO DISUELTO (OD),6.5,mg O2/L,Ideam,21703
RCA_LENGUAZAQUE_CUN_LENGUAZAQUE_BOQUERON [24017610],5.32825,-73.69972222,2590,LENGUAZAQUE,Sogamoso,2401,Río Suárez,CUNDINAMARCA,LENGUAZAQUE,2012-08-03,TEMPERATURA,14.2,°C,Ideam,21703
RCA_LENGUAZAQUE_CUN_LENGUAZAQUE_BOQUERON [24017610],5.32825,-73.69972222,2590,LENGUAZAQUE,Sogamoso,2401,Río Suárez,CUNDINAMARCA,LENGUAZAQUE,2012-10-26,OXIGENO DISUELTO (OD),6.8,mg O2/L,Ideam,21923
RCA_LENGUAZAQUE_CUN_LENGUAZAQUE_BOQUERON [24017610],5.32825,-73.69972222,2590,LENGUAZAQUE,Sogamoso,2401,Río Suárez,CUNDINAMARCA,LENGUAZAQUE,2012-10-26,pH,6.78,unidades de pH,Ideam,21923
RCA_LENGUAZAQUE_CUN_LENGUAZAQUE_BOQUERON [24017610],5.32825,-73.69972222,2590,LENGUAZAQUE,Sogamoso,2401,Río Suárez,CUNDINAMARCA,LENGUAZAQUE,2012-10-26,DEMANDA QUIMICA DE OXIGENO (DQO),22.0,mg O2/L,Ideam,21923
RCA_LENGUAZAQUE_CUN_LENGUAZAQUE_BOQUERON [24017610],5.32825,-73.69972222,2590,LENGUAZAQUE,Sogamoso,2401,Río Suárez,CUNDINAMARCA,LENGUAZAQUE,2012-10-26,FOSFORO REACTIVO DISUELTO,,mg P-PO4-3/L,Ideam,21923
RCA_LENGUAZAQUE_CUN_LENGUAZAQUE_BOQUERON [24017610],5.32825,-73.69972222,2590,LENGUAZAQUE,Sogamoso,2401,Río Suárez,CUNDINAMARCA,LENGUAZAQUE,2012-10-26,NITROGENO KJELDAHL TOTAL,0.54,mg N/L,Ideam,21923
RCA_LENGUAZAQUE_CUN_LENGUAZAQUE_BOQUERON [24017610],5.32825,-73.69972222,2590,LENGUAZAQUE,Sogamoso,2401,Río Suárez,CUNDINAMARCA,LENGUAZAQUE,2012-10-26,FOSFORO TOTAL,0.21,mg P/L,Ideam,21923
RCA_LENGUAZAQUE_CUN_LENGUAZAQUE_BOQUERON [24017610],5.32825,-73.69972222,2590,LENGUAZAQUE,Sogamoso,2401,Río Suárez,CUNDINAMARCA,LENGUAZAQUE,2012-10-26,NITRATO,0.53,mg N-NO3-/L,Ideam,21923
RCA_LENGUAZAQUE_CUN_LENGUAZAQUE_BOQUERON [24017610],5.32825,-73.69972222,2590,LENGUAZAQUE,Sogamoso,2401,Río Suárez,CUNDINAMARCA,LENGUAZAQUE,2012-10-26,TURBIDEZ,56.0,NTU,Ideam,21923
RCA_LENGUAZAQUE_CUN_LENGUAZAQUE_BOQUERON [24017610],5.32825,-73.69972222,2590,LENGUAZAQUE,Sogamoso,2401,Río Suárez,CUNDINAMARCA,LENGUAZAQUE,2012-10-26,SULFATO,9.1,mg SO4-2/L,Ideam,21923
RCA_LENGUAZAQUE_CUN_LENGUAZAQUE_BOQUERON [24017610],5.32825,-73.69972222,2590,LENGUAZAQUE,Sogamoso,2401,Río Suárez,CUNDINAMARCA,LENGUAZAQUE,2012-10-26,NITRITO,,mg/L,Ideam,21923
RCA_LENGUAZAQUE_CUN_LENGUAZAQUE_BOQUERON [24017610],5.32825,-73.69972222,2590,LENGUAZAQUE,Sogamoso,2401,Río Suárez,CUNDINAMARCA,LENGUAZAQUE,2012-10-26,TEMPERATURA,17.9,°C,Ideam,21923
RCA_LENGUAZAQUE_CUN_LENGUAZAQUE_BOQUERON [24017610],5.32825,-73.69972222,2590,LENGUAZAQUE,Sogamoso,2401,Río Suárez,CUNDINAMARCA,LENGUAZAQUE,2012-10-26,SOLIDOS SUSPENDIDOS TOTALES,61.0,mg/L,Ideam,21923
RCA_LENGUAZAQUE_CUN_LENGUAZAQUE_BOQUERON [24017610],5.32825,-73.69972222,2590,LENGUAZAQUE,Sogamoso,2401,Río Suárez,CUNDINAMARCA,LENGUAZAQUE,2012-10-26,CONDUCTIVIDAD ELECTRICA,94.2,µS/cm,Ideam,21923
RCA_LENGUAZAQUE_CUN_LENGUAZAQUE_BOQUERON [24017610],5.32825,-73.69972222,2590,LENGUAZAQUE,Sogamoso,2401,Río Suárez,CUNDINAMARCA,LENGUAZAQUE,2012-10-26,NITROGENO AMONIACAL,,mg N-NH3-/L,Ideam,21923
RCA_LENGUAZAQUE_CUN_LENGUAZAQUE_BOQUERON [24017610],5.32825,-73.69972222,2590,LENGUAZAQUE,Sogamoso,2401,Río Suárez,CUNDINAMARCA,LENGUAZAQUE,2013-02-27,FOSFORO TOTAL,0.17,mg P/L,Ideam,22167
RCA_LENGUAZAQUE_CUN_LENGUAZAQUE_BOQUERON [24017610],5.32825,-73.69972222,2590,LENGUAZAQUE,Sogamoso,2401,Río Suárez,CUNDINAMARCA,LENGUAZAQUE,2013-02-27,NITRATO,0.38,mg N-NO3-/L,Ideam,22167
RCA_LENGUAZAQUE_CUN_LENGUAZAQUE_BOQUERON [24017610],5.32825,-73.69972222,2590,LENGUAZAQUE,Sogamoso,2401,Río Suárez,CUNDINAMARCA,LENGUAZAQUE,2013-02-27,NITRITO,0.032,mg/L,Ideam,22167
RCA_LENGUAZAQUE_CUN_LENGUAZAQUE_BOQUERON [24017610],5.32825,-73.69972222,2590,LENGUAZAQUE,Sogamoso,2401,Río Suárez,CUNDINAMARCA,LENGUAZAQUE,2013-02-27,CONDUCTIVIDAD ELECTRICA,110.0,µS/cm,Ideam,22167
RCA_LENGUAZAQUE_CUN_LENGUAZAQUE_BOQUERON [24017610],5.32825,-73.69972222,2590,LENGUAZAQUE,Sogamoso,2401,Río Suárez,CUNDINAMARCA,LENGUAZAQUE,2013-02-27,NITROGENO AMONIACAL,0.59,mg N-NH3-/L,Ideam,22167
RCA_LENGUAZAQUE_CUN_LENGUAZAQUE_BOQUERON [24017610],5.32825,-73.69972222,2590,LENGUAZAQUE,Sogamoso,2401,Río Suárez,CUNDINAMARCA,LENGUAZAQUE,2013-02-27,pH,6.09,unidades de pH,Ideam,22167
RCA_LENGUAZAQUE_CUN_LENGUAZAQUE_BOQUERON [24017610],5.32825,-73.69972222,2590,LENGUAZAQUE,Sogamoso,2401,Río Suárez,CUNDINAMARCA,LENGUAZAQUE,2013-02-27,OXIGENO DISUELTO (OD),6.6,mg O2/L,Ideam,22167
RCA_LENGUAZAQUE_CUN_LENGUAZAQUE_BOQUERON [24017610],5.32825,-73.69972222,2590,LENGUAZAQUE,Sogamoso,2401,Río Suárez,CUNDINAMARCA,LENGUAZAQUE,2013-02-27,SOLIDOS SUSPENDIDOS TOTALES,38.0,mg/L,Ideam,22167
RCA_LENGUAZAQUE_CUN_LENGUAZAQUE_BOQUERON [24017610],5.32825,-73.69972222,2590,LENGUAZAQUE,Sogamoso,2401,Río Suárez,CUNDINAMARCA,LENGUAZAQUE,2013-02-27,TEMPERATURA,15.1,°C,Ideam,22167
RCA_LENGUAZAQUE_CUN_LENGUAZAQUE_BOQUERON [24017610],5.32825,-73.69972222,2590,LENGUAZAQUE,Sogamoso,2401,Río Suárez,CUNDINAMARCA,LENGUAZAQUE,2013-02-27,TURBIDEZ,34.0,NTU,Ideam,22167
RCA_LENGUAZAQUE_CUN_LENGUAZAQUE_BOQUERON [24017610],5.32825,-73.69972222,2590,LENGUAZAQUE,Sogamoso,2401,Río Suárez,CUNDINAMARCA,LENGUAZAQUE,2013-02-27,FOSFORO REACTIVO DISUELTO,0.032,mg P-PO4-3/L,Ideam,22167
RCA_LENGUAZAQUE_CUN_LENGUAZAQUE_BOQUERON [24017610],5.32825,-73.69972222,2590,LENGUAZAQUE,Sogamoso,2401,Río Suárez,CUNDINAMARCA,LENGUAZAQUE,2013-02-27,SULFATO,24.0,mg SO4-2/L,Ideam,22167
RCA_LENGUAZAQUE_CUN_LENGUAZAQUE_BOQUERON [24017610],5.32825,-73.69972222,2590,LENGUAZAQUE,Sogamoso,2401,Río Suárez,CUNDINAMARCA,LENGUAZAQUE,2013-02-27,NITROGENO KJELDAHL TOTAL,1.7,mg N/L,Ideam,22167
RCA_LENGUAZAQUE_CUN_LENGUAZAQUE_BOQUERON [24017610],5.32825,-73.69972222,2590,LENGUAZAQUE,Sogamoso,2401,Río Suárez,CUNDINAMARCA,LENGUAZAQUE,2013-02-27,DEMANDA QUIMICA DE OXIGENO (DQO),23.0,mg O2/L,Ideam,22167
RCA_LENGUAZAQUE_CUN_LENGUAZAQUE_BOQUERON [24017610],5.32825,-73.69972222,2590,LENGUAZAQUE,Sogamoso,2401,Río Suárez,CUNDINAMARCA,LENGUAZAQUE,2013-05-29,NITRITO,0.014,mg/L,Ideam,22325
RCA_LENGUAZAQUE_CUN_LENGUAZAQUE_BOQUERON [24017610],5.32825,-73.69972222,2590,LENGUAZAQUE,Sogamoso,2401,Río Suárez,CUNDINAMARCA,LENGUAZAQUE,2013-05-29,DEMANDA QUIMICA DE OXIGENO (DQO),20.0,mg O2/L,Ideam,22325
RCA_LENGUAZAQUE_CUN_LENGUAZAQUE_BOQUERON [24017610],5.32825,-73.69972222,2590,LENGUAZAQUE,Sogamoso,2401,Río Suárez,CUNDINAMARCA,LENGUAZAQUE,2013-05-29,NITROGENO AMONIACAL,0.37,mg N-NH3-/L,Ideam,22325
RCA_LENGUAZAQUE_CUN_LENGUAZAQUE_BOQUERON [24017610],5.32825,-73.69972222,2590,LENGUAZAQUE,Sogamoso,2401,Río Suárez,CUNDINAMARCA,LENGUAZAQUE,2013-05-29,TURBIDEZ,31.0,NTU,Ideam,22325
RCA_LENGUAZAQUE_CUN_LENGUAZAQUE_BOQUERON [24017610],5.32825,-73.69972222,2590,LENGUAZAQUE,Sogamoso,2401,Río Suárez,CUNDINAMARCA,LENGUAZAQUE,2013-05-29,FOSFORO TOTAL,0.18,mg P/L,Ideam,22325
RCA_LENGUAZAQUE_CUN_LENGUAZAQUE_BOQUERON [24017610],5.32825,-73.69972222,2590,LENGUAZAQUE,Sogamoso,2401,Río Suárez,CUNDINAMARCA,LENGUAZAQUE,2013-05-29,SULFATO,24.0,mg SO4-2/L,Ideam,22325
RCA_LENGUAZAQUE_CUN_LENGUAZAQUE_BOQUERON [24017610],5.32825,-73.69972222,2590,LENGUAZAQUE,Sogamoso,2401,Río Suárez,CUNDINAMARCA,LENGUAZAQUE,2013-05-29,NITROGENO KJELDAHL TOTAL,0.95,mg N/L,Ideam,22325
RCA_LENGUAZAQUE_CUN_LENGUAZAQUE_BOQUERON [24017610],5.32825,-73.69972222,2590,LENGUAZAQUE,Sogamoso,2401,Río Suárez,CUNDINAMARCA,LENGUAZAQUE,2013-05-29,CONDUCTIVIDAD ELECTRICA,130.8,µS/cm,Ideam,22325
RCA_LENGUAZAQUE_CUN_LENGUAZAQUE_BOQUERON [24017610],5.32825,-73.69972222,2590,LENGUAZAQUE,Sogamoso,2401,Río Suárez,CUNDINAMARCA,LENGUAZAQUE,2013-05-29,NITRATO,0.36,mg N-NO3-/L,Ideam,22325
RCA_LENGUAZAQUE_CUN_LENGUAZAQUE_BOQUERON [24017610],5.32825,-73.69972222,2590,LENGUAZAQUE,Sogamoso,2401,Río Suárez,CUNDINAMARCA,LENGUAZAQUE,2013-05-29,FOSFORO REACTIVO DISUELTO,,mg P-PO4-3/L,Ideam,22325
RCA_LENGUAZAQUE_CUN_LENGUAZAQUE_BOQUERON [24017610],5.32825,-73.69972222,2590,LENGUAZAQUE,Sogamoso,2401,Río Suárez,CUNDINAMARCA,LENGUAZAQUE,2013-05-29,TEMPERATURA,15.2,°C,Ideam,22325
RCA_LENGUAZAQUE_CUN_LENGUAZAQUE_BOQUERON [24017610],5.32825,-73.69972222,2590,LENGUAZAQUE,Sogamoso,2401,Río Suárez,CUNDINAMARCA,LENGUAZAQUE,2013-05-29,OXIGENO DISUELTO (OD),6.01,mg O2/L,Ideam,22325
RCA_LENGUAZAQUE_CUN_LENGUAZAQUE_BOQUERON [24017610],5.32825,-73.69972222,2590,LENGUAZAQUE,Sogamoso,2401,Río Suárez,CUNDINAMARCA,LENGUAZAQUE,2013-05-29,SOLIDOS SUSPENDIDOS TOTALES,26.0,mg/L,Ideam,22325
RCA_LENGUAZAQUE_CUN_LENGUAZAQUE_BOQUERON [24017610],5.32825,-73.69972222,2590,LENGUAZAQUE,Sogamoso,2401,Río Suárez,CUNDINAMARCA,LENGUAZAQUE,2013-05-29,pH,6.48,unidades de pH,Ideam,22325
RCA_LENGUAZAQUE_CUN_LENGUAZAQUE_BOQUERON [24017610],5.32825,-73.69972222,2590,LENGUAZAQUE,Sogamoso,2401,Río Suárez,CUNDINAMARCA,LENGUAZAQUE,2013-10-10,NITROGENO KJELDAHL TOTAL,0.85,mg N/L,Ideam,22573
RCA_LENGUAZAQUE_CUN_LENGUAZAQUE_BOQUERON [24017610],5.32825,-73.69972222,2590,LENGUAZAQUE,Sogamoso,2401,Río Suárez,CUNDINAMARCA,LENGUAZAQUE,2013-10-10,pH,6.0,unidades de pH,Ideam,22573
RCA_LENGUAZAQUE_CUN_LENGUAZAQUE_BOQUERON [24017610],5.32825,-73.69972222,2590,LENGUAZAQUE,Sogamoso,2401,Río Suárez,CUNDINAMARCA,LENGUAZAQUE,2013-10-10,SULFATO,15.0,mg SO4-2/L,Ideam,22573
RCA_LENGUAZAQUE_CUN_LENGUAZAQUE_BOQUERON [24017610],5.32825,-73.69972222,2590,LENGUAZAQUE,Sogamoso,2401,Río Suárez,CUNDINAMARCA,LENGUAZAQUE,2013-10-10,FOSFORO REACTIVO DISUELTO,0.039,mg P-PO4-3/L,Ideam,22573
RCA_LENGUAZAQUE_CUN_LENGUAZAQUE_BOQUERON [24017610],5.32825,-73.69972222,2590,LENGUAZAQUE,Sogamoso,2401,Río Suárez,CUNDINAMARCA,LENGUAZAQUE,2013-10-10,TEMPERATURA,15.4,°C,Ideam,22573
RCA_LENGUAZAQUE_CUN_LENGUAZAQUE_BOQUERON [24017610],5.32825,-73.69972222,2590,LENGUAZAQUE,Sogamoso,2401,Río Suárez,CUNDINAMARCA,LENGUAZAQUE,2013-10-10,TURBIDEZ,12.0,NTU,Ideam,22573
RCA_LENGUAZAQUE_CUN_LENGUAZAQUE_BOQUERON [24017610],5.32825,-73.69972222,2590,LENGUAZAQUE,Sogamoso,2401,Río Suárez,CUNDINAMARCA,LENGUAZAQUE,2013-10-10,DEMANDA QUIMICA DE OXIGENO (DQO),15.0,mg O2/L,Ideam,22573
RCA_LENGUAZAQUE_CUN_LENGUAZAQUE_BOQUERON [24017610],5.32825,-73.69972222,2590,LENGUAZAQUE,Sogamoso,2401,Río Suárez,CUNDINAMARCA,LENGUAZAQUE,2013-10-10,OXIGENO DISUELTO (OD),6.1,mg O2/L,Ideam,22573
RCA_LENGUAZAQUE_CUN_LENGUAZAQUE_BOQUERON [24017610],5.32825,-73.69972222,2590,LENGUAZAQUE,Sogamoso,2401,Río Suárez,CUNDINAMARCA,LENGUAZAQUE,2013-10-10,NITRATO,0.38,mg N-NO3-/L,Ideam,22573
RCA_LENGUAZAQUE_CUN_LENGUAZAQUE_BOQUERON [24017610],5.32825,-73.69972222,2590,LENGUAZAQUE,Sogamoso,2401,Río Suárez,CUNDINAMARCA,LENGUAZAQUE,2013-10-10,NITROGENO AMONIACAL,0.33,mg N-NH3-/L,Ideam,22573
RCA_LENGUAZAQUE_CUN_LENGUAZAQUE_BOQUERON [24017610],5.32825,-73.69972222,2590,LENGUAZAQUE,Sogamoso,2401,Río Suárez,CUNDINAMARCA,LENGUAZAQUE,2013-10-10,CONDUCTIVIDAD ELECTRICA,90.3,µS/cm,Ideam,22573
RCA_LENGUAZAQUE_CUN_LENGUAZAQUE_BOQUERON [24017610],5.32825,-73.69972222,2590,LENGUAZAQUE,Sogamoso,2401,Río Suárez,CUNDINAMARCA,LENGUAZAQUE,2013-10-10,FOSFORO TOTAL,0.18,mg P/L,Ideam,22573
RCA_LENGUAZAQUE_CUN_LENGUAZAQUE_BOQUERON [24017610],5.32825,-73.69972222,2590,LENGUAZAQUE,Sogamoso,2401,Río Suárez,CUNDINAMARCA,LENGUAZAQUE,2013-10-10,SOLIDOS SUSPENDIDOS TOTALES,5.3,mg/L,Ideam,22573
RCA_LENGUAZAQUE_CUN_LENGUAZAQUE_BOQUERON [24017610],5.32825,-73.69972222,2590,LENGUAZAQUE,Sogamoso,2401,Río Suárez,CUNDINAMARCA,LENGUAZAQUE,2013-10-10,NITRITO,0.02,mg/L,Ideam,22573
RCA_LENGUAZAQUE_CUN_LENGUAZAQUE_BOQUERON [24017610],5.32825,-73.69972222,2590,LENGUAZAQUE,Sogamoso,2401,Río Suárez,CUNDINAMARCA,LENGUAZAQUE,2013-11-23,pH,6.22,unidades de pH,Ideam,22901
RCA_LENGUAZAQUE_CUN_LENGUAZAQUE_BOQUERON [24017610],5.32825,-73.69972222,2590,LENGUAZAQUE,Sogamoso,2401,Río Suárez,CUNDINAMARCA,LENGUAZAQUE,2013-11-23,NITRATO,0.39,mg N-NO3-/L,Ideam,22901
RCA_LENGUAZAQUE_CUN_LENGUAZAQUE_BOQUERON [24017610],5.32825,-73.69972222,2590,LENGUAZAQUE,Sogamoso,2401,Río Suárez,CUNDINAMARCA,LENGUAZAQUE,2013-11-23,FOSFORO REACTIVO DISUELTO,0.038,mg P-PO4-3/L,Ideam,22901
RCA_LENGUAZAQUE_CUN_LENGUAZAQUE_BOQUERON [24017610],5.32825,-73.69972222,2590,LENGUAZAQUE,Sogamoso,2401,Río Suárez,CUNDINAMARCA,LENGUAZAQUE,2013-11-23,SULFATO,23.0,mg SO4-2/L,Ideam,22901
RCA_LENGUAZAQUE_CUN_LENGUAZAQUE_BOQUERON [24017610],5.32825,-73.69972222,2590,LENGUAZAQUE,Sogamoso,2401,Río Suárez,CUNDINAMARCA,LENGUAZAQUE,2013-11-23,DEMANDA QUIMICA DE OXIGENO (DQO),24.0,mg O2/L,Ideam,22901
RCA_LENGUAZAQUE_CUN_LENGUAZAQUE_BOQUERON [24017610],5.32825,-73.69972222,2590,LENGUAZAQUE,Sogamoso,2401,Río Suárez,CUNDINAMARCA,LENGUAZAQUE,2013-11-23,TURBIDEZ,14.0,NTU,Ideam,22901
RCA_LENGUAZAQUE_CUN_LENGUAZAQUE_BOQUERON [24017610],5.32825,-73.69972222,2590,LENGUAZAQUE,Sogamoso,2401,Río Suárez,CUNDINAMARCA,LENGUAZAQUE,2013-11-23,FOSFORO TOTAL,0.19,mg P/L,Ideam,22901
RCA_LENGUAZAQUE_CUN_LENGUAZAQUE_BOQUERON [24017610],5.32825,-73.69972222,2590,LENGUAZAQUE,Sogamoso,2401,Río Suárez,CUNDINAMARCA,LENGUAZAQUE,2013-11-23,NITROGENO KJELDAHL TOTAL,0.53,mg N/L,Ideam,22901
RCA_LENGUAZAQUE_CUN_LENGUAZAQUE_BOQUERON [24017610],5.32825,-73.69972222,2590,LENGUAZAQUE,Sogamoso,2401,Río Suárez,CUNDINAMARCA,LENGUAZAQUE,2013-11-23,CONDUCTIVIDAD ELECTRICA,112.4,µS/cm,Ideam,22901
RCA_LENGUAZAQUE_CUN_LENGUAZAQUE_BOQUERON [24017610],5.32825,-73.69972222,2590,LENGUAZAQUE,Sogamoso,2401,Río Suárez,CUNDINAMARCA,LENGUAZAQUE,2013-11-23,SOLIDOS SUSPENDIDOS TOTALES,24.0,mg/L,Ideam,22901
RCA_LENGUAZAQUE_CUN_LENGUAZAQUE_BOQUERON [24017610],5.32825,-73.69972222,2590,LENGUAZAQUE,Sogamoso,2401,Río Suárez,CUNDINAMARCA,LENGUAZAQUE,2013-11-23,OXIGENO DISUELTO (OD),5.2,mg O2/L,Ideam,22901
RCA_LENGUAZAQUE_CUN_LENGUAZAQUE_BOQUERON [24017610],5.32825,-73.69972222,2590,LENGUAZAQUE,Sogamoso,2401,Río Suárez,CUNDINAMARCA,LENGUAZAQUE,2013-11-23,TEMPERATURA,17.1,°C,Ideam,22901
RCA_LENGUAZAQUE_CUN_LENGUAZAQUE_BOQUERON [24017610],5.32825,-73.69972222,2590,LENGUAZAQUE,Sogamoso,2401,Río Suárez,CUNDINAMARCA,LENGUAZAQUE,2013-11-23,NITRITO,0.017,mg/L,Ideam,22901
RCA_LENGUAZAQUE_CUN_LENGUAZAQUE_BOQUERON [24017610],5.32825,-73.69972222,2590,LENGUAZAQUE,Sogamoso,2401,Río Suárez,CUNDINAMARCA,LENGUAZAQUE,2013-11-23,NITROGENO AMONIACAL,,mg N-NH3-/L,Ideam,22901
RCA_LENGUAZAQUE_CUN_LENGUAZAQUE_BOQUERON [24017610],5.32825,-73.69972222,2590,LENGUAZAQUE,Sogamoso,2401,Río Suárez,CUNDINAMARCA,LENGUAZAQUE,2014-10-23,TURBIDEZ,6.1,NTU,Ideam,23597
RCA_LENGUAZAQUE_CUN_LENGUAZAQUE_BOQUERON [24017610],5.32825,-73.69972222,2590,LENGUAZAQUE,Sogamoso,2401,Río Suárez,CUNDINAMARCA,LENGUAZAQUE,2014-10-23,TEMPERATURA,14.8,°C,Ideam,23597
RCA_LENGUAZAQUE_CUN_LENGUAZAQUE_BOQUERON [24017610],5.32825,-73.69972222,2590,LENGUAZAQUE,Sogamoso,2401,Río Suárez,CUNDINAMARCA,LENGUAZAQUE,2014-10-23,SOLIDOS SUSPENDIDOS TOTALES,9.2,mg/L,Ideam,23597
RCA_LENGUAZAQUE_CUN_LENGUAZAQUE_BOQUERON [24017610],5.32825,-73.69972222,2590,LENGUAZAQUE,Sogamoso,2401,Río Suárez,CUNDINAMARCA,LENGUAZAQUE,2014-10-23,pH,6.74,unidades de pH,Ideam,23597
RCA_LENGUAZAQUE_CUN_LENGUAZAQUE_BOQUERON [24017610],5.32825,-73.69972222,2590,LENGUAZAQUE,Sogamoso,2401,Río Suárez,CUNDINAMARCA,LENGUAZAQUE,2014-10-23,CONDUCTIVIDAD ELECTRICA,109.9,µS/cm,Ideam,23597
RCA_LENGUAZAQUE_CUN_LENGUAZAQUE_BOQUERON [24017610],5.32825,-73.69972222,2590,LENGUAZAQUE,Sogamoso,2401,Río Suárez,CUNDINAMARCA,LENGUAZAQUE,2014-10-23,OXIGENO DISUELTO (OD),4.1,mg O2/L,Ideam,23597
RCA_LENGUAZAQUE_CUN_LENGUAZAQUE_BOQUERON [24017610],5.32825,-73.69972222,2590,LENGUAZAQUE,Sogamoso,2401,Río Suárez,CUNDINAMARCA,LENGUAZAQUE,2014-10-23,NITRITO,0.063,mg/L,Ideam,23597
RCA_LENGUAZAQUE_CUN_LENGUAZAQUE_BOQUERON [24017610],5.32825,-73.69972222,2590,LENGUAZAQUE,Sogamoso,2401,Río Suárez,CUNDINAMARCA,LENGUAZAQUE,2014-10-23,NITROGENO KJELDAHL TOTAL,1.7,mg N/L,Ideam,23597
RCA_LENGUAZAQUE_CUN_LENGUAZAQUE_BOQUERON [24017610],5.32825,-73.69972222,2590,LENGUAZAQUE,Sogamoso,2401,Río Suárez,CUNDINAMARCA,LENGUAZAQUE,2014-10-23,FOSFORO TOTAL,0.17,mg P/L,Ideam,23597
RCA_LENGUAZAQUE_CUN_LENGUAZAQUE_BOQUERON [24017610],5.32825,-73.69972222,2590,LENGUAZAQUE,Sogamoso,2401,Río Suárez,CUNDINAMARCA,LENGUAZAQUE,2014-10-23,DEMANDA QUIMICA DE OXIGENO (DQO),16.0,mg O2/L,Ideam,23597
RCA_LENGUAZAQUE_CUN_LENGUAZAQUE_BOQUERON [24017610],5.32825,-73.69972222,2590,LENGUAZAQUE,Sogamoso,2401,Río Suárez,CUNDINAMARCA,LENGUAZAQUE,2014-10-23,FOSFORO REACTIVO DISUELTO,0.095,mg P-PO4-3/L,Ideam,23597
RCA_LENGUAZAQUE_CUN_LENGUAZAQUE_BOQUERON [24017610],5.32825,-73.69972222,2590,LENGUAZAQUE,Sogamoso,2401,Río Suárez,CUNDINAMARCA,LENGUAZAQUE,2014-10-23,NITROGENO AMONIACAL,0.54,mg N-NH3-/L,Ideam,23597
RCA_LENGUAZAQUE_CUN_LENGUAZAQUE_BOQUERON [24017610],5.32825,-73.69972222,2590,LENGUAZAQUE,Sogamoso,2401,Río Suárez,CUNDINAMARCA,LENGUAZAQUE,2015-05-14,NITRITO,0.092,mg/L,Ideam,23877
RCA_LENGUAZAQUE_CUN_LENGUAZAQUE_BOQUERON [24017610],5.32825,-73.69972222,2590,LENGUAZAQUE,Sogamoso,2401,Río Suárez,CUNDINAMARCA,LENGUAZAQUE,2015-05-14,OXIGENO DISUELTO (OD),4.9,mg O2/L,Ideam,23877
RCA_LENGUAZAQUE_CUN_LENGUAZAQUE_BOQUERON [24017610],5.32825,-73.69972222,2590,LENGUAZAQUE,Sogamoso,2401,Río Suárez,CUNDINAMARCA,LENGUAZAQUE,2015-05-14,SOLIDOS SUSPENDIDOS TOTALES,4.6,mg/L,Ideam,23877
RCA_LENGUAZAQUE_CUN_LENGUAZAQUE_BOQUERON [24017610],5.32825,-73.69972222,2590,LENGUAZAQUE,Sogamoso,2401,Río Suárez,CUNDINAMARCA,LENGUAZAQUE,2015-05-14,CONDUCTIVIDAD ELECTRICA,96.0,µS/cm,Ideam,23877
RCA_LENGUAZAQUE_CUN_LENGUAZAQUE_BOQUERON [24017610],5.32825,-73.69972222,2590,LENGUAZAQUE,Sogamoso,2401,Río Suárez,CUNDINAMARCA,LENGUAZAQUE,2015-05-14,NITROGENO KJELDAHL TOTAL,1.2,mg N/L,Ideam,23877
RCA_LENGUAZAQUE_CUN_LENGUAZAQUE_BOQUERON [24017610],5.32825,-73.69972222,2590,LENGUAZAQUE,Sogamoso,2401,Río Suárez,CUNDINAMARCA,LENGUAZAQUE,2015-05-14,NITRATO,0.47,mg N-NO3-/L,Ideam,23877
RCA_LENGUAZAQUE_CUN_LENGUAZAQUE_BOQUERON [24017610],5.32825,-73.69972222,2590,LENGUAZAQUE,Sogamoso,2401,Río Suárez,CUNDINAMARCA,LENGUAZAQUE,2015-05-14,FOSFORO REACTIVO DISUELTO,0.064,mg P-PO4-3/L,Ideam,23877
RCA_LENGUAZAQUE_CUN_LENGUAZAQUE_BOQUERON [24017610],5.32825,-73.69972222,2590,LENGUAZAQUE,Sogamoso,2401,Río Suárez,CUNDINAMARCA,LENGUAZAQUE,2015-05-14,TURBIDEZ,4.2,NTU,Ideam,23877
RCA_LENGUAZAQUE_CUN_LENGUAZAQUE_BOQUERON [24017610],5.32825,-73.69972222,2590,LENGUAZAQUE,Sogamoso,2401,Río Suárez,CUNDINAMARCA,LENGUAZAQUE,2015-05-14,pH,6.26,unidades de pH,Ideam,23877
RCA_LENGUAZAQUE_CUN_LENGUAZAQUE_BOQUERON [24017610],5.32825,-73.69972222,2590,LENGUAZAQUE,Sogamoso,2401,Río Suárez,CUNDINAMARCA,LENGUAZAQUE,2015-05-14,NITROGENO AMONIACAL,0.453,mg N-NH3-/L,Ideam,23877
RCA_LENGUAZAQUE_CUN_LENGUAZAQUE_BOQUERON [24017610],5.32825,-73.69972222,2590,LENGUAZAQUE,Sogamoso,2401,Río Suárez,CUNDINAMARCA,LENGUAZAQUE,2015-05-14,TEMPERATURA,16.4,°C,Ideam,23877
RCA_LENGUAZAQUE_CUN_LENGUAZAQUE_BOQUERON [24017610],5.32825,-73.69972222,2590,LENGUAZAQUE,Sogamoso,2401,Río Suárez,CUNDINAMARCA,LENGUAZAQUE,2015-05-14,DEMANDA QUIMICA DE OXIGENO (DQO),13.0,mg O2/L,Ideam,23877
RCA_LENGUAZAQUE_CUN_LENGUAZAQUE_BOQUERON [24017610],5.32825,-73.69972222,2590,LENGUAZAQUE,Sogamoso,2401,Río Suárez,CUNDINAMARCA,LENGUAZAQUE,2015-10-02,NITROGENO AMONIACAL,1.1,mg N-NH3-/L,Ideam,24167
RCA_LENGUAZAQUE_CUN_LENGUAZAQUE_BOQUERON [24017610],5.32825,-73.69972222,2590,LENGUAZAQUE,Sogamoso,2401,Río Suárez,CUNDINAMARCA,LENGUAZAQUE,2015-10-02,SOLIDOS SUSPENDIDOS TOTALES,21.0,mg/L,Ideam,24167
RCA_LENGUAZAQUE_CUN_LENGUAZAQUE_BOQUERON [24017610],5.32825,-73.69972222,2590,LENGUAZAQUE,Sogamoso,2401,Río Suárez,CUNDINAMARCA,LENGUAZAQUE,2015-10-02,FOSFORO REACTIVO DISUELTO,0.18,mg P-PO4-3/L,Ideam,24167
RCA_LENGUAZAQUE_CUN_LENGUAZAQUE_BOQUERON [24017610],5.32825,-73.69972222,2590,LENGUAZAQUE,Sogamoso,2401,Río Suárez,CUNDINAMARCA,LENGUAZAQUE,2015-10-02,TEMPERATURA,16.9,°C,Ideam,24167
RCA_LENGUAZAQUE_CUN_LENGUAZAQUE_BOQUERON [24017610],5.32825,-73.69972222,2590,LENGUAZAQUE,Sogamoso,2401,Río Suárez,CUNDINAMARCA,LENGUAZAQUE,2015-10-02,FOSFORO TOTAL,0.27,mg P/L,Ideam,24167
RCA_LENGUAZAQUE_CUN_LENGUAZAQUE_BOQUERON [24017610],5.32825,-73.69972222,2590,LENGUAZAQUE,Sogamoso,2401,Río Suárez,CUNDINAMARCA,LENGUAZAQUE,2015-10-02,NITROGENO KJELDAHL TOTAL,2.9,mg N/L,Ideam,24167
RCA_LENGUAZAQUE_CUN_LENGUAZAQUE_BOQUERON [24017610],5.32825,-73.69972222,2590,LENGUAZAQUE,Sogamoso,2401,Río Suárez,CUNDINAMARCA,LENGUAZAQUE,2015-10-02,NITRITO,0.18,mg/L,Ideam,24167
RCA_LENGUAZAQUE_CUN_LENGUAZAQUE_BOQUERON [24017610],5.32825,-73.69972222,2590,LENGUAZAQUE,Sogamoso,2401,Río Suárez,CUNDINAMARCA,LENGUAZAQUE,2015-10-02,OXIGENO DISUELTO (OD),4.9,mg O2/L,Ideam,24167
RCA_LENGUAZAQUE_CUN_LENGUAZAQUE_BOQUERON [24017610],5.32825,-73.69972222,2590,LENGUAZAQUE,Sogamoso,2401,Río Suárez,CUNDINAMARCA,LENGUAZAQUE,2015-10-02,CONDUCTIVIDAD ELECTRICA,87.1,µS/cm,Ideam,24167
RCA_LENGUAZAQUE_CUN_LENGUAZAQUE_BOQUERON [24017610],5.32825,-73.69972222,2590,LENGUAZAQUE,Sogamoso,2401,Río Suárez,CUNDINAMARCA,LENGUAZAQUE,2015-10-02,NITRATO,0.42,mg N-NO3-/L,Ideam,24167
RCA_LENGUAZAQUE_CUN_LENGUAZAQUE_BOQUERON [24017610],5.32825,-73.69972222,2590,LENGUAZAQUE,Sogamoso,2401,Río Suárez,CUNDINAMARCA,LENGUAZAQUE,2015-10-02,pH,6.93,unidades de pH,Ideam,24167
RCA_LENGUAZAQUE_CUN_LENGUAZAQUE_BOQUERON [24017610],5.32825,-73.69972222,2590,LENGUAZAQUE,Sogamoso,2401,Río Suárez,CUNDINAMARCA,LENGUAZAQUE,2015-10-02,TURBIDEZ,5.9,NTU,Ideam,24167
RCA_LENGUAZAQUE_CUN_LENGUAZAQUE_BOQUERON [24017610],5.32825,-73.69972222,2590,LENGUAZAQUE,Sogamoso,2401,Río Suárez,CUNDINAMARCA,LENGUAZAQUE,2015-10-02,DEMANDA QUIMICA DE OXIGENO (DQO),53.0,mg O2/L,Ideam,24167
RCA_LENGUAZAQUE_CUN_LENGUAZAQUE_BOQUERON [24017610],5.32825,-73.69972222,2590,LENGUAZAQUE,Sogamoso,2401,Río Suárez,CUNDINAMARCA,LENGUAZAQUE,2015-11-11,NITRITO,0.014,mg/L,Ideam,24336
RCA_LENGUAZAQUE_CUN_LENGUAZAQUE_BOQUERON [24017610],5.32825,-73.69972222,2590,LENGUAZAQUE,Sogamoso,2401,Río Suárez,CUNDINAMARCA,LENGUAZAQUE,2015-11-11,FOSFORO REACTIVO DISUELTO,0.088,mg P-PO4-3/L,Ideam,24336
RCA_LENGUAZAQUE_CUN_LENGUAZAQUE_BOQUERON [24017610],5.32825,-73.69972222,2590,LENGUAZAQUE,Sogamoso,2401,Río Suárez,CUNDINAMARCA,LENGUAZAQUE,2015-11-11,TURBIDEZ,6.2,NTU,Ideam,24336
RCA_LENGUAZAQUE_CUN_LENGUAZAQUE_BOQUERON [24017610],5.32825,-73.69972222,2590,LENGUAZAQUE,Sogamoso,2401,Río Suárez,CUNDINAMARCA,LENGUAZAQUE,2015-11-11,CONDUCTIVIDAD ELECTRICA,88.76,µS/cm,Ideam,24336
RCA_LENGUAZAQUE_CUN_LENGUAZAQUE_BOQUERON [24017610],5.32825,-73.69972222,2590,LENGUAZAQUE,Sogamoso,2401,Río Suárez,CUNDINAMARCA,LENGUAZAQUE,2015-11-11,TEMPERATURA,20.9,°C,Ideam,24336
RCA_LENGUAZAQUE_CUN_LENGUAZAQUE_BOQUERON [24017610],5.32825,-73.69972222,2590,LENGUAZAQUE,Sogamoso,2401,Río Suárez,CUNDINAMARCA,LENGUAZAQUE,2015-11-11,NITRATO,0.5,mg N-NO3-/L,Ideam,24336
RCA_LENGUAZAQUE_CUN_LENGUAZAQUE_BOQUERON [24017610],5.32825,-73.69972222,2590,LENGUAZAQUE,Sogamoso,2401,Río Suárez,CUNDINAMARCA,LENGUAZAQUE,2015-11-11,NITROGENO KJELDAHL TOTAL,0.57,mg N/L,Ideam,24336
RCA_LENGUAZAQUE_CUN_LENGUAZAQUE_BOQUERON [24017610],5.32825,-73.69972222,2590,LENGUAZAQUE,Sogamoso,2401,Río Suárez,CUNDINAMARCA,LENGUAZAQUE,2015-11-11,DEMANDA QUIMICA DE OXIGENO (DQO),21.0,mg O2/L,Ideam,24336
RCA_LENGUAZAQUE_CUN_LENGUAZAQUE_BOQUERON [24017610],5.32825,-73.69972222,2590,LENGUAZAQUE,Sogamoso,2401,Río Suárez,CUNDINAMARCA,LENGUAZAQUE,2015-11-11,NITROGENO AMONIACAL,,mg N-NH3-/L,Ideam,24336
RCA_LENGUAZAQUE_CUN_LENGUAZAQUE_BOQUERON [24017610],5.32825,-73.69972222,2590,LENGUAZAQUE,Sogamoso,2401,Río Suárez,CUNDINAMARCA,LENGUAZAQUE,2015-11-11,pH,7.1,unidades de pH,Ideam,24336
RCA_LENGUAZAQUE_CUN_LENGUAZAQUE_BOQUERON [24017610],5.32825,-73.69972222,2590,LENGUAZAQUE,Sogamoso,2401,Río Suárez,CUNDINAMARCA,LENGUAZAQUE,2015-11-11,SOLIDOS SUSPENDIDOS TOTALES,,mg/L,Ideam,24336
RCA_LENGUAZAQUE_CUN_LENGUAZAQUE_BOQUERON [24017610],5.32825,-73.69972222,2590,LENGUAZAQUE,Sogamoso,2401,Río Suárez,CUNDINAMARCA,LENGUAZAQUE,2015-11-11,FOSFORO TOTAL,0.18,mg P/L,Ideam,24336
RCA_LENGUAZAQUE_CUN_LENGUAZAQUE_BOQUERON [24017610],5.32825,-73.69972222,2590,LENGUAZAQUE,Sogamoso,2401,Río Suárez,CUNDINAMARCA,LENGUAZAQUE,2016-05-15,CONDUCTIVIDAD ELECTRICA,74.2,µS/cm,Ideam,24549
RCA_LENGUAZAQUE_CUN_LENGUAZAQUE_BOQUERON [24017610],5.32825,-73.69972222,2590,LENGUAZAQUE,Sogamoso,2401,Río Suárez,CUNDINAMARCA,LENGUAZAQUE,2016-05-15,NITROGENO AMONIACAL,,mg N-NH3-/L,Ideam,24549
RCA_LENGUAZAQUE_CUN_LENGUAZAQUE_BOQUERON [24017610],5.32825,-73.69972222,2590,LENGUAZAQUE,Sogamoso,2401,Río Suárez,CUNDINAMARCA,LENGUAZAQUE,2016-05-15,TURBIDEZ,19.0,NTU,Ideam,24549
RCA_LENGUAZAQUE_CUN_LENGUAZAQUE_BOQUERON [24017610],5.32825,-73.69972222,2590,LENGUAZAQUE,Sogamoso,2401,Río Suárez,CUNDINAMARCA,LENGUAZAQUE,2016-05-15,pH,7.29,unidades de pH,Ideam,24549
RCA_LENGUAZAQUE_CUN_LENGUAZAQUE_BOQUERON [24017610],5.32825,-73.69972222,2590,LENGUAZAQUE,Sogamoso,2401,Río Suárez,CUNDINAMARCA,LENGUAZAQUE,2016-05-15,NITRITO,0.016,mg/L,Ideam,24549
RCA_LENGUAZAQUE_CUN_LENGUAZAQUE_BOQUERON [24017610],5.32825,-73.69972222,2590,LENGUAZAQUE,Sogamoso,2401,Río Suárez,CUNDINAMARCA,LENGUAZAQUE,2016-05-15,OXIGENO DISUELTO (OD),4.3,mg O2/L,Ideam,24549
RCA_LENGUAZAQUE_CUN_LENGUAZAQUE_BOQUERON [24017610],5.32825,-73.69972222,2590,LENGUAZAQUE,Sogamoso,2401,Río Suárez,CUNDINAMARCA,LENGUAZAQUE,2016-05-15,DEMANDA QUIMICA DE OXIGENO (DQO),26.0,mg O2/L,Ideam,24549
RCA_LENGUAZAQUE_CUN_LENGUAZAQUE_BOQUERON [24017610],5.32825,-73.69972222,2590,LENGUAZAQUE,Sogamoso,2401,Río Suárez,CUNDINAMARCA,LENGUAZAQUE,2016-05-15,NITROGENO KJELDAHL TOTAL,0.94,mg N/L,Ideam,24549
RCA_LENGUAZAQUE_CUN_LENGUAZAQUE_BOQUERON [24017610],5.32825,-73.69972222,2590,LENGUAZAQUE,Sogamoso,2401,Río Suárez,CUNDINAMARCA,LENGUAZAQUE,2016-05-15,TEMPERATURA,16.3,°C,Ideam,24549
RCA_LENGUAZAQUE_CUN_LENGUAZAQUE_BOQUERON [24017610],5.32825,-73.69972222,2590,LENGUAZAQUE,Sogamoso,2401,Río Suárez,CUNDINAMARCA,LENGUAZAQUE,2016-05-15,NITRATO,0.56,mg N-NO3-/L,Ideam,24549
RCA_LENGUAZAQUE_CUN_LENGUAZAQUE_BOQUERON [24017610],5.32825,-73.69972222,2590,LENGUAZAQUE,Sogamoso,2401,Río Suárez,CUNDINAMARCA,LENGUAZAQUE,2016-05-15,FOSFORO REACTIVO DISUELTO,0.049,mg P-PO4-3/L,Ideam,24549
RCA_LENGUAZAQUE_CUN_LENGUAZAQUE_BOQUERON [24017610],5.32825,-73.69972222,2590,LENGUAZAQUE,Sogamoso,2401,Río Suárez,CUNDINAMARCA,LENGUAZAQUE,2016-05-15,FOSFORO TOTAL,0.17,mg P/L,Ideam,24549
RCA_LENGUAZAQUE_CUN_LENGUAZAQUE_BOQUERON [24017610],5.32825,-73.69972222,2590,LENGUAZAQUE,Sogamoso,2401,Río Suárez,CUNDINAMARCA,LENGUAZAQUE,2016-07-27,TURBIDEZ,14.0,NTU,Ideam,24885
RCA_LENGUAZAQUE_CUN_LENGUAZAQUE_BOQUERON [24017610],5.32825,-73.69972222,2590,LENGUAZAQUE,Sogamoso,2401,Río Suárez,CUNDINAMARCA,LENGUAZAQUE,2016-07-27,NITRITO,0.013,mg/L,Ideam,24885
RCA_LENGUAZAQUE_CUN_LENGUAZAQUE_BOQUERON [24017610],5.32825,-73.69972222,2590,LENGUAZAQUE,Sogamoso,2401,Río Suárez,CUNDINAMARCA,LENGUAZAQUE,2016-07-27,TEMPERATURA,13.6,°C,Ideam,24885
RCA_LENGUAZAQUE_CUN_LENGUAZAQUE_BOQUERON [24017610],5.32825,-73.69972222,2590,LENGUAZAQUE,Sogamoso,2401,Río Suárez,CUNDINAMARCA,LENGUAZAQUE,2016-07-27,NITROGENO AMONIACAL,,mg N-NH3-/L,Ideam,24885
RCA_LENGUAZAQUE_CUN_LENGUAZAQUE_BOQUERON [24017610],5.32825,-73.69972222,2590,LENGUAZAQUE,Sogamoso,2401,Río Suárez,CUNDINAMARCA,LENGUAZAQUE,2016-07-27,FOSFORO REACTIVO DISUELTO,,mg P-PO4-3/L,Ideam,24885
RCA_LENGUAZAQUE_CUN_LENGUAZAQUE_BOQUERON [24017610],5.32825,-73.69972222,2590,LENGUAZAQUE,Sogamoso,2401,Río Suárez,CUNDINAMARCA,LENGUAZAQUE,2016-07-27,SOLIDOS SUSPENDIDOS TOTALES,10.0,mg/L,Ideam,24885
RCA_LENGUAZAQUE_CUN_LENGUAZAQUE_BOQUERON [24017610],5.32825,-73.69972222,2590,LENGUAZAQUE,Sogamoso,2401,Río Suárez,CUNDINAMARCA,LENGUAZAQUE,2016-07-27,NITROGENO KJELDAHL TOTAL,0.72,mg N/L,Ideam,24885
RCA_LENGUAZAQUE_CUN_LENGUAZAQUE_BOQUERON [24017610],5.32825,-73.69972222,2590,LENGUAZAQUE,Sogamoso,2401,Río Suárez,CUNDINAMARCA,LENGUAZAQUE,2016-07-27,OXIGENO DISUELTO (OD),4.8,mg O2/L,Ideam,24885
RCA_LENGUAZAQUE_CUN_LENGUAZAQUE_BOQUERON [24017610],5.32825,-73.69972222,2590,LENGUAZAQUE,Sogamoso,2401,Río Suárez,CUNDINAMARCA,LENGUAZAQUE,2016-07-27,DEMANDA QUIMICA DE OXIGENO (DQO),25.0,mg O2/L,Ideam,24885
RCA_LENGUAZAQUE_CUN_LENGUAZAQUE_BOQUERON [24017610],5.32825,-73.69972222,2590,LENGUAZAQUE,Sogamoso,2401,Río Suárez,CUNDINAMARCA,LENGUAZAQUE,2016-07-27,pH,6.61,unidades de pH,Ideam,24885
RCA_LENGUAZAQUE_CUN_LENGUAZAQUE_BOQUERON [24017610],5.32825,-73.69972222,2590,LENGUAZAQUE,Sogamoso,2401,Río Suárez,CUNDINAMARCA,LENGUAZAQUE,2016-07-27,CONDUCTIVIDAD ELECTRICA,71.18,µS/cm,Ideam,24885
RCA_LENGUAZAQUE_CUN_LENGUAZAQUE_BOQUERON [24017610],5.32825,-73.69972222,2590,LENGUAZAQUE,Sogamoso,2401,Río Suárez,CUNDINAMARCA,LENGUAZAQUE,2016-07-27,FOSFORO TOTAL,0.12,mg P/L,Ideam,24885
RCA_LENGUAZAQUE_CUN_LENGUAZAQUE_BOQUERON [24017610],5.32825,-73.69972222,2590,LENGUAZAQUE,Sogamoso,2401,Río Suárez,CUNDINAMARCA,LENGUAZAQUE,2016-07-27,NITRATO,0.73,mg N-NO3-/L,Ideam,24885
RCA_LENGUAZAQUE_CUN_LENGUAZAQUE_BOQUERON [24017610],5.32825,-73.69972222,2590,LENGUAZAQUE,Sogamoso,2401,Río Suárez,CUNDINAMARCA,LENGUAZAQUE,2016-09-09,FOSFORO TOTAL,0.11,mg P/L,Ideam,25101
RCA_LENGUAZAQUE_CUN_LENGUAZAQUE_BOQUERON [24017610],5.32825,-73.69972222,2590,LENGUAZAQUE,Sogamoso,2401,Río Suárez,CUNDINAMARCA,LENGUAZAQUE,2016-09-09,FOSFORO REACTIVO DISUELTO,,mg P-PO4-3/L,Ideam,25101
RCA_LENGUAZAQUE_CUN_LENGUAZAQUE_BOQUERON [24017610],5.32825,-73.69972222,2590,LENGUAZAQUE,Sogamoso,2401,Río Suárez,CUNDINAMARCA,LENGUAZAQUE,2016-09-09,DEMANDA QUIMICA DE OXIGENO (DQO),,mg O2/L,Ideam,25101
RCA_LENGUAZAQUE_CUN_LENGUAZAQUE_BOQUERON [24017610],5.32825,-73.69972222,2590,LENGUAZAQUE,Sogamoso,2401,Río Suárez,CUNDINAMARCA,LENGUAZAQUE,2016-09-09,CONDUCTIVIDAD ELECTRICA,69.32,µS/cm,Ideam,25101
RCA_LENGUAZAQUE_CUN_LENGUAZAQUE_BOQUERON [24017610],5.32825,-73.69972222,2590,LENGUAZAQUE,Sogamoso,2401,Río Suárez,CUNDINAMARCA,LENGUAZAQUE,2016-09-09,TURBIDEZ,10.0,NTU,Ideam,25101
RCA_LENGUAZAQUE_CUN_LENGUAZAQUE_BOQUERON [24017610],5.32825,-73.69972222,2590,LENGUAZAQUE,Sogamoso,2401,Río Suárez,CUNDINAMARCA,LENGUAZAQUE,2016-09-09,pH,6.82,unidades de pH,Ideam,25101
RCA_LENGUAZAQUE_CUN_LENGUAZAQUE_BOQUERON [24017610],5.32825,-73.69972222,2590,LENGUAZAQUE,Sogamoso,2401,Río Suárez,CUNDINAMARCA,LENGUAZAQUE,2016-09-09,OXIGENO DISUELTO (OD),5.3,mg O2/L,Ideam,25101
RCA_LENGUAZAQUE_CUN_LENGUAZAQUE_BOQUERON [24017610],5.32825,-73.69972222,2590,LENGUAZAQUE,Sogamoso,2401,Río Suárez,CUNDINAMARCA,LENGUAZAQUE,2016-09-09,NITRITO,0.018,mg/L,Ideam,25101
RCA_LENGUAZAQUE_CUN_LENGUAZAQUE_BOQUERON [24017610],5.32825,-73.69972222,2590,LENGUAZAQUE,Sogamoso,2401,Río Suárez,CUNDINAMARCA,LENGUAZAQUE,2016-09-09,NITROGENO KJELDAHL TOTAL,1.2,mg N/L,Ideam,25101
RCA_LENGUAZAQUE_CUN_LENGUAZAQUE_BOQUERON [24017610],5.32825,-73.69972222,2590,LENGUAZAQUE,Sogamoso,2401,Río Suárez,CUNDINAMARCA,LENGUAZAQUE,2016-09-09,SOLIDOS SUSPENDIDOS TOTALES,7.2,mg/L,Ideam,25101
RCA_LENGUAZAQUE_CUN_LENGUAZAQUE_BOQUERON [24017610],5.32825,-73.69972222,2590,LENGUAZAQUE,Sogamoso,2401,Río Suárez,CUNDINAMARCA,LENGUAZAQUE,2016-09-09,NITRATO,0.38,mg N-NO3-/L,Ideam,25101
RCA_LENGUAZAQUE_CUN_LENGUAZAQUE_BOQUERON [24017610],5.32825,-73.69972222,2590,LENGUAZAQUE,Sogamoso,2401,Río Suárez,CUNDINAMARCA,LENGUAZAQUE,2016-09-09,NITROGENO AMONIACAL,,mg N-NH3-/L,Ideam,25101
RCA_LENGUAZAQUE_CUN_LENGUAZAQUE_BOQUERON [24017610],5.32825,-73.69972222,2590,LENGUAZAQUE,Sogamoso,2401,Río Suárez,CUNDINAMARCA,LENGUAZAQUE,2017-02-14,pH,7.03,unidades de pH,Ideam,25798
RCA_LENGUAZAQUE_CUN_LENGUAZAQUE_BOQUERON [24017610],5.32825,-73.69972222,2590,LENGUAZAQUE,Sogamoso,2401,Río Suárez,CUNDINAMARCA,LENGUAZAQUE,2017-02-14,OXIGENO DISUELTO (OD),5.7,mg O2/L,Ideam,25798
RCA_LENGUAZAQUE_CUN_LENGUAZAQUE_BOQUERON [24017610],5.32825,-73.69972222,2590,LENGUAZAQUE,Sogamoso,2401,Río Suárez,CUNDINAMARCA,LENGUAZAQUE,2017-02-14,DEMANDA QUIMICA DE OXIGENO (DQO),14.0,mg O2/L,Ideam,25798
RCA_LENGUAZAQUE_CUN_LENGUAZAQUE_BOQUERON [24017610],5.32825,-73.69972222,2590,LENGUAZAQUE,Sogamoso,2401,Río Suárez,CUNDINAMARCA,LENGUAZAQUE,2017-02-14,NITROGENO KJELDAHL TOTAL,1.2,mg N/L,Ideam,25798
RCA_LENGUAZAQUE_CUN_LENGUAZAQUE_BOQUERON [24017610],5.32825,-73.69972222,2590,LENGUAZAQUE,Sogamoso,2401,Río Suárez,CUNDINAMARCA,LENGUAZAQUE,2017-02-14,SOLIDOS SUSPENDIDOS TOTALES,4.8,mg/L,Ideam,25798
RCA_LENGUAZAQUE_CUN_LENGUAZAQUE_BOQUERON [24017610],5.32825,-73.69972222,2590,LENGUAZAQUE,Sogamoso,2401,Río Suárez,CUNDINAMARCA,LENGUAZAQUE,2017-02-14,CONDUCTIVIDAD ELECTRICA,117.1,µS/cm,Ideam,25798
RCA_LENGUAZAQUE_CUN_LENGUAZAQUE_BOQUERON [24017610],5.32825,-73.69972222,2590,LENGUAZAQUE,Sogamoso,2401,Río Suárez,CUNDINAMARCA,LENGUAZAQUE,2017-02-14,FOSFORO REACTIVO DISUELTO,0.079,mg P-PO4-3/L,Ideam,25798
RCA_LENGUAZAQUE_CUN_LENGUAZAQUE_BOQUERON [24017610],5.32825,-73.69972222,2590,LENGUAZAQUE,Sogamoso,2401,Río Suárez,CUNDINAMARCA,LENGUAZAQUE,2017-02-14,NITROGENO AMONIACAL,0.52,mg N-NH3-/L,Ideam,25798
RCA_LENGUAZAQUE_CUN_LENGUAZAQUE_BOQUERON [24017610],5.32825,-73.69972222,2590,LENGUAZAQUE,Sogamoso,2401,Río Suárez,CUNDINAMARCA,LENGUAZAQUE,2017-02-14,NITRATO,0.33,mg N-NO3-/L,Ideam,25798
RCA_LENGUAZAQUE_CUN_LENGUAZAQUE_BOQUERON [24017610],5.32825,-73.69972222,2590,LENGUAZAQUE,Sogamoso,2401,Río Suárez,CUNDINAMARCA,LENGUAZAQUE,2017-02-14,TEMPERATURA,15.2,°C,Ideam,25798
RCA_LENGUAZAQUE_CUN_LENGUAZAQUE_BOQUERON [24017610],5.32825,-73.69972222,2590,LENGUAZAQUE,Sogamoso,2401,Río Suárez,CUNDINAMARCA,LENGUAZAQUE,2017-02-14,TURBIDEZ,7.0,NTU,Ideam,25798
RCA_LENGUAZAQUE_CUN_LENGUAZAQUE_BOQUERON [24017610],5.32825,-73.69972222,2590,LENGUAZAQUE,Sogamoso,2401,Río Suárez,CUNDINAMARCA,LENGUAZAQUE,2017-02-14,FOSFORO TOTAL,0.14,mg P/L,Ideam,25798
RCA_LENGUAZAQUE_CUN_LENGUAZAQUE_BOQUERON [24017610],5.32825,-73.69972222,2590,LENGUAZAQUE,Sogamoso,2401,Río Suárez,CUNDINAMARCA,LENGUAZAQUE,2017-02-14,NITRITO,0.15,mg/L,Ideam,25798
RCA_LENGUAZAQUE_CUN_LENGUAZAQUE_BOQUERON [24017610],5.32825,-73.69972222,2590,LENGUAZAQUE,Sogamoso,2401,Río Suárez,CUNDINAMARCA,LENGUAZAQUE,2017-05-21,CONDUCTIVIDAD ELECTRICA,124.0,µS/cm,Ideam,26360
RCA_LENGUAZAQUE_CUN_LENGUAZAQUE_BOQUERON [24017610],5.32825,-73.69972222,2590,LENGUAZAQUE,Sogamoso,2401,Río Suárez,CUNDINAMARCA,LENGUAZAQUE,2017-05-21,NITRATO,0.61,mg N-NO3-/L,Ideam,26360
RCA_LENGUAZAQUE_CUN_LENGUAZAQUE_BOQUERON [24017610],5.32825,-73.69972222,2590,LENGUAZAQUE,Sogamoso,2401,Río Suárez,CUNDINAMARCA,LENGUAZAQUE,2017-05-21,pH,6.34,unidades de pH,Ideam,26360
RCA_LENGUAZAQUE_CUN_LENGUAZAQUE_BOQUERON [24017610],5.32825,-73.69972222,2590,LENGUAZAQUE,Sogamoso,2401,Río Suárez,CUNDINAMARCA,LENGUAZAQUE,2017-05-21,OXIGENO DISUELTO (OD),7.0,mg O2/L,Ideam,26360
RCA_LENGUAZAQUE_CUN_LENGUAZAQUE_BOQUERON [24017610],5.32825,-73.69972222,2590,LENGUAZAQUE,Sogamoso,2401,Río Suárez,CUNDINAMARCA,LENGUAZAQUE,2017-05-21,DEMANDA QUIMICA DE OXIGENO (DQO),37.0,mg O2/L,Ideam,26360
RCA_LENGUAZAQUE_CUN_LENGUAZAQUE_BOQUERON [24017610],5.32825,-73.69972222,2590,LENGUAZAQUE,Sogamoso,2401,Río Suárez,CUNDINAMARCA,LENGUAZAQUE,2017-05-21,FOSFORO TOTAL,0.16,mg P/L,Ideam,26360
RCA_LENGUAZAQUE_CUN_LENGUAZAQUE_BOQUERON [24017610],5.32825,-73.69972222,2590,LENGUAZAQUE,Sogamoso,2401,Río Suárez,CUNDINAMARCA,LENGUAZAQUE,2017-05-21,NITRITO,0.0092,mg/L,Ideam,26360
RCA_LENGUAZAQUE_CUN_LENGUAZAQUE_BOQUERON [24017610],5.32825,-73.69972222,2590,LENGUAZAQUE,Sogamoso,2401,Río Suárez,CUNDINAMARCA,LENGUAZAQUE,2017-05-21,TEMPERATURA,16.1,°C,Ideam,26360
RCA_LENGUAZAQUE_CUN_LENGUAZAQUE_BOQUERON [24017610],5.32825,-73.69972222,2590,LENGUAZAQUE,Sogamoso,2401,Río Suárez,CUNDINAMARCA,LENGUAZAQUE,2017-05-21,NITROGENO KJELDAHL TOTAL,0.98,mg N/L,Ideam,26360
RCA_LENGUAZAQUE_CUN_LENGUAZAQUE_BOQUERON [24017610],5.32825,-73.69972222,2590,LENGUAZAQUE,Sogamoso,2401,Río Suárez,CUNDINAMARCA,LENGUAZAQUE,2017-05-21,SOLIDOS SUSPENDIDOS TOTALES,50.0,mg/L,Ideam,26360
RCA_LENGUAZAQUE_CUN_LENGUAZAQUE_BOQUERON [24017610],5.32825,-73.69972222,2590,LENGUAZAQUE,Sogamoso,2401,Río Suárez,CUNDINAMARCA,LENGUAZAQUE,2017-05-21,TURBIDEZ,48.0,NTU,Ideam,26360
RCA_LENGUAZAQUE_CUN_LENGUAZAQUE_BOQUERON [24017610],5.32825,-73.69972222,2590,LENGUAZAQUE,Sogamoso,2401,Río Suárez,CUNDINAMARCA,LENGUAZAQUE,2017-05-21,FOSFORO REACTIVO DISUELTO,0.046,mg P-PO4-3/L,Ideam,26360
RCA_LENGUAZAQUE_CUN_LENGUAZAQUE_BOQUERON [24017610],5.32825,-73.69972222,2590,LENGUAZAQUE,Sogamoso,2401,Río Suárez,CUNDINAMARCA,LENGUAZAQUE,2017-05-21,NITROGENO AMONIACAL,,mg N-NH3-/L,Ideam,26360
RCA_LENGUAZAQUE_CUN_LENGUAZAQUE_BOQUERON [24017610],5.32825,-73.69972222,2590,LENGUAZAQUE,Sogamoso,2401,Río Suárez,CUNDINAMARCA,LENGUAZAQUE,2017-09-10,CONDUCTIVIDAD ELECTRICA,111.4,µS/cm,Ideam,26520
RCA_LENGUAZAQUE_CUN_LENGUAZAQUE_BOQUERON [24017610],5.32825,-73.69972222,2590,LENGUAZAQUE,Sogamoso,2401,Río Suárez,CUNDINAMARCA,LENGUAZAQUE,2017-09-10,NITRATO,0.43,mg N-NO3-/L,Ideam,26520
RCA_LENGUAZAQUE_CUN_LENGUAZAQUE_BOQUERON [24017610],5.32825,-73.69972222,2590,LENGUAZAQUE,Sogamoso,2401,Río Suárez,CUNDINAMARCA,LENGUAZAQUE,2017-09-10,NITRITO,0.024,mg/L,Ideam,26520
RCA_LENGUAZAQUE_CUN_LENGUAZAQUE_BOQUERON [24017610],5.32825,-73.69972222,2590,LENGUAZAQUE,Sogamoso,2401,Río Suárez,CUNDINAMARCA,LENGUAZAQUE,2017-09-10,NITROGENO AMONIACAL,0.41,mg N-NH3-/L,Ideam,26520
RCA_LENGUAZAQUE_CUN_LENGUAZAQUE_BOQUERON [24017610],5.32825,-73.69972222,2590,LENGUAZAQUE,Sogamoso,2401,Río Suárez,CUNDINAMARCA,LENGUAZAQUE,2017-09-10,DEMANDA QUIMICA DE OXIGENO (DQO),17.0,mg O2/L,Ideam,26520
RCA_LENGUAZAQUE_CUN_LENGUAZAQUE_BOQUERON [24017610],5.32825,-73.69972222,2590,LENGUAZAQUE,Sogamoso,2401,Río Suárez,CUNDINAMARCA,LENGUAZAQUE,2017-09-10,pH,6.89,unidades de pH,Ideam,26520
RCA_LENGUAZAQUE_CUN_LENGUAZAQUE_BOQUERON [24017610],5.32825,-73.69972222,2590,LENGUAZAQUE,Sogamoso,2401,Río Suárez,CUNDINAMARCA,LENGUAZAQUE,2017-09-10,NITROGENO KJELDAHL TOTAL,1.8,mg N/L,Ideam,26520
RCA_LENGUAZAQUE_CUN_LENGUAZAQUE_BOQUERON [24017610],5.32825,-73.69972222,2590,LENGUAZAQUE,Sogamoso,2401,Río Suárez,CUNDINAMARCA,LENGUAZAQUE,2017-09-10,FOSFORO REACTIVO DISUELTO,0.047,mg P-PO4-3/L,Ideam,26520
RCA_LENGUAZAQUE_CUN_LENGUAZAQUE_BOQUERON [24017610],5.32825,-73.69972222,2590,LENGUAZAQUE,Sogamoso,2401,Río Suárez,CUNDINAMARCA,LENGUAZAQUE,2017-09-10,FOSFORO TOTAL,0.34,mg P/L,Ideam,26520
RCA_LENGUAZAQUE_CUN_LENGUAZAQUE_BOQUERON [24017610],5.32825,-73.69972222,2590,LENGUAZAQUE,Sogamoso,2401,Río Suárez,CUNDINAMARCA,LENGUAZAQUE,2017-09-10,TURBIDEZ,38.0,NTU,Ideam,26520
RCA_LENGUAZAQUE_CUN_LENGUAZAQUE_BOQUERON [24017610],5.32825,-73.69972222,2590,LENGUAZAQUE,Sogamoso,2401,Río Suárez,CUNDINAMARCA,LENGUAZAQUE,2017-09-10,SOLIDOS SUSPENDIDOS TOTALES,41.0,mg/L,Ideam,26520
RCA_LENGUAZAQUE_CUN_LENGUAZAQUE_BOQUERON [24017610],5.32825,-73.69972222,2590,LENGUAZAQUE,Sogamoso,2401,Río Suárez,CUNDINAMARCA,LENGUAZAQUE,2018-03-21,NITRITO,0.055,mg/L,Ideam,26851
RCA_LENGUAZAQUE_CUN_LENGUAZAQUE_BOQUERON [24017610],5.32825,-73.69972222,2590,LENGUAZAQUE,Sogamoso,2401,Río Suárez,CUNDINAMARCA,LENGUAZAQUE,2018-03-21,CONDUCTIVIDAD ELECTRICA,105.8,µS/cm,Ideam,26851
RCA_LENGUAZAQUE_CUN_LENGUAZAQUE_BOQUERON [24017610],5.32825,-73.69972222,2590,LENGUAZAQUE,Sogamoso,2401,Río Suárez,CUNDINAMARCA,LENGUAZAQUE,2018-03-21,TEMPERATURA,16.2,°C,Ideam,26851
RCA_LENGUAZAQUE_CUN_LENGUAZAQUE_BOQUERON [24017610],5.32825,-73.69972222,2590,LENGUAZAQUE,Sogamoso,2401,Río Suárez,CUNDINAMARCA,LENGUAZAQUE,2018-03-21,TURBIDEZ,5.2,NTU,Ideam,26851
RCA_LENGUAZAQUE_CUN_LENGUAZAQUE_BOQUERON [24017610],5.32825,-73.69972222,2590,LENGUAZAQUE,Sogamoso,2401,Río Suárez,CUNDINAMARCA,LENGUAZAQUE,2018-03-21,OXIGENO DISUELTO (OD),3.9,mg O2/L,Ideam,26851
RCA_LENGUAZAQUE_CUN_LENGUAZAQUE_BOQUERON [24017610],5.32825,-73.69972222,2590,LENGUAZAQUE,Sogamoso,2401,Río Suárez,CUNDINAMARCA,LENGUAZAQUE,2018-03-21,NITRATO,0.42,mg N-NO3-/L,Ideam,26851
RCA_LENGUAZAQUE_CUN_LENGUAZAQUE_BOQUERON [24017610],5.32825,-73.69972222,2590,LENGUAZAQUE,Sogamoso,2401,Río Suárez,CUNDINAMARCA,LENGUAZAQUE,2018-03-21,FOSFORO TOTAL,0.23,mg P/L,Ideam,26851
RCA_LENGUAZAQUE_CUN_LENGUAZAQUE_BOQUERON [24017610],5.32825,-73.69972222,2590,LENGUAZAQUE,Sogamoso,2401,Río Suárez,CUNDINAMARCA,LENGUAZAQUE,2018-03-21,DEMANDA QUIMICA DE OXIGENO (DQO),13.0,mg O2/L,Ideam,26851
RCA_LENGUAZAQUE_CUN_LENGUAZAQUE_BOQUERON [24017610],5.32825,-73.69972222,2590,LENGUAZAQUE,Sogamoso,2401,Río Suárez,CUNDINAMARCA,LENGUAZAQUE,2018-03-21,NITROGENO KJELDAHL TOTAL,2.8,mg N/L,Ideam,26851
RCA_LENGUAZAQUE_CUN_LENGUAZAQUE_BOQUERON [24017610],5.32825,-73.69972222,2590,LENGUAZAQUE,Sogamoso,2401,Río Suárez,CUNDINAMARCA,LENGUAZAQUE,2018-03-21,NITROGENO AMONIACAL,0.86,mg N-NH3-/L,Ideam,26851
RCA_LENGUAZAQUE_CUN_LENGUAZAQUE_BOQUERON [24017610],5.32825,-73.69972222,2590,LENGUAZAQUE,Sogamoso,2401,Río Suárez,CUNDINAMARCA,LENGUAZAQUE,2018-03-21,pH,6.79,unidades de pH,Ideam,26851
RCA_LENGUAZAQUE_CUN_LENGUAZAQUE_BOQUERON [24017610],5.32825,-73.69972222,2590,LENGUAZAQUE,Sogamoso,2401,Río Suárez,CUNDINAMARCA,LENGUAZAQUE,2018-03-21,FOSFORO REACTIVO DISUELTO,0.076,mg P-PO4-3/L,Ideam,26851
RCA_LENGUAZAQUE_CUN_LENGUAZAQUE_BOQUERON [24017610],5.32825,-73.69972222,2590,LENGUAZAQUE,Sogamoso,2401,Río Suárez,CUNDINAMARCA,LENGUAZAQUE,2018-06-23,TEMPERATURA,14.8,°C,Ideam,26941
RCA_LENGUAZAQUE_CUN_LENGUAZAQUE_BOQUERON [24017610],5.32825,-73.69972222,2590,LENGUAZAQUE,Sogamoso,2401,Río Suárez,CUNDINAMARCA,LENGUAZAQUE,2018-06-23,OXIGENO DISUELTO (OD),7.6,mg O2/L,Ideam,26941
RCA_LENGUAZAQUE_CUN_LENGUAZAQUE_BOQUERON [24017610],5.32825,-73.69972222,2590,LENGUAZAQUE,Sogamoso,2401,Río Suárez,CUNDINAMARCA,LENGUAZAQUE,2018-06-23,CONDUCTIVIDAD ELECTRICA,115.0,µS/cm,Ideam,26941
RCA_LENGUAZAQUE_CUN_LENGUAZAQUE_BOQUERON [24017610],5.32825,-73.69972222,2590,LENGUAZAQUE,Sogamoso,2401,Río Suárez,CUNDINAMARCA,LENGUAZAQUE,2018-06-23,pH,6.08,unidades de pH,Ideam,26941
RCA_LENGUAZAQUE_CUN_LENGUAZAQUE_BOQUERON [24017610],5.32825,-73.69972222,2590,LENGUAZAQUE,Sogamoso,2401,Río Suárez,CUNDINAMARCA,LENGUAZAQUE,2018-09-19,pH,6.69,unidades de pH,Ideam,27037
RCA_LENGUAZAQUE_CUN_LENGUAZAQUE_BOQUERON [24017610],5.32825,-73.69972222,2590,LENGUAZAQUE,Sogamoso,2401,Río Suárez,CUNDINAMARCA,LENGUAZAQUE,2018-09-19,TURBIDEZ,13.0,NTU,Ideam,27037
RCA_LENGUAZAQUE_CUN_LENGUAZAQUE_BOQUERON [24017610],5.32825,-73.69972222,2590,LENGUAZAQUE,Sogamoso,2401,Río Suárez,CUNDINAMARCA,LENGUAZAQUE,2018-09-19,FOSFORO REACTIVO DISUELTO,0.089,mg P-PO4-3/L,Ideam,27037
RCA_LENGUAZAQUE_CUN_LENGUAZAQUE_BOQUERON [24017610],5.32825,-73.69972222,2590,LENGUAZAQUE,Sogamoso,2401,Río Suárez,CUNDINAMARCA,LENGUAZAQUE,2018-09-19,DEMANDA QUIMICA DE OXIGENO (DQO),15.0,mg O2/L,Ideam,27037
RCA_LENGUAZAQUE_CUN_LENGUAZAQUE_BOQUERON [24017610],5.32825,-73.69972222,2590,LENGUAZAQUE,Sogamoso,2401,Río Suárez,CUNDINAMARCA,LENGUAZAQUE,2018-09-19,TEMPERATURA,13.8,°C,Ideam,27037
RCA_LENGUAZAQUE_CUN_LENGUAZAQUE_BOQUERON [24017610],5.32825,-73.69972222,2590,LENGUAZAQUE,Sogamoso,2401,Río Suárez,CUNDINAMARCA,LENGUAZAQUE,2018-09-19,FOSFORO TOTAL,0.17,mg P/L,Ideam,27037
RCA_LENGUAZAQUE_CUN_LENGUAZAQUE_BOQUERON [24017610],5.32825,-73.69972222,2590,LENGUAZAQUE,Sogamoso,2401,Río Suárez,CUNDINAMARCA,LENGUAZAQUE,2018-09-19,NITRATO,0.36,mg N-NO3-/L,Ideam,27037
RCA_LENGUAZAQUE_CUN_LENGUAZAQUE_BOQUERON [24017610],5.32825,-73.69972222,2590,LENGUAZAQUE,Sogamoso,2401,Río Suárez,CUNDINAMARCA,LENGUAZAQUE,2018-09-19,NITRITO,0.013,mg/L,Ideam,27037
RCA_LENGUAZAQUE_CUN_LENGUAZAQUE_BOQUERON [24017610],5.32825,-73.69972222,2590,LENGUAZAQUE,Sogamoso,2401,Río Suárez,CUNDINAMARCA,LENGUAZAQUE,2018-09-19,NITROGENO AMONIACAL,0.16,mg N-NH3-/L,Ideam,27037
RCA_LENGUAZAQUE_CUN_LENGUAZAQUE_BOQUERON [24017610],5.32825,-73.69972222,2590,LENGUAZAQUE,Sogamoso,2401,Río Suárez,CUNDINAMARCA,LENGUAZAQUE,2018-09-19,SOLIDOS SUSPENDIDOS TOTALES,13.0,mg/L,Ideam,27037
RCA_LENGUAZAQUE_CUN_LENGUAZAQUE_BOQUERON [24017610],5.32825,-73.69972222,2590,LENGUAZAQUE,Sogamoso,2401,Río Suárez,CUNDINAMARCA,LENGUAZAQUE,2018-09-19,NITROGENO KJELDAHL TOTAL,1.6,mg N/L,Ideam,27037
RCA_LENGUAZAQUE_CUN_LENGUAZAQUE_BOQUERON [24017610],5.32825,-73.69972222,2590,LENGUAZAQUE,Sogamoso,2401,Río Suárez,CUNDINAMARCA,LENGUAZAQUE,2018-09-19,OXIGENO DISUELTO (OD),6.0,mg O2/L,Ideam,27037
RCA_LENGUAZAQUE_CUN_LENGUAZAQUE_BOQUERON [24017610],5.32825,-73.69972222,2590,LENGUAZAQUE,Sogamoso,2401,Río Suárez,CUNDINAMARCA,LENGUAZAQUE,2018-09-19,CONDUCTIVIDAD ELECTRICA,99.9,µS/cm,Ideam,27037
RCA_LENGUAZAQUE_CUN_LENGUAZAQUE_BOQUERON [24017610],5.32825,-73.69972222,2590,LENGUAZAQUE,Sogamoso,2401,Río Suárez,CUNDINAMARCA,LENGUAZAQUE,2019-05-27,TURBIDEZ,34.4,NTU,Ideam,27440
RCA_LENGUAZAQUE_CUN_LENGUAZAQUE_BOQUERON [24017610],5.32825,-73.69972222,2590,LENGUAZAQUE,Sogamoso,2401,Río Suárez,CUNDINAMARCA,LENGUAZAQUE,2019-05-27,SOLIDOS SUSPENDIDOS TOTALES,32.0,mg/L,Ideam,27440
RCA_LENGUAZAQUE_CUN_LENGUAZAQUE_BOQUERON [24017610],5.32825,-73.69972222,2590,LENGUAZAQUE,Sogamoso,2401,Río Suárez,CUNDINAMARCA,LENGUAZAQUE,2019-05-27,pH,6.74,Unidades de pH,Ideam,27440
RCA_LENGUAZAQUE_CUN_LENGUAZAQUE_BOQUERON [24017610],5.32825,-73.69972222,2590,LENGUAZAQUE,Sogamoso,2401,Río Suárez,CUNDINAMARCA,LENGUAZAQUE,2019-05-27,OXIGENO DISUELTO (OD),5.2,mg O2/L,Ideam,27440
RCA_LENGUAZAQUE_CUN_LENGUAZAQUE_BOQUERON [24017610],5.32825,-73.69972222,2590,LENGUAZAQUE,Sogamoso,2401,Río Suárez,CUNDINAMARCA,LENGUAZAQUE,2019-05-27,NITROGENO TOTAL,1.8,mg/L,Ideam,27440
RCA_LENGUAZAQUE_CUN_LENGUAZAQUE_BOQUERON [24017610],5.32825,-73.69972222,2590,LENGUAZAQUE,Sogamoso,2401,Río Suárez,CUNDINAMARCA,LENGUAZAQUE,2019-05-27,NITROGENO AMONIACAL,0.86,mg N-NH3-/L,Ideam,27440
RCA_LENGUAZAQUE_CUN_LENGUAZAQUE_BOQUERON [24017610],5.32825,-73.69972222,2590,LENGUAZAQUE,Sogamoso,2401,Río Suárez,CUNDINAMARCA,LENGUAZAQUE,2019-05-27,TEMPERATURA,16.0,°C,Ideam,27440
RCA_LENGUAZAQUE_CUN_LENGUAZAQUE_BOQUERON [24017610],5.32825,-73.69972222,2590,LENGUAZAQUE,Sogamoso,2401,Río Suárez,CUNDINAMARCA,LENGUAZAQUE,2019-05-27,NITRATO,0.56,mg N-NO3-/L,Ideam,27440
RCA_LENGUAZAQUE_CUN_LENGUAZAQUE_BOQUERON [24017610],5.32825,-73.69972222,2590,LENGUAZAQUE,Sogamoso,2401,Río Suárez,CUNDINAMARCA,LENGUAZAQUE,2019-05-27,FOSFORO TOTAL,0.29,mg P/L,Ideam,27440
RCA_LENGUAZAQUE_CUN_LENGUAZAQUE_BOQUERON [24017610],5.32825,-73.69972222,2590,LENGUAZAQUE,Sogamoso,2401,Río Suárez,CUNDINAMARCA,LENGUAZAQUE,2019-05-27,FOSFORO REACTIVO DISUELTO,0.22,mg P-PO4-3/L,Ideam,27440
RCA_LENGUAZAQUE_CUN_LENGUAZAQUE_BOQUERON [24017610],5.32825,-73.69972222,2590,LENGUAZAQUE,Sogamoso,2401,Río Suárez,CUNDINAMARCA,LENGUAZAQUE,2019-05-27,DEMANDA QUIMICA DE OXIGENO (DQO),39.0,mg O2/L,Ideam,27440
RCA_LENGUAZAQUE_CUN_LENGUAZAQUE_BOQUERON [24017610],5.32825,-73.69972222,2590,LENGUAZAQUE,Sogamoso,2401,Río Suárez,CUNDINAMARCA,LENGUAZAQUE,2019-05-27,CONDUCTIVIDAD ELECTRICA,178.0,µS/cm,Ideam,27440
RCA_LENGUAZAQUE_CUN_LENGUAZAQUE_BOQUERON [24017610],5.32825,-73.69972222,2590,LENGUAZAQUE,Sogamoso,2401,Río Suárez,CUNDINAMARCA,LENGUAZAQUE,2019-05-27,NITRITO,0.032,mg N-NO2-/L,Ideam,27440
RCA_LENGUAZAQUE_CUN_LENGUAZAQUE_BOQUERON [24017610],5.32825,-73.69972222,2590,LENGUAZAQUE,Sogamoso,2401,Río Suárez,CUNDINAMARCA,LENGUAZAQUE,2019-08-17,TEMPERATURA,12.1,°C,Ideam,27586
RCA_LENGUAZAQUE_CUN_LENGUAZAQUE_BOQUERON [24017610],5.32825,-73.69972222,2590,LENGUAZAQUE,Sogamoso,2401,Río Suárez,CUNDINAMARCA,LENGUAZAQUE,2019-08-17,pH,6.56,Unidades de pH,Ideam,27586
RCA_LENGUAZAQUE_CUN_LENGUAZAQUE_BOQUERON [24017610],5.32825,-73.69972222,2590,LENGUAZAQUE,Sogamoso,2401,Río Suárez,CUNDINAMARCA,LENGUAZAQUE,2019-08-17,OXIGENO DISUELTO (OD),6.7,mg O2/L,Ideam,27586
RCA_LENGUAZAQUE_CUN_LENGUAZAQUE_BOQUERON [24017610],5.32825,-73.69972222,2590,LENGUAZAQUE,Sogamoso,2401,Río Suárez,CUNDINAMARCA,LENGUAZAQUE,2019-08-17,CONDUCTIVIDAD ELECTRICA,63.0,µS/cm,Ideam,27586
RCA_LENGUAZAQUE_CUN_LENGUAZAQUE_BOQUERON [24017610],5.32825,-73.69972222,2590,LENGUAZAQUE,Sogamoso,2401,Río Suárez,CUNDINAMARCA,LENGUAZAQUE,2019-08-17,TURBIDEZ,38.3,NTU,Ideam,27586
RCA_LENGUAZAQUE_CUN_LENGUAZAQUE_BOQUERON [24017610],5.32825,-73.69972222,2590,LENGUAZAQUE,Sogamoso,2401,Río Suárez,CUNDINAMARCA,LENGUAZAQUE,2019-08-17,SULFATO,7.52,mg SO4-2/L,Ideam,27586
RCA_LENGUAZAQUE_CUN_LENGUAZAQUE_BOQUERON [24017610],5.32825,-73.69972222,2590,LENGUAZAQUE,Sogamoso,2401,Río Suárez,CUNDINAMARCA,LENGUAZAQUE,2019-08-17,SOLIDOS SUSPENDIDOS TOTALES,40.0,mg/L,Ideam,27586
RCA_LENGUAZAQUE_CUN_LENGUAZAQUE_BOQUERON [24017610],5.32825,-73.69972222,2590,LENGUAZAQUE,Sogamoso,2401,Río Suárez,CUNDINAMARCA,LENGUAZAQUE,2019-08-17,NITROGENO AMONIACAL,0.11,mg N-NH3-/L,Ideam,27586
RCA_LENGUAZAQUE_CUN_LENGUAZAQUE_BOQUERON [24017610],5.32825,-73.69972222,2590,LENGUAZAQUE,Sogamoso,2401,Río Suárez,CUNDINAMARCA,LENGUAZAQUE,2019-08-17,NITRITO,0.008,mg N-NO2-/L,Ideam,27586
RCA_LENGUAZAQUE_CUN_LENGUAZAQUE_BOQUERON [24017610],5.32825,-73.69972222,2590,LENGUAZAQUE,Sogamoso,2401,Río Suárez,CUNDINAMARCA,LENGUAZAQUE,2019-08-17,NITRATO,0.5,mg N-NO3-/L,Ideam,27586
RCA_LENGUAZAQUE_CUN_LENGUAZAQUE_BOQUERON [24017610],5.32825,-73.69972222,2590,LENGUAZAQUE,Sogamoso,2401,Río Suárez,CUNDINAMARCA,LENGUAZAQUE,2019-08-17,FOSFORO TOTAL,0.13,mg P/L,Ideam,27586
RCA_LENGUAZAQUE_CUN_LENGUAZAQUE_BOQUERON [24017610],5.32825,-73.69972222,2590,LENGUAZAQUE,Sogamoso,2401,Río Suárez,CUNDINAMARCA,LENGUAZAQUE,2019-08-17,FOSFORO REACTIVO DISUELTO,,mg P-PO4-3/L,Ideam,27586
RCA_LENGUAZAQUE_CUN_LENGUAZAQUE_BOQUERON [24017610],5.32825,-73.69972222,2590,LENGUAZAQUE,Sogamoso,2401,Río Suárez,CUNDINAMARCA,LENGUAZAQUE,2019-08-17,DEMANDA QUIMICA DE OXIGENO (DQO),,mg O2/L,Ideam,27586
RCA_LENGUAZAQUE_CUN_LENGUAZAQUE_BOQUERON [24017610],5.32825,-73.69972222,2590,LENGUAZAQUE,Sogamoso,2401,Río Suárez,CUNDINAMARCA,LENGUAZAQUE,2019-08-17,NITROGENO TOTAL,,mg/L,Ideam,27586
RCA_LENGUAZAQUE_CUN_LENGUAZAQUE_BOQUERON [24017610],5.32825,-73.69972222,2590,LENGUAZAQUE,Sogamoso,2401,Río Suárez,CUNDINAMARCA,LENGUAZAQUE,2020-02-18,OXIGENO DISUELTO (OD),3.1,mg O2/L,Ideam,27823
RCA_LENGUAZAQUE_CUN_LENGUAZAQUE_BOQUERON [24017610],5.32825,-73.69972222,2590,LENGUAZAQUE,Sogamoso,2401,Río Suárez,CUNDINAMARCA,LENGUAZAQUE,2020-02-18,TEMPERATURA,14.8,°C,Ideam,27823
RCA_LENGUAZAQUE_CUN_LENGUAZAQUE_BOQUERON [24017610],5.32825,-73.69972222,2590,LENGUAZAQUE,Sogamoso,2401,Río Suárez,CUNDINAMARCA,LENGUAZAQUE,2020-02-18,SULFATO,17.48,mg SO4-2/L,Ideam,27823
RCA_LENGUAZAQUE_CUN_LENGUAZAQUE_BOQUERON [24017610],5.32825,-73.69972222,2590,LENGUAZAQUE,Sogamoso,2401,Río Suárez,CUNDINAMARCA,LENGUAZAQUE,2020-02-18,SOLIDOS SUSPENDIDOS TOTALES,,mg/L,Ideam,27823
RCA_LENGUAZAQUE_CUN_LENGUAZAQUE_BOQUERON [24017610],5.32825,-73.69972222,2590,LENGUAZAQUE,Sogamoso,2401,Río Suárez,CUNDINAMARCA,LENGUAZAQUE,2020-02-18,TURBIDEZ,8.8,NTU,Ideam,27823
RCA_LENGUAZAQUE_CUN_LENGUAZAQUE_BOQUERON [24017610],5.32825,-73.69972222,2590,LENGUAZAQUE,Sogamoso,2401,Río Suárez,CUNDINAMARCA,LENGUAZAQUE,2020-02-18,pH,6.73,Unidades de pH,Ideam,27823
RCA_LENGUAZAQUE_CUN_LENGUAZAQUE_BOQUERON [24017610],5.32825,-73.69972222,2590,LENGUAZAQUE,Sogamoso,2401,Río Suárez,CUNDINAMARCA,LENGUAZAQUE,2020-02-18,NITROGENO TOTAL,3.52,mg/L,Ideam,27823
RCA_LENGUAZAQUE_CUN_LENGUAZAQUE_BOQUERON [24017610],5.32825,-73.69972222,2590,LENGUAZAQUE,Sogamoso,2401,Río Suárez,CUNDINAMARCA,LENGUAZAQUE,2020-02-18,FOSFORO TOTAL,0.27,mg P/L,Ideam,27823
RCA_LENGUAZAQUE_CUN_LENGUAZAQUE_BOQUERON [24017610],5.32825,-73.69972222,2590,LENGUAZAQUE,Sogamoso,2401,Río Suárez,CUNDINAMARCA,LENGUAZAQUE,2020-02-18,NITRITO,0.013,mg N-NO2-/L,Ideam,27823
RCA_LENGUAZAQUE_CUN_LENGUAZAQUE_BOQUERON [24017610],5.32825,-73.69972222,2590,LENGUAZAQUE,Sogamoso,2401,Río Suárez,CUNDINAMARCA,LENGUAZAQUE,2020-02-18,NITRATO,0.26,mg N-NO3-/L,Ideam,27823
RCA_LENGUAZAQUE_CUN_LENGUAZAQUE_BOQUERON [24017610],5.32825,-73.69972222,2590,LENGUAZAQUE,Sogamoso,2401,Río Suárez,CUNDINAMARCA,LENGUAZAQUE,2020-02-18,FOSFORO REACTIVO DISUELTO,0.14,mg P-PO4-3/L,Ideam,27823
RCA_LENGUAZAQUE_CUN_LENGUAZAQUE_BOQUERON [24017610],5.32825,-73.69972222,2590,LENGUAZAQUE,Sogamoso,2401,Río Suárez,CUNDINAMARCA,LENGUAZAQUE,2020-02-18,DEMANDA QUIMICA DE OXIGENO (DQO),23.0,mg O2/L,Ideam,27823
RCA_LENGUAZAQUE_CUN_LENGUAZAQUE_BOQUERON [24017610],5.32825,-73.69972222,2590,LENGUAZAQUE,Sogamoso,2401,Río Suárez,CUNDINAMARCA,LENGUAZAQUE,2020-02-18,CONDUCTIVIDAD ELECTRICA,160.0,µS/cm,Ideam,27823
RCA_LENGUAZAQUE_CUN_LENGUAZAQUE_BOQUERON [24017610],5.32825,-73.69972222,2590,LENGUAZAQUE,Sogamoso,2401,Río Suárez,CUNDINAMARCA,LENGUAZAQUE,2020-02-18,NITROGENO AMONIACAL,3.0,mg N-NH3-/L,Ideam,27823
RCA_LENGUAZAQUE_CUN_LENGUAZAQUE_BOQUERON [24017610],5.32825,-73.69972222,2590,LENGUAZAQUE,Sogamoso,2401,Río Suárez,CUNDINAMARCA,LENGUAZAQUE,2020-12-12,TURBIDEZ,11.0,NTU,Ideam,28169
RCA_LENGUAZAQUE_CUN_LENGUAZAQUE_BOQUERON [24017610],5.32825,-73.69972222,2590,LENGUAZAQUE,Sogamoso,2401,Río Suárez,CUNDINAMARCA,LENGUAZAQUE,2020-12-12,SULFATO,45.28,mg SO4-2/L,Ideam,28169
RCA_LENGUAZAQUE_CUN_LENGUAZAQUE_BOQUERON [24017610],5.32825,-73.69972222,2590,LENGUAZAQUE,Sogamoso,2401,Río Suárez,CUNDINAMARCA,LENGUAZAQUE,2020-12-12,SOLIDOS SUSPENDIDOS TOTALES,14.0,mg/L,Ideam,28169
RCA_LENGUAZAQUE_CUN_LENGUAZAQUE_BOQUERON [24017610],5.32825,-73.69972222,2590,LENGUAZAQUE,Sogamoso,2401,Río Suárez,CUNDINAMARCA,LENGUAZAQUE,2020-12-12,NITROGENO TOTAL,1.57,mg/L,Ideam,28169
RCA_LENGUAZAQUE_CUN_LENGUAZAQUE_BOQUERON [24017610],5.32825,-73.69972222,2590,LENGUAZAQUE,Sogamoso,2401,Río Suárez,CUNDINAMARCA,LENGUAZAQUE,2020-12-12,NITRITO,0.01,mg N-NO2-/L,Ideam,28169
RCA_LENGUAZAQUE_CUN_LENGUAZAQUE_BOQUERON [24017610],5.32825,-73.69972222,2590,LENGUAZAQUE,Sogamoso,2401,Río Suárez,CUNDINAMARCA,LENGUAZAQUE,2020-12-12,NITRATO,0.42,mg N-NO3-/L,Ideam,28169
RCA_LENGUAZAQUE_CUN_LENGUAZAQUE_BOQUERON [24017610],5.32825,-73.69972222,2590,LENGUAZAQUE,Sogamoso,2401,Río Suárez,CUNDINAMARCA,LENGUAZAQUE,2020-12-12,NITROGENO AMONIACAL,0.23,mg N-NH3-/L,Ideam,28169
RCA_LENGUAZAQUE_CUN_LENGUAZAQUE_BOQUERON [24017610],5.32825,-73.69972222,2590,LENGUAZAQUE,Sogamoso,2401,Río Suárez,CUNDINAMARCA,LENGUAZAQUE,2020-12-12,FOSFORO REACTIVO DISUELTO,,mg P-PO4-3/L,Ideam,28169
RCA_LENGUAZAQUE_CUN_LENGUAZAQUE_BOQUERON [24017610],5.32825,-73.69972222,2590,LENGUAZAQUE,Sogamoso,2401,Río Suárez,CUNDINAMARCA,LENGUAZAQUE,2020-12-12,DEMANDA QUIMICA DE OXIGENO (DQO),11.0,mg O2/L,Ideam,28169
RCA_LENGUAZAQUE_CUN_LENGUAZAQUE_BOQUERON [24017610],5.32825,-73.69972222,2590,LENGUAZAQUE,Sogamoso,2401,Río Suárez,CUNDINAMARCA,LENGUAZAQUE,2020-12-12,TEMPERATURA,14.6,°C,Ideam,28169
RCA_LENGUAZAQUE_CUN_LENGUAZAQUE_BOQUERON [24017610],5.32825,-73.69972222,2590,LENGUAZAQUE,Sogamoso,2401,Río Suárez,CUNDINAMARCA,LENGUAZAQUE,2020-12-12,pH,7.12,Unidades de pH,Ideam,28169
RCA_LENGUAZAQUE_CUN_LENGUAZAQUE_BOQUERON [24017610],5.32825,-73.69972222,2590,LENGUAZAQUE,Sogamoso,2401,Río Suárez,CUNDINAMARCA,LENGUAZAQUE,2020-12-12,OXIGENO DISUELTO (OD),6.0,mg O2/L,Ideam,28169
RCA_LENGUAZAQUE_CUN_LENGUAZAQUE_BOQUERON [24017610],5.32825,-73.69972222,2590,LENGUAZAQUE,Sogamoso,2401,Río Suárez,CUNDINAMARCA,LENGUAZAQUE,2020-12-12,CONDUCTIVIDAD ELECTRICA,168.0,µS/cm,Ideam,28169
RCA_LENGUAZAQUE_CUN_LENGUAZAQUE_BOQUERON [24017610],5.32825,-73.69972222,2590,LENGUAZAQUE,Sogamoso,2401,Río Suárez,CUNDINAMARCA,LENGUAZAQUE,2020-12-12,FOSFORO TOTAL,0.11,mg P/L,Ideam,28169
RCA_LENGUAZAQUE_CUN_LENGUAZAQUE_BOQUERON [24017610],5.32825,-73.69972222,2590,LENGUAZAQUE,Sogamoso,2401,Río Suárez,CUNDINAMARCA,LENGUAZAQUE,2021-07-10,NITROGENO AMONIACAL,0.62,mg N-NH3-/L,Ideam,28375
RCA_LENGUAZAQUE_CUN_LENGUAZAQUE_BOQUERON [24017610],5.32825,-73.69972222,2590,LENGUAZAQUE,Sogamoso,2401,Río Suárez,CUNDINAMARCA,LENGUAZAQUE,2021-07-10,NITROGENO TOTAL,1.07,mg/L,Ideam,28375
RCA_LENGUAZAQUE_CUN_LENGUAZAQUE_BOQUERON [24017610],5.32825,-73.69972222,2590,LENGUAZAQUE,Sogamoso,2401,Río Suárez,CUNDINAMARCA,LENGUAZAQUE,2021-07-10,OXIGENO DISUELTO (OD),6.9,mg O2/L,Ideam,28375
RCA_LENGUAZAQUE_CUN_LENGUAZAQUE_BOQUERON [24017610],5.32825,-73.69972222,2590,LENGUAZAQUE,Sogamoso,2401,Río Suárez,CUNDINAMARCA,LENGUAZAQUE,2021-07-10,pH,6.55,Unidades de pH,Ideam,28375
RCA_LENGUAZAQUE_CUN_LENGUAZAQUE_BOQUERON [24017610],5.32825,-73.69972222,2590,LENGUAZAQUE,Sogamoso,2401,Río Suárez,CUNDINAMARCA,LENGUAZAQUE,2021-07-10,PLOMO POTENCIALMENTE BIODISPONIBLE,3.88,mg Pb/kg,Ideam,28375
RCA_LENGUAZAQUE_CUN_LENGUAZAQUE_BOQUERON [24017610],5.32825,-73.69972222,2590,LENGUAZAQUE,Sogamoso,2401,Río Suárez,CUNDINAMARCA,LENGUAZAQUE,2021-07-10,TEMPERATURA,13.3,°C,Ideam,28375
RCA_LENGUAZAQUE_CUN_LENGUAZAQUE_BOQUERON [24017610],5.32825,-73.69972222,2590,LENGUAZAQUE,Sogamoso,2401,Río Suárez,CUNDINAMARCA,LENGUAZAQUE,2021-07-10,SULFATO,37.0,mg SO4-2/L,Ideam,28375
RCA_LENGUAZAQUE_CUN_LENGUAZAQUE_BOQUERON [24017610],5.32825,-73.69972222,2590,LENGUAZAQUE,Sogamoso,2401,Río Suárez,CUNDINAMARCA,LENGUAZAQUE,2021-07-10,TURBIDEZ,50.0,NTU,Ideam,28375
RCA_LENGUAZAQUE_CUN_LENGUAZAQUE_BOQUERON [24017610],5.32825,-73.69972222,2590,LENGUAZAQUE,Sogamoso,2401,Río Suárez,CUNDINAMARCA,LENGUAZAQUE,2021-07-10,ZINC POTENCIALMENTE BIODISPONIBLE,51.9,mg Zn/kg,Ideam,28375
RCA_LENGUAZAQUE_CUN_LENGUAZAQUE_BOQUERON [24017610],5.32825,-73.69972222,2590,LENGUAZAQUE,Sogamoso,2401,Río Suárez,CUNDINAMARCA,LENGUAZAQUE,2021-07-10,NITRITO,0.009,mg N-NO2-/L,Ideam,28375
RCA_LENGUAZAQUE_CUN_LENGUAZAQUE_BOQUERON [24017610],5.32825,-73.69972222,2590,LENGUAZAQUE,Sogamoso,2401,Río Suárez,CUNDINAMARCA,LENGUAZAQUE,2021-07-10,SOLIDOS SUSPENDIDOS TOTALES,34.0,mg/L,Ideam,28375
RCA_LENGUAZAQUE_CUN_LENGUAZAQUE_BOQUERON [24017610],5.32825,-73.69972222,2590,LENGUAZAQUE,Sogamoso,2401,Río Suárez,CUNDINAMARCA,LENGUAZAQUE,2021-07-10,NITRATO,0.49,mg N-NO3-/L,Ideam,28375
RCA_LENGUAZAQUE_CUN_LENGUAZAQUE_BOQUERON [24017610],5.32825,-73.69972222,2590,LENGUAZAQUE,Sogamoso,2401,Río Suárez,CUNDINAMARCA,LENGUAZAQUE,2021-07-10,SOLIDOS TOTALES,129.0,mg/L,Ideam,28375
RCA_LENGUAZAQUE_CUN_LENGUAZAQUE_BOQUERON [24017610],5.32825,-73.69972222,2590,LENGUAZAQUE,Sogamoso,2401,Río Suárez,CUNDINAMARCA,LENGUAZAQUE,2021-07-10,MERCURIO TOTAL EN SEDIMENTOS,,mg Hg/kg,Ideam,28375
RCA_LENGUAZAQUE_CUN_LENGUAZAQUE_BOQUERON [24017610],5.32825,-73.69972222,2590,LENGUAZAQUE,Sogamoso,2401,Río Suárez,CUNDINAMARCA,LENGUAZAQUE,2021-07-10,CADMIO POTENCIALMENTE BIODISPONIBLE,,mg Cd/kg,Ideam,28375
RCA_LENGUAZAQUE_CUN_LENGUAZAQUE_BOQUERON [24017610],5.32825,-73.69972222,2590,LENGUAZAQUE,Sogamoso,2401,Río Suárez,CUNDINAMARCA,LENGUAZAQUE,2021-07-10,CARBONO ORGANICO TOTAL (COT),6.36,mg/L,Ideam,28375
RCA_LENGUAZAQUE_CUN_LENGUAZAQUE_BOQUERON [24017610],5.32825,-73.69972222,2590,LENGUAZAQUE,Sogamoso,2401,Río Suárez,CUNDINAMARCA,LENGUAZAQUE,2021-07-10,COBRE POTENCIALMENTE BIODISPONIBLE,5.17,mg Cu/kg,Ideam,28375
RCA_LENGUAZAQUE_CUN_LENGUAZAQUE_BOQUERON [24017610],5.32825,-73.69972222,2590,LENGUAZAQUE,Sogamoso,2401,Río Suárez,CUNDINAMARCA,LENGUAZAQUE,2021-07-10,CONDUCTIVIDAD ELECTRICA,152.0,µS/cm,Ideam,28375
RCA_LENGUAZAQUE_CUN_LENGUAZAQUE_BOQUERON [24017610],5.32825,-73.69972222,2590,LENGUAZAQUE,Sogamoso,2401,Río Suárez,CUNDINAMARCA,LENGUAZAQUE,2021-07-10,CROMO POTENCIALMENTE BIODISPONIBLE,4.59,mg Cr/kg,Ideam,28375
RCA_LENGUAZAQUE_CUN_LENGUAZAQUE_BOQUERON [24017610],5.32825,-73.69972222,2590,LENGUAZAQUE,Sogamoso,2401,Río Suárez,CUNDINAMARCA,LENGUAZAQUE,2021-07-10,ALUMINIO POTENCIALMENTE BIODISPONIBLE,1422.0,mg Al/kg,Ideam,28375
RCA_LENGUAZAQUE_CUN_LENGUAZAQUE_BOQUERON [24017610],5.32825,-73.69972222,2590,LENGUAZAQUE,Sogamoso,2401,Río Suárez,CUNDINAMARCA,LENGUAZAQUE,2021-07-10,FOSFORO REACTIVO DISUELTO,0.04,mg P-PO4-3/L,Ideam,28375
RCA_LENGUAZAQUE_CUN_LENGUAZAQUE_BOQUERON [24017610],5.32825,-73.69972222,2590,LENGUAZAQUE,Sogamoso,2401,Río Suárez,CUNDINAMARCA,LENGUAZAQUE,2021-07-10,DEMANDA QUIMICA DE OXIGENO (DQO),18.0,mg O2/L,Ideam,28375
RCA_LENGUAZAQUE_CUN_LENGUAZAQUE_BOQUERON [24017610],5.32825,-73.69972222,2590,LENGUAZAQUE,Sogamoso,2401,Río Suárez,CUNDINAMARCA,LENGUAZAQUE,2021-07-10,MANGANESO POTENCIALMENTE BIODISPONIBLE,129.0,mg Mn/kg,Ideam,28375
RCA_LENGUAZAQUE_CUN_LENGUAZAQUE_BOQUERON [24017610],5.32825,-73.69972222,2590,LENGUAZAQUE,Sogamoso,2401,Río Suárez,CUNDINAMARCA,LENGUAZAQUE,2021-07-10,NIQUEL POTENCIALMENTE BIODISPONIBLE,4.77,mg Ni/kg,Ideam,28375
RCA_LENGUAZAQUE_CUN_LENGUAZAQUE_BOQUERON [24017610],5.32825,-73.69972222,2590,LENGUAZAQUE,Sogamoso,2401,Río Suárez,CUNDINAMARCA,LENGUAZAQUE,2021-07-10,FOSFORO TOTAL,0.15,mg P/L,Ideam,28375
RCA_LENGUAZAQUE_CUN_LENGUAZAQUE_BOQUERON [24017610],5.32825,-73.69972222,2590,LENGUAZAQUE,Sogamoso,2401,Río Suárez,CUNDINAMARCA,LENGUAZAQUE,2021-07-10,HIERRO POTENCIALMENTE BIODISPONIBLE,5036.0,mg Fe/kg,Ideam,28375
RCA_LENGUAZAQUE_CUN_LENGUAZAQUE_BOQUERON [24017610],5.32825,-73.69972222,2590,LENGUAZAQUE,Sogamoso,2401,Río Suárez,CUNDINAMARCA,LENGUAZAQUE,2022-05-20,NITRATO,0.31,mg N-NO3-/L,Ideam,28847
RCA_LENGUAZAQUE_CUN_LENGUAZAQUE_BOQUERON [24017610],5.32825,-73.69972222,2590,LENGUAZAQUE,Sogamoso,2401,Río Suárez,CUNDINAMARCA,LENGUAZAQUE,2022-05-20,TURBIDEZ,24.0,NTU,Ideam,28847
RCA_LENGUAZAQUE_CUN_LENGUAZAQUE_BOQUERON [24017610],5.32825,-73.69972222,2590,LENGUAZAQUE,Sogamoso,2401,Río Suárez,CUNDINAMARCA,LENGUAZAQUE,2022-05-20,TEMPERATURA,14.4,°C,Ideam,28847
RCA_LENGUAZAQUE_CUN_LENGUAZAQUE_BOQUERON [24017610],5.32825,-73.69972222,2590,LENGUAZAQUE,Sogamoso,2401,Río Suárez,CUNDINAMARCA,LENGUAZAQUE,2022-05-20,ZINC POTENCIALMENTE BIODISPONIBLE,21.0,mg Zn/kg,Ideam,28847
RCA_LENGUAZAQUE_CUN_LENGUAZAQUE_BOQUERON [24017610],5.32825,-73.69972222,2590,LENGUAZAQUE,Sogamoso,2401,Río Suárez,CUNDINAMARCA,LENGUAZAQUE,2022-05-20,SOLIDOS TOTALES,117.0,mg/L,Ideam,28847
RCA_LENGUAZAQUE_CUN_LENGUAZAQUE_BOQUERON [24017610],5.32825,-73.69972222,2590,LENGUAZAQUE,Sogamoso,2401,Río Suárez,CUNDINAMARCA,LENGUAZAQUE,2022-05-20,SOLIDOS SUSPENDIDOS TOTALES,52.0,mg/L,Ideam,28847
RCA_LENGUAZAQUE_CUN_LENGUAZAQUE_BOQUERON [24017610],5.32825,-73.69972222,2590,LENGUAZAQUE,Sogamoso,2401,Río Suárez,CUNDINAMARCA,LENGUAZAQUE,2022-05-20,PLOMO POTENCIALMENTE BIODISPONIBLE,2.3,mg Pb/kg,Ideam,28847
RCA_LENGUAZAQUE_CUN_LENGUAZAQUE_BOQUERON [24017610],5.32825,-73.69972222,2590,LENGUAZAQUE,Sogamoso,2401,Río Suárez,CUNDINAMARCA,LENGUAZAQUE,2022-05-20,OXIGENO DISUELTO (OD),5.5,mg O2/L,Ideam,28847
RCA_LENGUAZAQUE_CUN_LENGUAZAQUE_BOQUERON [24017610],5.32825,-73.69972222,2590,LENGUAZAQUE,Sogamoso,2401,Río Suárez,CUNDINAMARCA,LENGUAZAQUE,2022-05-20,NITROGENO TOTAL,13.2,mg/L,Ideam,28847
RCA_LENGUAZAQUE_CUN_LENGUAZAQUE_BOQUERON [24017610],5.32825,-73.69972222,2590,LENGUAZAQUE,Sogamoso,2401,Río Suárez,CUNDINAMARCA,LENGUAZAQUE,2022-05-20,NITROGENO AMONIACAL,0.22,mg N-NH3-/L,Ideam,28847
RCA_LENGUAZAQUE_CUN_LENGUAZAQUE_BOQUERON [24017610],5.32825,-73.69972222,2590,LENGUAZAQUE,Sogamoso,2401,Río Suárez,CUNDINAMARCA,LENGUAZAQUE,2022-05-20,NITRITO,0.12,mg N-NO2-/L,Ideam,28847
RCA_LENGUAZAQUE_CUN_LENGUAZAQUE_BOQUERON [24017610],5.32825,-73.69972222,2590,LENGUAZAQUE,Sogamoso,2401,Río Suárez,CUNDINAMARCA,LENGUAZAQUE,2022-05-20,SULFATO,29.02,mg SO4-2/L,Ideam,28847
RCA_LENGUAZAQUE_CUN_LENGUAZAQUE_BOQUERON [24017610],5.32825,-73.69972222,2590,LENGUAZAQUE,Sogamoso,2401,Río Suárez,CUNDINAMARCA,LENGUAZAQUE,2022-05-20,NIQUEL POTENCIALMENTE BIODISPONIBLE,2.98,mg Ni/kg,Ideam,28847
RCA_LENGUAZAQUE_CUN_LENGUAZAQUE_BOQUERON [24017610],5.32825,-73.69972222,2590,LENGUAZAQUE,Sogamoso,2401,Río Suárez,CUNDINAMARCA,LENGUAZAQUE,2022-05-20,MANGANESO POTENCIALMENTE BIODISPONIBLE,67.5,mg Mn/kg,Ideam,28847
RCA_LENGUAZAQUE_CUN_LENGUAZAQUE_BOQUERON [24017610],5.32825,-73.69972222,2590,LENGUAZAQUE,Sogamoso,2401,Río Suárez,CUNDINAMARCA,LENGUAZAQUE,2022-05-20,HIERRO POTENCIALMENTE BIODISPONIBLE,4019.0,mg Fe/kg,Ideam,28847
RCA_LENGUAZAQUE_CUN_LENGUAZAQUE_BOQUERON [24017610],5.32825,-73.69972222,2590,LENGUAZAQUE,Sogamoso,2401,Río Suárez,CUNDINAMARCA,LENGUAZAQUE,2022-05-20,FOSFORO TOTAL,0.1,mg P/L,Ideam,28847
RCA_LENGUAZAQUE_CUN_LENGUAZAQUE_BOQUERON [24017610],5.32825,-73.69972222,2590,LENGUAZAQUE,Sogamoso,2401,Río Suárez,CUNDINAMARCA,LENGUAZAQUE,2022-05-20,FOSFORO REACTIVO DISUELTO,,mg P-PO4-3/L,Ideam,28847
RCA_LENGUAZAQUE_CUN_LENGUAZAQUE_BOQUERON [24017610],5.32825,-73.69972222,2590,LENGUAZAQUE,Sogamoso,2401,Río Suárez,CUNDINAMARCA,LENGUAZAQUE,2022-05-20,DEMANDA QUIMICA DE OXIGENO (DQO),23.0,mg O2/L,Ideam,28847
RCA_LENGUAZAQUE_CUN_LENGUAZAQUE_BOQUERON [24017610],5.32825,-73.69972222,2590,LENGUAZAQUE,Sogamoso,2401,Río Suárez,CUNDINAMARCA,LENGUAZAQUE,2022-05-20,CROMO POTENCIALMENTE BIODISPONIBLE,8.51,mg Cr/kg,Ideam,28847
RCA_LENGUAZAQUE_CUN_LENGUAZAQUE_BOQUERON [24017610],5.32825,-73.69972222,2590,LENGUAZAQUE,Sogamoso,2401,Río Suárez,CUNDINAMARCA,LENGUAZAQUE,2022-05-20,CONDUCTIVIDAD ELECTRICA,125.0,µS/cm,Ideam,28847
RCA_LENGUAZAQUE_CUN_LENGUAZAQUE_BOQUERON [24017610],5.32825,-73.69972222,2590,LENGUAZAQUE,Sogamoso,2401,Río Suárez,CUNDINAMARCA,LENGUAZAQUE,2022-05-20,COBRE POTENCIALMENTE BIODISPONIBLE,2.88,mg Cu/kg,Ideam,28847
RCA_LENGUAZAQUE_CUN_LENGUAZAQUE_BOQUERON [24017610],5.32825,-73.69972222,2590,LENGUAZAQUE,Sogamoso,2401,Río Suárez,CUNDINAMARCA,LENGUAZAQUE,2022-05-20,CARBONO ORGANICO TOTAL (COT),12.6,mg/L,Ideam,28847
RCA_LENGUAZAQUE_CUN_LENGUAZAQUE_BOQUERON [24017610],5.32825,-73.69972222,2590,LENGUAZAQUE,Sogamoso,2401,Río Suárez,CUNDINAMARCA,LENGUAZAQUE,2022-05-20,CADMIO POTENCIALMENTE BIODISPONIBLE,,mg Cd/kg,Ideam,28847
RCA_LENGUAZAQUE_CUN_LENGUAZAQUE_BOQUERON [24017610],5.32825,-73.69972222,2590,LENGUAZAQUE,Sogamoso,2401,Río Suárez,CUNDINAMARCA,LENGUAZAQUE,2022-05-20,ALUMINIO POTENCIALMENTE BIODISPONIBLE,1268.0,mg Al/kg,Ideam,28847
RCA_LENGUAZAQUE_CUN_LENGUAZAQUE_BOQUERON [24017610],5.32825,-73.69972222,2590,LENGUAZAQUE,Sogamoso,2401,Río Suárez,CUNDINAMARCA,LENGUAZAQUE,2022-05-20,MERCURIO TOTAL EN SEDIMENTOS,,mg Hg/kg,Ideam,28847
RCA_LENGUAZAQUE_CUN_LENGUAZAQUE_BOQUERON [24017610],5.32825,-73.69972222,2590,LENGUAZAQUE,Sogamoso,2401,Río Suárez,CUNDINAMARCA,LENGUAZAQUE,2022-05-26,pH,7.12,Unidades de pH,Ideam,28847
RCA_LENGUAZAQUE_CUN_LENGUAZAQUE_BOQUERON [24017610],5.32825,-73.69972222,2590,LENGUAZAQUE,Sogamoso,2401,Río Suárez,CUNDINAMARCA,LENGUAZAQUE,2023-07-20,TURBIDEZ,65.0,NTU,Ideam,29459
RCA_LENGUAZAQUE_CUN_LENGUAZAQUE_BOQUERON [24017610],5.32825,-73.69972222,2590,LENGUAZAQUE,Sogamoso,2401,Río Suárez,CUNDINAMARCA,LENGUAZAQUE,2023-07-20,TEMPERATURA,13.4,°C,Ideam,29459
RCA_LENGUAZAQUE_CUN_LENGUAZAQUE_BOQUERON [24017610],5.32825,-73.69972222,2590,LENGUAZAQUE,Sogamoso,2401,Río Suárez,CUNDINAMARCA,LENGUAZAQUE,2023-07-20,SULFATO,19.3,mg SO4-2/L,Ideam,29459
RCA_LENGUAZAQUE_CUN_LENGUAZAQUE_BOQUERON [24017610],5.32825,-73.69972222,2590,LENGUAZAQUE,Sogamoso,2401,Río Suárez,CUNDINAMARCA,LENGUAZAQUE,2023-07-20,SOLIDOS TOTALES,154.0,mg/L,Ideam,29459
RCA_LENGUAZAQUE_CUN_LENGUAZAQUE_BOQUERON [24017610],5.32825,-73.69972222,2590,LENGUAZAQUE,Sogamoso,2401,Río Suárez,CUNDINAMARCA,LENGUAZAQUE,2023-07-20,SOLIDOS SUSPENDIDOS TOTALES,68.0,mg/L,Ideam,29459
RCA_LENGUAZAQUE_CUN_LENGUAZAQUE_BOQUERON [24017610],5.32825,-73.69972222,2590,LENGUAZAQUE,Sogamoso,2401,Río Suárez,CUNDINAMARCA,LENGUAZAQUE,2023-07-20,PLOMO POTENCIALMENTE BIODISPONIBLE,,mg Pb/kg,Ideam,29459
RCA_LENGUAZAQUE_CUN_LENGUAZAQUE_BOQUERON [24017610],5.32825,-73.69972222,2590,LENGUAZAQUE,Sogamoso,2401,Río Suárez,CUNDINAMARCA,LENGUAZAQUE,2023-07-20,pH,7.2,Unidades de pH,Ideam,29459
RCA_LENGUAZAQUE_CUN_LENGUAZAQUE_BOQUERON [24017610],5.32825,-73.69972222,2590,LENGUAZAQUE,Sogamoso,2401,Río Suárez,CUNDINAMARCA,LENGUAZAQUE,2023-07-20,OXIGENO DISUELTO (OD),6.1,mg O2/L,Ideam,29459
RCA_LENGUAZAQUE_CUN_LENGUAZAQUE_BOQUERON [24017610],5.32825,-73.69972222,2590,LENGUAZAQUE,Sogamoso,2401,Río Suárez,CUNDINAMARCA,LENGUAZAQUE,2023-07-20,NITROGENO TOTAL,0.85,mg/L,Ideam,29459
RCA_LENGUAZAQUE_CUN_LENGUAZAQUE_BOQUERON [24017610],5.32825,-73.69972222,2590,LENGUAZAQUE,Sogamoso,2401,Río Suárez,CUNDINAMARCA,LENGUAZAQUE,2023-07-20,ZINC POTENCIALMENTE BIODISPONIBLE,19.6,mg Zn/kg,Ideam,29459
RCA_LENGUAZAQUE_CUN_LENGUAZAQUE_BOQUERON [24017610],5.32825,-73.69972222,2590,LENGUAZAQUE,Sogamoso,2401,Río Suárez,CUNDINAMARCA,LENGUAZAQUE,2023-07-20,NITRATO,0.272,mg N-NO3-/L,Ideam,29459
RCA_LENGUAZAQUE_CUN_LENGUAZAQUE_BOQUERON [24017610],5.32825,-73.69972222,2590,LENGUAZAQUE,Sogamoso,2401,Río Suárez,CUNDINAMARCA,LENGUAZAQUE,2023-07-20,NIQUEL POTENCIALMENTE BIODISPONIBLE,2.17,mg Ni/kg,Ideam,29459
RCA_LENGUAZAQUE_CUN_LENGUAZAQUE_BOQUERON [24017610],5.32825,-73.69972222,2590,LENGUAZAQUE,Sogamoso,2401,Río Suárez,CUNDINAMARCA,LENGUAZAQUE,2023-07-20,NITRITO,0.015,mg N-NO2-/L,Ideam,29459
RCA_LENGUAZAQUE_CUN_LENGUAZAQUE_BOQUERON [24017610],5.32825,-73.69972222,2590,LENGUAZAQUE,Sogamoso,2401,Río Suárez,CUNDINAMARCA,LENGUAZAQUE,2023-07-20,MANGANESO POTENCIALMENTE BIODISPONIBLE,87.0,mg Mn/kg,Ideam,29459
RCA_LENGUAZAQUE_CUN_LENGUAZAQUE_BOQUERON [24017610],5.32825,-73.69972222,2590,LENGUAZAQUE,Sogamoso,2401,Río Suárez,CUNDINAMARCA,LENGUAZAQUE,2023-07-20,ALUMINIO POTENCIALMENTE BIODISPONIBLE,1373.0,mg Al/kg,Ideam,29459
RCA_LENGUAZAQUE_CUN_LENGUAZAQUE_BOQUERON [24017610],5.32825,-73.69972222,2590,LENGUAZAQUE,Sogamoso,2401,Río Suárez,CUNDINAMARCA,LENGUAZAQUE,2023-07-20,CADMIO POTENCIALMENTE BIODISPONIBLE,,mg Cd/kg,Ideam,29459
RCA_LENGUAZAQUE_CUN_LENGUAZAQUE_BOQUERON [24017610],5.32825,-73.69972222,2590,LENGUAZAQUE,Sogamoso,2401,Río Suárez,CUNDINAMARCA,LENGUAZAQUE,2023-07-20,CARBONO ORGANICO TOTAL (COT),5.69,mg/L,Ideam,29459
RCA_LENGUAZAQUE_CUN_LENGUAZAQUE_BOQUERON [24017610],5.32825,-73.69972222,2590,LENGUAZAQUE,Sogamoso,2401,Río Suárez,CUNDINAMARCA,LENGUAZAQUE,2023-07-20,COBRE POTENCIALMENTE BIODISPONIBLE,3.83,mg Cu/kg,Ideam,29459
RCA_LENGUAZAQUE_CUN_LENGUAZAQUE_BOQUERON [24017610],5.32825,-73.69972222,2590,LENGUAZAQUE,Sogamoso,2401,Río Suárez,CUNDINAMARCA,LENGUAZAQUE,2023-07-20,CONDUCTIVIDAD ELECTRICA,105.0,µS/cm,Ideam,29459
RCA_LENGUAZAQUE_CUN_LENGUAZAQUE_BOQUERON [24017610],5.32825,-73.69972222,2590,LENGUAZAQUE,Sogamoso,2401,Río Suárez,CUNDINAMARCA,LENGUAZAQUE,2023-07-20,MERCURIO TOTAL EN SEDIMENTOS,,mg Hg/kg,Ideam,29459
RCA_LENGUAZAQUE_CUN_LENGUAZAQUE_BOQUERON [24017610],5.32825,-73.69972222,2590,LENGUAZAQUE,Sogamoso,2401,Río Suárez,CUNDINAMARCA,LENGUAZAQUE,2023-07-20,DEMANDA QUIMICA DE OXIGENO (DQO),24.0,mg O2/L,Ideam,29459
RCA_LENGUAZAQUE_CUN_LENGUAZAQUE_BOQUERON [24017610],5.32825,-73.69972222,2590,LENGUAZAQUE,Sogamoso,2401,Río Suárez,CUNDINAMARCA,LENGUAZAQUE,2023-07-20,FOSFORO REACTIVO DISUELTO,,mg P-PO4-3/L,Ideam,29459
RCA_LENGUAZAQUE_CUN_LENGUAZAQUE_BOQUERON [24017610],5.32825,-73.69972222,2590,LENGUAZAQUE,Sogamoso,2401,Río Suárez,CUNDINAMARCA,LENGUAZAQUE,2023-07-20,FOSFORO TOTAL,0.17,mg P/L,Ideam,29459
RCA_LENGUAZAQUE_CUN_LENGUAZAQUE_BOQUERON [24017610],5.32825,-73.69972222,2590,LENGUAZAQUE,Sogamoso,2401,Río Suárez,CUNDINAMARCA,LENGUAZAQUE,2023-07-20,HIERRO POTENCIALMENTE BIODISPONIBLE,3951.0,mg Fe/kg,Ideam,29459
RCA_LENGUAZAQUE_CUN_LENGUAZAQUE_BOQUERON [24017610],5.32825,-73.69972222,2590,LENGUAZAQUE,Sogamoso,2401,Río Suárez,CUNDINAMARCA,LENGUAZAQUE,2023-07-20,CROMO POTENCIALMENTE BIODISPONIBLE,2.46,mg Cr/kg,Ideam,29459
RCA_LENGUAZAQUE_CUN_LENGUAZAQUE_BOQUERON [24017610],5.32825,-73.69972222,2590,LENGUAZAQUE,Sogamoso,2401,Río Suárez,CUNDINAMARCA,LENGUAZAQUE,2023-09-05,NITROGENO TOTAL,0.92,mg/L,Ideam,29514
RCA_LENGUAZAQUE_CUN_LENGUAZAQUE_BOQUERON [24017610],5.32825,-73.69972222,2590,LENGUAZAQUE,Sogamoso,2401,Río Suárez,CUNDINAMARCA,LENGUAZAQUE,2023-09-05,OXIGENO DISUELTO (OD),5.4,mg O2/L,Ideam,29514
RCA_LENGUAZAQUE_CUN_LENGUAZAQUE_BOQUERON [24017610],5.32825,-73.69972222,2590,LENGUAZAQUE,Sogamoso,2401,Río Suárez,CUNDINAMARCA,LENGUAZAQUE,2023-09-05,pH,7.57,Unidades de pH,Ideam,29514
RCA_LENGUAZAQUE_CUN_LENGUAZAQUE_BOQUERON [24017610],5.32825,-73.69972222,2590,LENGUAZAQUE,Sogamoso,2401,Río Suárez,CUNDINAMARCA,LENGUAZAQUE,2023-09-05,PLOMO POTENCIALMENTE BIODISPONIBLE,1.93,mg Pb/kg,Ideam,29514
RCA_LENGUAZAQUE_CUN_LENGUAZAQUE_BOQUERON [24017610],5.32825,-73.69972222,2590,LENGUAZAQUE,Sogamoso,2401,Río Suárez,CUNDINAMARCA,LENGUAZAQUE,2023-09-05,SOLIDOS SUSPENDIDOS TOTALES,12.0,mg/L,Ideam,29514
RCA_LENGUAZAQUE_CUN_LENGUAZAQUE_BOQUERON [24017610],5.32825,-73.69972222,2590,LENGUAZAQUE,Sogamoso,2401,Río Suárez,CUNDINAMARCA,LENGUAZAQUE,2023-09-05,SULFATO,17.7,mg SO4-2/L,Ideam,29514
RCA_LENGUAZAQUE_CUN_LENGUAZAQUE_BOQUERON [24017610],5.32825,-73.69972222,2590,LENGUAZAQUE,Sogamoso,2401,Río Suárez,CUNDINAMARCA,LENGUAZAQUE,2023-09-05,TEMPERATURA,13.8,°C,Ideam,29514
RCA_LENGUAZAQUE_CUN_LENGUAZAQUE_BOQUERON [24017610],5.32825,-73.69972222,2590,LENGUAZAQUE,Sogamoso,2401,Río Suárez,CUNDINAMARCA,LENGUAZAQUE,2023-09-05,TURBIDEZ,17.0,NTU,Ideam,29514
RCA_LENGUAZAQUE_CUN_LENGUAZAQUE_BOQUERON [24017610],5.32825,-73.69972222,2590,LENGUAZAQUE,Sogamoso,2401,Río Suárez,CUNDINAMARCA,LENGUAZAQUE,2023-09-05,ZINC POTENCIALMENTE BIODISPONIBLE,23.2,mg Zn/kg,Ideam,29514
RCA_LENGUAZAQUE_CUN_LENGUAZAQUE_BOQUERON [24017610],5.32825,-73.69972222,2590,LENGUAZAQUE,Sogamoso,2401,Río Suárez,CUNDINAMARCA,LENGUAZAQUE,2023-09-05,NITRITO,0.019,mg N-NO2-/L,Ideam,29514
RCA_LENGUAZAQUE_CUN_LENGUAZAQUE_BOQUERON [24017610],5.32825,-73.69972222,2590,LENGUAZAQUE,Sogamoso,2401,Río Suárez,CUNDINAMARCA,LENGUAZAQUE,2023-09-05,SOLIDOS TOTALES,104.0,mg/L,Ideam,29514
RCA_LENGUAZAQUE_CUN_LENGUAZAQUE_BOQUERON [24017610],5.32825,-73.69972222,2590,LENGUAZAQUE,Sogamoso,2401,Río Suárez,CUNDINAMARCA,LENGUAZAQUE,2023-09-05,NITRATO,0.398,mg N-NO3-/L,Ideam,29514
RCA_LENGUAZAQUE_CUN_LENGUAZAQUE_BOQUERON [24017610],5.32825,-73.69972222,2590,LENGUAZAQUE,Sogamoso,2401,Río Suárez,CUNDINAMARCA,LENGUAZAQUE,2023-09-05,NIQUEL POTENCIALMENTE BIODISPONIBLE,2.46,mg Ni/kg,Ideam,29514
RCA_LENGUAZAQUE_CUN_LENGUAZAQUE_BOQUERON [24017610],5.32825,-73.69972222,2590,LENGUAZAQUE,Sogamoso,2401,Río Suárez,CUNDINAMARCA,LENGUAZAQUE,2023-09-05,MERCURIO TOTAL EN SEDIMENTOS,,mg Hg/kg,Ideam,29514
RCA_LENGUAZAQUE_CUN_LENGUAZAQUE_BOQUERON [24017610],5.32825,-73.69972222,2590,LENGUAZAQUE,Sogamoso,2401,Río Suárez,CUNDINAMARCA,LENGUAZAQUE,2023-09-05,ALUMINIO POTENCIALMENTE BIODISPONIBLE,913.4,mg Al/kg,Ideam,29514
RCA_LENGUAZAQUE_CUN_LENGUAZAQUE_BOQUERON [24017610],5.32825,-73.69972222,2590,LENGUAZAQUE,Sogamoso,2401,Río Suárez,CUNDINAMARCA,LENGUAZAQUE,2023-09-05,CADMIO POTENCIALMENTE BIODISPONIBLE,,mg Cd/kg,Ideam,29514
RCA_LENGUAZAQUE_CUN_LENGUAZAQUE_BOQUERON [24017610],5.32825,-73.69972222,2590,LENGUAZAQUE,Sogamoso,2401,Río Suárez,CUNDINAMARCA,LENGUAZAQUE,2023-09-05,CARBONO ORGANICO TOTAL (COT),4.32,mg/L,Ideam,29514
RCA_LENGUAZAQUE_CUN_LENGUAZAQUE_BOQUERON [24017610],5.32825,-73.69972222,2590,LENGUAZAQUE,Sogamoso,2401,Río Suárez,CUNDINAMARCA,LENGUAZAQUE,2023-09-05,CONDUCTIVIDAD ELECTRICA,15.0,µS/cm,Ideam,29514
RCA_LENGUAZAQUE_CUN_LENGUAZAQUE_BOQUERON [24017610],5.32825,-73.69972222,2590,LENGUAZAQUE,Sogamoso,2401,Río Suárez,CUNDINAMARCA,LENGUAZAQUE,2023-09-05,CROMO POTENCIALMENTE BIODISPONIBLE,1.93,mg Cr/kg,Ideam,29514
RCA_LENGUAZAQUE_CUN_LENGUAZAQUE_BOQUERON [24017610],5.32825,-73.69972222,2590,LENGUAZAQUE,Sogamoso,2401,Río Suárez,CUNDINAMARCA,LENGUAZAQUE,2023-09-05,COBRE POTENCIALMENTE BIODISPONIBLE,3.35,mg Cu/kg,Ideam,29514
RCA_LENGUAZAQUE_CUN_LENGUAZAQUE_BOQUERON [24017610],5.32825,-73.69972222,2590,LENGUAZAQUE,Sogamoso,2401,Río Suárez,CUNDINAMARCA,LENGUAZAQUE,2023-09-05,FOSFORO REACTIVO DISUELTO,,mg P-PO4-3/L,Ideam,29514
RCA_LENGUAZAQUE_CUN_LENGUAZAQUE_BOQUERON [24017610],5.32825,-73.69972222,2590,LENGUAZAQUE,Sogamoso,2401,Río Suárez,CUNDINAMARCA,LENGUAZAQUE,2023-09-05,FOSFORO TOTAL,0.097,mg P/L,Ideam,29514
RCA_LENGUAZAQUE_CUN_LENGUAZAQUE_BOQUERON [24017610],5.32825,-73.69972222,2590,LENGUAZAQUE,Sogamoso,2401,Río Suárez,CUNDINAMARCA,LENGUAZAQUE,2023-09-05,HIERRO POTENCIALMENTE BIODISPONIBLE,3243.0,mg Fe/kg,Ideam,29514
RCA_LENGUAZAQUE_CUN_LENGUAZAQUE_BOQUERON [24017610],5.32825,-73.69972222,2590,LENGUAZAQUE,Sogamoso,2401,Río Suárez,CUNDINAMARCA,LENGUAZAQUE,2023-09-05,MANGANESO POTENCIALMENTE BIODISPONIBLE,71.3,mg Mn/kg,Ideam,29514
RCA_LENGUAZAQUE_CUN_LENGUAZAQUE_BOQUERON [24017610],5.32825,-73.69972222,2590,LENGUAZAQUE,Sogamoso,2401,Río Suárez,CUNDINAMARCA,LENGUAZAQUE,2023-09-05,DEMANDA QUIMICA DE OXIGENO (DQO),20.0,mg O2/L,Ideam,29514
RCA_LENGUAZAQUE_CUN_LENGUAZAQUE_BOQUERON [24017610],5.32825,-73.69972222,2590,LENGUAZAQUE,Sogamoso,2401,Río Suárez,CUNDINAMARCA,LENGUAZAQUE,2024-03-18,ZINC POTENCIALMENTE BIODISPONIBLE,35.2,mg Zn/kg,Ideam,29762
RCA_LENGUAZAQUE_CUN_LENGUAZAQUE_BOQUERON [24017610],5.32825,-73.69972222,2590,LENGUAZAQUE,Sogamoso,2401,Río Suárez,CUNDINAMARCA,LENGUAZAQUE,2024-03-18,NITROGENO AMONIACAL,3.5,mg N-NH3-/L,Ideam,29762
RCA_LENGUAZAQUE_CUN_LENGUAZAQUE_BOQUERON [24017610],5.32825,-73.69972222,2590,LENGUAZAQUE,Sogamoso,2401,Río Suárez,CUNDINAMARCA,LENGUAZAQUE,2024-03-18,NITROGENO TOTAL,2.95,mg/L,Ideam,29762
RCA_LENGUAZAQUE_CUN_LENGUAZAQUE_BOQUERON [24017610],5.32825,-73.69972222,2590,LENGUAZAQUE,Sogamoso,2401,Río Suárez,CUNDINAMARCA,LENGUAZAQUE,2024-03-18,OXIGENO DISUELTO (OD),2.6,mg O2/L,Ideam,29762
RCA_LENGUAZAQUE_CUN_LENGUAZAQUE_BOQUERON [24017610],5.32825,-73.69972222,2590,LENGUAZAQUE,Sogamoso,2401,Río Suárez,CUNDINAMARCA,LENGUAZAQUE,2024-03-18,pH,7.56,Unidades de pH,Ideam,29762
RCA_LENGUAZAQUE_CUN_LENGUAZAQUE_BOQUERON [24017610],5.32825,-73.69972222,2590,LENGUAZAQUE,Sogamoso,2401,Río Suárez,CUNDINAMARCA,LENGUAZAQUE,2024-03-18,TURBIDEZ,11.0,NTU,Ideam,29762
RCA_LENGUAZAQUE_CUN_LENGUAZAQUE_BOQUERON [24017610],5.32825,-73.69972222,2590,LENGUAZAQUE,Sogamoso,2401,Río Suárez,CUNDINAMARCA,LENGUAZAQUE,2024-03-18,SOLIDOS SUSPENDIDOS TOTALES,12.0,mg/L,Ideam,29762
RCA_LENGUAZAQUE_CUN_LENGUAZAQUE_BOQUERON [24017610],5.32825,-73.69972222,2590,LENGUAZAQUE,Sogamoso,2401,Río Suárez,CUNDINAMARCA,LENGUAZAQUE,2024-03-18,SOLIDOS TOTALES,105.0,mg/L,Ideam,29762
RCA_LENGUAZAQUE_CUN_LENGUAZAQUE_BOQUERON [24017610],5.32825,-73.69972222,2590,LENGUAZAQUE,Sogamoso,2401,Río Suárez,CUNDINAMARCA,LENGUAZAQUE,2024-03-18,SULFATO,17.7,mg SO4-2/L,Ideam,29762
RCA_LENGUAZAQUE_CUN_LENGUAZAQUE_BOQUERON [24017610],5.32825,-73.69972222,2590,LENGUAZAQUE,Sogamoso,2401,Río Suárez,CUNDINAMARCA,LENGUAZAQUE,2024-03-18,TEMPERATURA,16.4,°C,Ideam,29762
RCA_LENGUAZAQUE_CUN_LENGUAZAQUE_BOQUERON [24017610],5.32825,-73.69972222,2590,LENGUAZAQUE,Sogamoso,2401,Río Suárez,CUNDINAMARCA,LENGUAZAQUE,2024-03-18,NITRITO,0.0091,mg N-NO2-/L,Ideam,29762
RCA_LENGUAZAQUE_CUN_LENGUAZAQUE_BOQUERON [24017610],5.32825,-73.69972222,2590,LENGUAZAQUE,Sogamoso,2401,Río Suárez,CUNDINAMARCA,LENGUAZAQUE,2024-03-18,PLOMO POTENCIALMENTE BIODISPONIBLE,4.36,mg Pb/kg,Ideam,29762
RCA_LENGUAZAQUE_CUN_LENGUAZAQUE_BOQUERON [24017610],5.32825,-73.69972222,2590,LENGUAZAQUE,Sogamoso,2401,Río Suárez,CUNDINAMARCA,LENGUAZAQUE,2024-03-18,NITRATO,0.087,mg N-NO3-/L,Ideam,29762
RCA_LENGUAZAQUE_CUN_LENGUAZAQUE_BOQUERON [24017610],5.32825,-73.69972222,2590,LENGUAZAQUE,Sogamoso,2401,Río Suárez,CUNDINAMARCA,LENGUAZAQUE,2024-03-18,FOSFORO REACTIVO DISUELTO,0.18,mg P-PO4-3/L,Ideam,29762
RCA_LENGUAZAQUE_CUN_LENGUAZAQUE_BOQUERON [24017610],5.32825,-73.69972222,2590,LENGUAZAQUE,Sogamoso,2401,Río Suárez,CUNDINAMARCA,LENGUAZAQUE,2024-03-18,MERCURIO TOTAL EN SEDIMENTOS,,mg Hg/kg,Ideam,29762
RCA_LENGUAZAQUE_CUN_LENGUAZAQUE_BOQUERON [24017610],5.32825,-73.69972222,2590,LENGUAZAQUE,Sogamoso,2401,Río Suárez,CUNDINAMARCA,LENGUAZAQUE,2024-03-18,MANGANESO POTENCIALMENTE BIODISPONIBLE,123.0,mg Mn/kg,Ideam,29762
RCA_LENGUAZAQUE_CUN_LENGUAZAQUE_BOQUERON [24017610],5.32825,-73.69972222,2590,LENGUAZAQUE,Sogamoso,2401,Río Suárez,CUNDINAMARCA,LENGUAZAQUE,2024-03-18,HIERRO POTENCIALMENTE BIODISPONIBLE,6339.0,mg Fe/kg,Ideam,29762
RCA_LENGUAZAQUE_CUN_LENGUAZAQUE_BOQUERON [24017610],5.32825,-73.69972222,2590,LENGUAZAQUE,Sogamoso,2401,Río Suárez,CUNDINAMARCA,LENGUAZAQUE,2024-03-18,FOSFORO TOTAL,0.5,mg P/L,Ideam,29762
RCA_LENGUAZAQUE_CUN_LENGUAZAQUE_BOQUERON [24017610],5.32825,-73.69972222,2590,LENGUAZAQUE,Sogamoso,2401,Río Suárez,CUNDINAMARCA,LENGUAZAQUE,2024-03-18,DEMANDA QUIMICA DE OXIGENO (DQO),27.0,mg O2/L,Ideam,29762
RCA_LENGUAZAQUE_CUN_LENGUAZAQUE_BOQUERON [24017610],5.32825,-73.69972222,2590,LENGUAZAQUE,Sogamoso,2401,Río Suárez,CUNDINAMARCA,LENGUAZAQUE,2024-03-18,CROMO POTENCIALMENTE BIODISPONIBLE,3.86,mg Cr/kg,Ideam,29762
RCA_LENGUAZAQUE_CUN_LENGUAZAQUE_BOQUERON [24017610],5.32825,-73.69972222,2590,LENGUAZAQUE,Sogamoso,2401,Río Suárez,CUNDINAMARCA,LENGUAZAQUE,2024-03-18,CONDUCTIVIDAD ELECTRICA,173.0,µS/cm,Ideam,29762
RCA_LENGUAZAQUE_CUN_LENGUAZAQUE_BOQUERON [24017610],5.32825,-73.69972222,2590,LENGUAZAQUE,Sogamoso,2401,Río Suárez,CUNDINAMARCA,LENGUAZAQUE,2024-03-18,COBRE POTENCIALMENTE BIODISPONIBLE,1.41,mg Cu/kg,Ideam,29762
RCA_LENGUAZAQUE_CUN_LENGUAZAQUE_BOQUERON [24017610],5.32825,-73.69972222,2590,LENGUAZAQUE,Sogamoso,2401,Río Suárez,CUNDINAMARCA,LENGUAZAQUE,2024-03-18,CARBONO ORGANICO TOTAL (COT),5.82,mg/L,Ideam,29762
RCA_LENGUAZAQUE_CUN_LENGUAZAQUE_BOQUERON [24017610],5.32825,-73.69972222,2590,LENGUAZAQUE,Sogamoso,2401,Río Suárez,CUNDINAMARCA,LENGUAZAQUE,2024-03-18,CADMIO POTENCIALMENTE BIODISPONIBLE,,mg Cd/kg,Ideam,29762
RCA_LENGUAZAQUE_CUN_LENGUAZAQUE_BOQUERON [24017610],5.32825,-73.69972222,2590,LENGUAZAQUE,Sogamoso,2401,Río Suárez,CUNDINAMARCA,LENGUAZAQUE,2024-03-18,ALUMINIO POTENCIALMENTE BIODISPONIBLE,1973.0,mg Al/kg,Ideam,29762
RCA_LENGUAZAQUE_CUN_LENGUAZAQUE_BOQUERON [24017610],5.32825,-73.69972222,2590,LENGUAZAQUE,Sogamoso,2401,Río Suárez,CUNDINAMARCA,LENGUAZAQUE,2024-03-18,NIQUEL POTENCIALMENTE BIODISPONIBLE,4.36,mg Ni/kg,Ideam,29762
RCA_LENGUAZAQUE_CUN_LENGUAZAQUE_BOQUERON [24017610],5.32825,-73.69972222,2590,LENGUAZAQUE,Sogamoso,2401,Río Suárez,CUNDINAMARCA,LENGUAZAQUE,2024-06-24,TURBIDEZ,65.0,NTU,Ideam,29890
RCA_LENGUAZAQUE_CUN_LENGUAZAQUE_BOQUERON [24017610],5.32825,-73.69972222,2590,LENGUAZAQUE,Sogamoso,2401,Río Suárez,CUNDINAMARCA,LENGUAZAQUE,2024-06-24,ZINC POTENCIALMENTE BIODISPONIBLE,38.06,mg Zn/kg,Ideam,29890
RCA_LENGUAZAQUE_CUN_LENGUAZAQUE_BOQUERON [24017610],5.32825,-73.69972222,2590,LENGUAZAQUE,Sogamoso,2401,Río Suárez,CUNDINAMARCA,LENGUAZAQUE,2024-06-24,MANGANESO POTENCIALMENTE BIODISPONIBLE,95.21,mg Mn/kg,Ideam,29890
RCA_LENGUAZAQUE_CUN_LENGUAZAQUE_BOQUERON [24017610],5.32825,-73.69972222,2590,LENGUAZAQUE,Sogamoso,2401,Río Suárez,CUNDINAMARCA,LENGUAZAQUE,2024-06-24,FOSFORO REACTIVO DISUELTO,,mg P-PO4-3/L,Ideam,29890
RCA_LENGUAZAQUE_CUN_LENGUAZAQUE_BOQUERON [24017610],5.32825,-73.69972222,2590,LENGUAZAQUE,Sogamoso,2401,Río Suárez,CUNDINAMARCA,LENGUAZAQUE,2024-06-24,CONDUCTIVIDAD ELECTRICA,142.0,µS/cm,Ideam,29890
RCA_LENGUAZAQUE_CUN_LENGUAZAQUE_BOQUERON [24017610],5.32825,-73.69972222,2590,LENGUAZAQUE,Sogamoso,2401,Río Suárez,CUNDINAMARCA,LENGUAZAQUE,2024-06-24,NITROGENO TOTAL,0.69,mg/L,Ideam,29890
RCA_LENGUAZAQUE_CUN_LENGUAZAQUE_BOQUERON [24017610],5.32825,-73.69972222,2590,LENGUAZAQUE,Sogamoso,2401,Río Suárez,CUNDINAMARCA,LENGUAZAQUE,2024-06-24,SOLIDOS TOTALES,172.0,mg/L,Ideam,29890
RCA_LENGUAZAQUE_CUN_LENGUAZAQUE_BOQUERON [24017610],5.32825,-73.69972222,2590,LENGUAZAQUE,Sogamoso,2401,Río Suárez,CUNDINAMARCA,LENGUAZAQUE,2024-06-24,CARBONO ORGANICO TOTAL (COT),6.72,mg/L,Ideam,29890
RCA_LENGUAZAQUE_CUN_LENGUAZAQUE_BOQUERON [24017610],5.32825,-73.69972222,2590,LENGUAZAQUE,Sogamoso,2401,Río Suárez,CUNDINAMARCA,LENGUAZAQUE,2024-06-24,CROMO POTENCIALMENTE BIODISPONIBLE,2.57,mg Cr/kg,Ideam,29890
RCA_LENGUAZAQUE_CUN_LENGUAZAQUE_BOQUERON [24017610],5.32825,-73.69972222,2590,LENGUAZAQUE,Sogamoso,2401,Río Suárez,CUNDINAMARCA,LENGUAZAQUE,2024-06-24,SOLIDOS SUSPENDIDOS TOTALES,71.0,mg/L,Ideam,29890
RCA_LENGUAZAQUE_CUN_LENGUAZAQUE_BOQUERON [24017610],5.32825,-73.69972222,2590,LENGUAZAQUE,Sogamoso,2401,Río Suárez,CUNDINAMARCA,LENGUAZAQUE,2024-06-24,SULFATO,20.911,mg SO4-2/L,Ideam,29890
RCA_LENGUAZAQUE_CUN_LENGUAZAQUE_BOQUERON [24017610],5.32825,-73.69972222,2590,LENGUAZAQUE,Sogamoso,2401,Río Suárez,CUNDINAMARCA,LENGUAZAQUE,2024-06-24,ALUMINIO POTENCIALMENTE BIODISPONIBLE,1377.0,mg Al/kg,Ideam,29890
RCA_LENGUAZAQUE_CUN_LENGUAZAQUE_BOQUERON [24017610],5.32825,-73.69972222,2590,LENGUAZAQUE,Sogamoso,2401,Río Suárez,CUNDINAMARCA,LENGUAZAQUE,2024-06-24,CADMIO POTENCIALMENTE BIODISPONIBLE,,mg Cd/kg,Ideam,29890
RCA_LENGUAZAQUE_CUN_LENGUAZAQUE_BOQUERON [24017610],5.32825,-73.69972222,2590,LENGUAZAQUE,Sogamoso,2401,Río Suárez,CUNDINAMARCA,LENGUAZAQUE,2024-06-24,TEMPERATURA,14.4,°C,Ideam,29890
RCA_LENGUAZAQUE_CUN_LENGUAZAQUE_BOQUERON [24017610],5.32825,-73.69972222,2590,LENGUAZAQUE,Sogamoso,2401,Río Suárez,CUNDINAMARCA,LENGUAZAQUE,2024-06-24,HIERRO POTENCIALMENTE BIODISPONIBLE,5075.0,mg Fe/kg,Ideam,29890
RCA_LENGUAZAQUE_CUN_LENGUAZAQUE_BOQUERON [24017610],5.32825,-73.69972222,2590,LENGUAZAQUE,Sogamoso,2401,Río Suárez,CUNDINAMARCA,LENGUAZAQUE,2024-06-24,MERCURIO TOTAL EN SEDIMENTOS,,mg Hg/kg,Ideam,29890
RCA_LENGUAZAQUE_CUN_LENGUAZAQUE_BOQUERON [24017610],5.32825,-73.69972222,2590,LENGUAZAQUE,Sogamoso,2401,Río Suárez,CUNDINAMARCA,LENGUAZAQUE,2024-06-24,PLOMO POTENCIALMENTE BIODISPONIBLE,4.41,mg Pb/kg,Ideam,29890
RCA_LENGUAZAQUE_CUN_LENGUAZAQUE_BOQUERON [24017610],5.32825,-73.69972222,2590,LENGUAZAQUE,Sogamoso,2401,Río Suárez,CUNDINAMARCA,LENGUAZAQUE,2024-06-24,OXIGENO DISUELTO (OD),6.1,mg O2/L,Ideam,29890
RCA_LENGUAZAQUE_CUN_LENGUAZAQUE_BOQUERON [24017610],5.32825,-73.69972222,2590,LENGUAZAQUE,Sogamoso,2401,Río Suárez,CUNDINAMARCA,LENGUAZAQUE,2024-06-24,NIQUEL POTENCIALMENTE BIODISPONIBLE,2.8,mg Ni/kg,Ideam,29890
RCA_LENGUAZAQUE_CUN_LENGUAZAQUE_BOQUERON [24017610],5.32825,-73.69972222,2590,LENGUAZAQUE,Sogamoso,2401,Río Suárez,CUNDINAMARCA,LENGUAZAQUE,2024-06-24,COBRE POTENCIALMENTE BIODISPONIBLE,4.68,mg Cu/kg,Ideam,29890
RCA_LENGUAZAQUE_CUN_LENGUAZAQUE_BOQUERON [24017610],5.32825,-73.69972222,2590,LENGUAZAQUE,Sogamoso,2401,Río Suárez,CUNDINAMARCA,LENGUAZAQUE,2024-06-24,pH,6.78,Unidades de pH,Ideam,29890
RCA_LENGUAZAQUE_CUN_LENGUAZAQUE_BOQUERON [24017610],5.32825,-73.69972222,2590,LENGUAZAQUE,Sogamoso,2401,Río Suárez,CUNDINAMARCA,LENGUAZAQUE,2024-06-24,NITRITO,0.024,mg N-NO2-/L,Ideam,29890
RCA_LENGUAZAQUE_CUN_LENGUAZAQUE_BOQUERON [24017610],5.32825,-73.69972222,2590,LENGUAZAQUE,Sogamoso,2401,Río Suárez,CUNDINAMARCA,LENGUAZAQUE,2024-06-24,FOSFORO TOTAL,0.19,mg P/L,Ideam,29890
RCA_LENGUAZAQUE_CUN_LENGUAZAQUE_BOQUERON [24017610],5.32825,-73.69972222,2590,LENGUAZAQUE,Sogamoso,2401,Río Suárez,CUNDINAMARCA,LENGUAZAQUE,2024-06-24,DEMANDA QUIMICA DE OXIGENO (DQO),28.0,mg O2/L,Ideam,29890
RCA_LENGUAZAQUE_CUN_LENGUAZAQUE_BOQUERON [24017610],5.32825,-73.69972222,2590,LENGUAZAQUE,Sogamoso,2401,Río Suárez,CUNDINAMARCA,LENGUAZAQUE,2024-06-24,NITROGENO AMONIACAL,0.19,mg N-NH3-/L,Ideam,29890
RCA_LENGUAZAQUE_CUN_LENGUAZAQUE_BOQUERON [24017610],5.32825,-73.69972222,2590,LENGUAZAQUE,Sogamoso,2401,Río Suárez,CUNDINAMARCA,LENGUAZAQUE,2024-06-24,NITRATO,0.304,mg N-NO3-/L,Ideam,29890
